model,precision,phase,tokens,operator,arithmetic,calls,flops
TinyStories-Instruct-1M,fp32,prefill,1,Linear (lm_head),fp32,1,6432896
TinyStories-Instruct-1M,fp32,prefill,1,Linear,fp32,48,789504
TinyStories-Instruct-1M,fp32,prefill,1,GELU,fp32,8,18432
TinyStories-Instruct-1M,fp32,prefill,1,LayerNorm,fp32,17,6596
TinyStories-Instruct-1M,fp32,prefill,1,GroupedQueryAttention,fp32,8,2176
TinyStories-Instruct-1M,fp32,prefill,1,Softmax,fp32,8,640
TinyStories-Instruct-1M,fp32,prefill,1,Embedding,fp32,2,0
TinyStories-Instruct-1M,bf16,prefill,1,Linear (lm_head),bf16,1,6432896
TinyStories-Instruct-1M,bf16,prefill,1,Linear,bf16,48,789504
TinyStories-Instruct-1M,bf16,prefill,1,GELU,bf16,8,18432
TinyStories-Instruct-1M,bf16,prefill,1,LayerNorm,bf16,17,6596
TinyStories-Instruct-1M,bf16,prefill,1,GroupedQueryAttention,bf16,8,2176
TinyStories-Instruct-1M,bf16,prefill,1,Softmax,bf16,8,640
TinyStories-Instruct-1M,bf16,prefill,1,Embedding,bf16,2,0
TinyStories-Instruct-1M,int8,prefill,1,Linear (lm_head),fp32,1,6432896
TinyStories-Instruct-1M,int8,prefill,1,Linear,int8,48,789504
TinyStories-Instruct-1M,int8,prefill,1,Quantize,fp32,48,18432
TinyStories-Instruct-1M,int8,prefill,1,GELU,fp32,8,18432
TinyStories-Instruct-1M,int8,prefill,1,Dequantize,fp32,48,9216
TinyStories-Instruct-1M,int8,prefill,1,LayerNorm,fp32,17,6596
TinyStories-Instruct-1M,int8,prefill,1,GroupedQueryAttention,fp32,8,2176
TinyStories-Instruct-1M,int8,prefill,1,Softmax,fp32,8,640
TinyStories-Instruct-1M,int8,prefill,1,Embedding,fp32,2,0
TinyStories-Instruct-1M,int4,prefill,1,Linear (lm_head),fp32,1,6432896
TinyStories-Instruct-1M,int4,prefill,1,Linear,fp32,48,789504
TinyStories-Instruct-1M,int4,prefill,1,Dequantize,fp32,48,393216
TinyStories-Instruct-1M,int4,prefill,1,GELU,fp32,8,18432
TinyStories-Instruct-1M,int4,prefill,1,LayerNorm,fp32,17,6596
TinyStories-Instruct-1M,int4,prefill,1,GroupedQueryAttention,fp32,8,2176
TinyStories-Instruct-1M,int4,prefill,1,Softmax,fp32,8,640
TinyStories-Instruct-1M,int4,prefill,1,Embedding,fp32,2,0
TinyStories-Instruct-1M,fp32,prefill,2,Linear (lm_head),fp32,1,12865792
TinyStories-Instruct-1M,fp32,prefill,2,Linear,fp32,48,1579008
TinyStories-Instruct-1M,fp32,prefill,2,GELU,fp32,8,36864
TinyStories-Instruct-1M,fp32,prefill,2,LayerNorm,fp32,17,13192
TinyStories-Instruct-1M,fp32,prefill,2,GroupedQueryAttention,fp32,8,8704
TinyStories-Instruct-1M,fp32,prefill,2,Softmax,fp32,8,2560
TinyStories-Instruct-1M,fp32,prefill,2,Embedding,fp32,2,0
TinyStories-Instruct-1M,bf16,prefill,2,Linear (lm_head),bf16,1,12865792
TinyStories-Instruct-1M,bf16,prefill,2,Linear,bf16,48,1579008
TinyStories-Instruct-1M,bf16,prefill,2,GELU,bf16,8,36864
TinyStories-Instruct-1M,bf16,prefill,2,LayerNorm,bf16,17,13192
TinyStories-Instruct-1M,bf16,prefill,2,GroupedQueryAttention,bf16,8,8704
TinyStories-Instruct-1M,bf16,prefill,2,Softmax,bf16,8,2560
TinyStories-Instruct-1M,bf16,prefill,2,Embedding,bf16,2,0
TinyStories-Instruct-1M,int8,prefill,2,Linear (lm_head),fp32,1,12865792
TinyStories-Instruct-1M,int8,prefill,2,Linear,int8,48,1579008
TinyStories-Instruct-1M,int8,prefill,2,Quantize,fp32,48,36864
TinyStories-Instruct-1M,int8,prefill,2,GELU,fp32,8,36864
TinyStories-Instruct-1M,int8,prefill,2,Dequantize,fp32,48,18432
TinyStories-Instruct-1M,int8,prefill,2,LayerNorm,fp32,17,13192
TinyStories-Instruct-1M,int8,prefill,2,GroupedQueryAttention,fp32,8,8704
TinyStories-Instruct-1M,int8,prefill,2,Softmax,fp32,8,2560
TinyStories-Instruct-1M,int8,prefill,2,Embedding,fp32,2,0
TinyStories-Instruct-1M,int4,prefill,2,Linear (lm_head),fp32,1,12865792
TinyStories-Instruct-1M,int4,prefill,2,Linear,fp32,48,1579008
TinyStories-Instruct-1M,int4,prefill,2,Dequantize,fp32,48,393216
TinyStories-Instruct-1M,int4,prefill,2,GELU,fp32,8,36864
TinyStories-Instruct-1M,int4,prefill,2,LayerNorm,fp32,17,13192
TinyStories-Instruct-1M,int4,prefill,2,GroupedQueryAttention,fp32,8,8704
TinyStories-Instruct-1M,int4,prefill,2,Softmax,fp32,8,2560
TinyStories-Instruct-1M,int4,prefill,2,Embedding,fp32,2,0
TinyStories-Instruct-1M,fp32,prefill,4,Linear (lm_head),fp32,1,25731584
TinyStories-Instruct-1M,fp32,prefill,4,Linear,fp32,48,3158016
TinyStories-Instruct-1M,fp32,prefill,4,GELU,fp32,8,73728
TinyStories-Instruct-1M,fp32,prefill,4,GroupedQueryAttention,fp32,8,34816
TinyStories-Instruct-1M,fp32,prefill,4,LayerNorm,fp32,17,26384
TinyStories-Instruct-1M,fp32,prefill,4,Softmax,fp32,8,10240
TinyStories-Instruct-1M,fp32,prefill,4,Embedding,fp32,2,0
TinyStories-Instruct-1M,bf16,prefill,4,Linear (lm_head),bf16,1,25731584
TinyStories-Instruct-1M,bf16,prefill,4,Linear,bf16,48,3158016
TinyStories-Instruct-1M,bf16,prefill,4,GELU,bf16,8,73728
TinyStories-Instruct-1M,bf16,prefill,4,GroupedQueryAttention,bf16,8,34816
TinyStories-Instruct-1M,bf16,prefill,4,LayerNorm,bf16,17,26384
TinyStories-Instruct-1M,bf16,prefill,4,Softmax,bf16,8,10240
TinyStories-Instruct-1M,bf16,prefill,4,Embedding,bf16,2,0
TinyStories-Instruct-1M,int8,prefill,4,Linear (lm_head),fp32,1,25731584
TinyStories-Instruct-1M,int8,prefill,4,Linear,int8,48,3158016
TinyStories-Instruct-1M,int8,prefill,4,Quantize,fp32,48,73728
TinyStories-Instruct-1M,int8,prefill,4,GELU,fp32,8,73728
TinyStories-Instruct-1M,int8,prefill,4,Dequantize,fp32,48,36864
TinyStories-Instruct-1M,int8,prefill,4,GroupedQueryAttention,fp32,8,34816
TinyStories-Instruct-1M,int8,prefill,4,LayerNorm,fp32,17,26384
TinyStories-Instruct-1M,int8,prefill,4,Softmax,fp32,8,10240
TinyStories-Instruct-1M,int8,prefill,4,Embedding,fp32,2,0
TinyStories-Instruct-1M,int4,prefill,4,Linear (lm_head),fp32,1,25731584
TinyStories-Instruct-1M,int4,prefill,4,Linear,fp32,48,3158016
TinyStories-Instruct-1M,int4,prefill,4,Dequantize,fp32,48,393216
TinyStories-Instruct-1M,int4,prefill,4,GELU,fp32,8,73728
TinyStories-Instruct-1M,int4,prefill,4,GroupedQueryAttention,fp32,8,34816
TinyStories-Instruct-1M,int4,prefill,4,LayerNorm,fp32,17,26384
TinyStories-Instruct-1M,int4,prefill,4,Softmax,fp32,8,10240
TinyStories-Instruct-1M,int4,prefill,4,Embedding,fp32,2,0
TinyStories-Instruct-1M,fp32,prefill,8,Linear (lm_head),fp32,1,51463168
TinyStories-Instruct-1M,fp32,prefill,8,Linear,fp32,48,6316032
TinyStories-Instruct-1M,fp32,prefill,8,GELU,fp32,8,147456
TinyStories-Instruct-1M,fp32,prefill,8,GroupedQueryAttention,fp32,8,139264
TinyStories-Instruct-1M,fp32,prefill,8,LayerNorm,fp32,17,52768
TinyStories-Instruct-1M,fp32,prefill,8,Softmax,fp32,8,40960
TinyStories-Instruct-1M,fp32,prefill,8,Embedding,fp32,2,0
TinyStories-Instruct-1M,bf16,prefill,8,Linear (lm_head),bf16,1,51463168
TinyStories-Instruct-1M,bf16,prefill,8,Linear,bf16,48,6316032
TinyStories-Instruct-1M,bf16,prefill,8,GELU,bf16,8,147456
TinyStories-Instruct-1M,bf16,prefill,8,GroupedQueryAttention,bf16,8,139264
TinyStories-Instruct-1M,bf16,prefill,8,LayerNorm,bf16,17,52768
TinyStories-Instruct-1M,bf16,prefill,8,Softmax,bf16,8,40960
TinyStories-Instruct-1M,bf16,prefill,8,Embedding,bf16,2,0
TinyStories-Instruct-1M,int8,prefill,8,Linear (lm_head),fp32,1,51463168
TinyStories-Instruct-1M,int8,prefill,8,Linear,int8,48,6316032
TinyStories-Instruct-1M,int8,prefill,8,Quantize,fp32,48,147456
TinyStories-Instruct-1M,int8,prefill,8,GELU,fp32,8,147456
TinyStories-Instruct-1M,int8,prefill,8,GroupedQueryAttention,fp32,8,139264
TinyStories-Instruct-1M,int8,prefill,8,Dequantize,fp32,48,73728
TinyStories-Instruct-1M,int8,prefill,8,LayerNorm,fp32,17,52768
TinyStories-Instruct-1M,int8,prefill,8,Softmax,fp32,8,40960
TinyStories-Instruct-1M,int8,prefill,8,Embedding,fp32,2,0
TinyStories-Instruct-1M,int4,prefill,8,Linear (lm_head),fp32,1,51463168
TinyStories-Instruct-1M,int4,prefill,8,Linear,fp32,48,6316032
TinyStories-Instruct-1M,int4,prefill,8,Dequantize,fp32,48,393216
TinyStories-Instruct-1M,int4,prefill,8,GELU,fp32,8,147456
TinyStories-Instruct-1M,int4,prefill,8,GroupedQueryAttention,fp32,8,139264
TinyStories-Instruct-1M,int4,prefill,8,LayerNorm,fp32,17,52768
TinyStories-Instruct-1M,int4,prefill,8,Softmax,fp32,8,40960
TinyStories-Instruct-1M,int4,prefill,8,Embedding,fp32,2,0
TinyStories-Instruct-1M,fp32,prefill,16,Linear (lm_head),fp32,1,102926336
TinyStories-Instruct-1M,fp32,prefill,16,Linear,fp32,48,12632064
TinyStories-Instruct-1M,fp32,prefill,16,GroupedQueryAttention,fp32,8,557056
TinyStories-Instruct-1M,fp32,prefill,16,GELU,fp32,8,294912
TinyStories-Instruct-1M,fp32,prefill,16,Softmax,fp32,8,163840
TinyStories-Instruct-1M,fp32,prefill,16,LayerNorm,fp32,17,105536
TinyStories-Instruct-1M,fp32,prefill,16,Embedding,fp32,2,0
TinyStories-Instruct-1M,bf16,prefill,16,Linear (lm_head),bf16,1,102926336
TinyStories-Instruct-1M,bf16,prefill,16,Linear,bf16,48,12632064
TinyStories-Instruct-1M,bf16,prefill,16,GroupedQueryAttention,bf16,8,557056
TinyStories-Instruct-1M,bf16,prefill,16,GELU,bf16,8,294912
TinyStories-Instruct-1M,bf16,prefill,16,Softmax,bf16,8,163840
TinyStories-Instruct-1M,bf16,prefill,16,LayerNorm,bf16,17,105536
TinyStories-Instruct-1M,bf16,prefill,16,Embedding,bf16,2,0
TinyStories-Instruct-1M,int8,prefill,16,Linear (lm_head),fp32,1,102926336
TinyStories-Instruct-1M,int8,prefill,16,Linear,int8,48,12632064
TinyStories-Instruct-1M,int8,prefill,16,GroupedQueryAttention,fp32,8,557056
TinyStories-Instruct-1M,int8,prefill,16,Quantize,fp32,48,294912
TinyStories-Instruct-1M,int8,prefill,16,GELU,fp32,8,294912
TinyStories-Instruct-1M,int8,prefill,16,Softmax,fp32,8,163840
TinyStories-Instruct-1M,int8,prefill,16,Dequantize,fp32,48,147456
TinyStories-Instruct-1M,int8,prefill,16,LayerNorm,fp32,17,105536
TinyStories-Instruct-1M,int8,prefill,16,Embedding,fp32,2,0
TinyStories-Instruct-1M,int4,prefill,16,Linear (lm_head),fp32,1,102926336
TinyStories-Instruct-1M,int4,prefill,16,Linear,fp32,48,12632064
TinyStories-Instruct-1M,int4,prefill,16,GroupedQueryAttention,fp32,8,557056
TinyStories-Instruct-1M,int4,prefill,16,Dequantize,fp32,48,393216
TinyStories-Instruct-1M,int4,prefill,16,GELU,fp32,8,294912
TinyStories-Instruct-1M,int4,prefill,16,Softmax,fp32,8,163840
TinyStories-Instruct-1M,int4,prefill,16,LayerNorm,fp32,17,105536
TinyStories-Instruct-1M,int4,prefill,16,Embedding,fp32,2,0
TinyStories-Instruct-1M,fp32,prefill,32,Linear (lm_head),fp32,1,205852672
TinyStories-Instruct-1M,fp32,prefill,32,Linear,fp32,48,25264128
TinyStories-Instruct-1M,fp32,prefill,32,GroupedQueryAttention,fp32,8,2228224
TinyStories-Instruct-1M,fp32,prefill,32,Softmax,fp32,8,655360
TinyStories-Instruct-1M,fp32,prefill,32,GELU,fp32,8,589824
TinyStories-Instruct-1M,fp32,prefill,32,LayerNorm,fp32,17,211072
TinyStories-Instruct-1M,fp32,prefill,32,Embedding,fp32,2,0
TinyStories-Instruct-1M,bf16,prefill,32,Linear (lm_head),bf16,1,205852672
TinyStories-Instruct-1M,bf16,prefill,32,Linear,bf16,48,25264128
TinyStories-Instruct-1M,bf16,prefill,32,GroupedQueryAttention,bf16,8,2228224
TinyStories-Instruct-1M,bf16,prefill,32,Softmax,bf16,8,655360
TinyStories-Instruct-1M,bf16,prefill,32,GELU,bf16,8,589824
TinyStories-Instruct-1M,bf16,prefill,32,LayerNorm,bf16,17,211072
TinyStories-Instruct-1M,bf16,prefill,32,Embedding,bf16,2,0
TinyStories-Instruct-1M,int8,prefill,32,Linear (lm_head),fp32,1,205852672
TinyStories-Instruct-1M,int8,prefill,32,Linear,int8,48,25264128
TinyStories-Instruct-1M,int8,prefill,32,GroupedQueryAttention,fp32,8,2228224
TinyStories-Instruct-1M,int8,prefill,32,Softmax,fp32,8,655360
TinyStories-Instruct-1M,int8,prefill,32,Quantize,fp32,48,589824
TinyStories-Instruct-1M,int8,prefill,32,GELU,fp32,8,589824
TinyStories-Instruct-1M,int8,prefill,32,Dequantize,fp32,48,294912
TinyStories-Instruct-1M,int8,prefill,32,LayerNorm,fp32,17,211072
TinyStories-Instruct-1M,int8,prefill,32,Embedding,fp32,2,0
TinyStories-Instruct-1M,int4,prefill,32,Linear (lm_head),fp32,1,205852672
TinyStories-Instruct-1M,int4,prefill,32,Linear,fp32,48,25264128
TinyStories-Instruct-1M,int4,prefill,32,GroupedQueryAttention,fp32,8,2228224
TinyStories-Instruct-1M,int4,prefill,32,Softmax,fp32,8,655360
TinyStories-Instruct-1M,int4,prefill,32,GELU,fp32,8,589824
TinyStories-Instruct-1M,int4,prefill,32,Dequantize,fp32,48,393216
TinyStories-Instruct-1M,int4,prefill,32,LayerNorm,fp32,17,211072
TinyStories-Instruct-1M,int4,prefill,32,Embedding,fp32,2,0
TinyStories-Instruct-1M,fp32,prefill,64,Linear (lm_head),fp32,1,411705344
TinyStories-Instruct-1M,fp32,prefill,64,Linear,fp32,48,50528256
TinyStories-Instruct-1M,fp32,prefill,64,GroupedQueryAttention,fp32,8,8912896
TinyStories-Instruct-1M,fp32,prefill,64,Softmax,fp32,8,2621440
TinyStories-Instruct-1M,fp32,prefill,64,GELU,fp32,8,1179648
TinyStories-Instruct-1M,fp32,prefill,64,LayerNorm,fp32,17,422144
TinyStories-Instruct-1M,fp32,prefill,64,Embedding,fp32,2,0
TinyStories-Instruct-1M,bf16,prefill,64,Linear (lm_head),bf16,1,411705344
TinyStories-Instruct-1M,bf16,prefill,64,Linear,bf16,48,50528256
TinyStories-Instruct-1M,bf16,prefill,64,GroupedQueryAttention,bf16,8,8912896
TinyStories-Instruct-1M,bf16,prefill,64,Softmax,bf16,8,2621440
TinyStories-Instruct-1M,bf16,prefill,64,GELU,bf16,8,1179648
TinyStories-Instruct-1M,bf16,prefill,64,LayerNorm,bf16,17,422144
TinyStories-Instruct-1M,bf16,prefill,64,Embedding,bf16,2,0
TinyStories-Instruct-1M,int8,prefill,64,Linear (lm_head),fp32,1,411705344
TinyStories-Instruct-1M,int8,prefill,64,Linear,int8,48,50528256
TinyStories-Instruct-1M,int8,prefill,64,GroupedQueryAttention,fp32,8,8912896
TinyStories-Instruct-1M,int8,prefill,64,Softmax,fp32,8,2621440
TinyStories-Instruct-1M,int8,prefill,64,Quantize,fp32,48,1179648
TinyStories-Instruct-1M,int8,prefill,64,GELU,fp32,8,1179648
TinyStories-Instruct-1M,int8,prefill,64,Dequantize,fp32,48,589824
TinyStories-Instruct-1M,int8,prefill,64,LayerNorm,fp32,17,422144
TinyStories-Instruct-1M,int8,prefill,64,Embedding,fp32,2,0
TinyStories-Instruct-1M,int4,prefill,64,Linear (lm_head),fp32,1,411705344
TinyStories-Instruct-1M,int4,prefill,64,Linear,fp32,48,50528256
TinyStories-Instruct-1M,int4,prefill,64,GroupedQueryAttention,fp32,8,8912896
TinyStories-Instruct-1M,int4,prefill,64,Softmax,fp32,8,2621440
TinyStories-Instruct-1M,int4,prefill,64,GELU,fp32,8,1179648
TinyStories-Instruct-1M,int4,prefill,64,LayerNorm,fp32,17,422144
TinyStories-Instruct-1M,int4,prefill,64,Dequantize,fp32,48,393216
TinyStories-Instruct-1M,int4,prefill,64,Embedding,fp32,2,0
TinyStories-Instruct-1M,fp32,prefill,128,Linear (lm_head),fp32,1,823410688
TinyStories-Instruct-1M,fp32,prefill,128,Linear,fp32,48,101056512
TinyStories-Instruct-1M,fp32,prefill,128,GroupedQueryAttention,fp32,8,35651584
TinyStories-Instruct-1M,fp32,prefill,128,Softmax,fp32,8,10485760
TinyStories-Instruct-1M,fp32,prefill,128,GELU,fp32,8,2359296
TinyStories-Instruct-1M,fp32,prefill,128,LayerNorm,fp32,17,844288
TinyStories-Instruct-1M,fp32,prefill,128,Embedding,fp32,2,0
TinyStories-Instruct-1M,bf16,prefill,128,Linear (lm_head),bf16,1,823410688
TinyStories-Instruct-1M,bf16,prefill,128,Linear,bf16,48,101056512
TinyStories-Instruct-1M,bf16,prefill,128,GroupedQueryAttention,bf16,8,35651584
TinyStories-Instruct-1M,bf16,prefill,128,Softmax,bf16,8,10485760
TinyStories-Instruct-1M,bf16,prefill,128,GELU,bf16,8,2359296
TinyStories-Instruct-1M,bf16,prefill,128,LayerNorm,bf16,17,844288
TinyStories-Instruct-1M,bf16,prefill,128,Embedding,bf16,2,0
TinyStories-Instruct-1M,int8,prefill,128,Linear (lm_head),fp32,1,823410688
TinyStories-Instruct-1M,int8,prefill,128,Linear,int8,48,101056512
TinyStories-Instruct-1M,int8,prefill,128,GroupedQueryAttention,fp32,8,35651584
TinyStories-Instruct-1M,int8,prefill,128,Softmax,fp32,8,10485760
TinyStories-Instruct-1M,int8,prefill,128,Quantize,fp32,48,2359296
TinyStories-Instruct-1M,int8,prefill,128,GELU,fp32,8,2359296
TinyStories-Instruct-1M,int8,prefill,128,Dequantize,fp32,48,1179648
TinyStories-Instruct-1M,int8,prefill,128,LayerNorm,fp32,17,844288
TinyStories-Instruct-1M,int8,prefill,128,Embedding,fp32,2,0
TinyStories-Instruct-1M,int4,prefill,128,Linear (lm_head),fp32,1,823410688
TinyStories-Instruct-1M,int4,prefill,128,Linear,fp32,48,101056512
TinyStories-Instruct-1M,int4,prefill,128,GroupedQueryAttention,fp32,8,35651584
TinyStories-Instruct-1M,int4,prefill,128,Softmax,fp32,8,10485760
TinyStories-Instruct-1M,int4,prefill,128,GELU,fp32,8,2359296
TinyStories-Instruct-1M,int4,prefill,128,LayerNorm,fp32,17,844288
TinyStories-Instruct-1M,int4,prefill,128,Dequantize,fp32,48,393216
TinyStories-Instruct-1M,int4,prefill,128,Embedding,fp32,2,0
TinyStories-Instruct-1M,fp32,prefill,256,Linear (lm_head),fp32,1,1646821376
TinyStories-Instruct-1M,fp32,prefill,256,Linear,fp32,48,202113024
TinyStories-Instruct-1M,fp32,prefill,256,GroupedQueryAttention,fp32,8,142606336
TinyStories-Instruct-1M,fp32,prefill,256,Softmax,fp32,8,41943040
TinyStories-Instruct-1M,fp32,prefill,256,GELU,fp32,8,4718592
TinyStories-Instruct-1M,fp32,prefill,256,LayerNorm,fp32,17,1688576
TinyStories-Instruct-1M,fp32,prefill,256,Embedding,fp32,2,0
TinyStories-Instruct-1M,bf16,prefill,256,Linear (lm_head),bf16,1,1646821376
TinyStories-Instruct-1M,bf16,prefill,256,Linear,bf16,48,202113024
TinyStories-Instruct-1M,bf16,prefill,256,GroupedQueryAttention,bf16,8,142606336
TinyStories-Instruct-1M,bf16,prefill,256,Softmax,bf16,8,41943040
TinyStories-Instruct-1M,bf16,prefill,256,GELU,bf16,8,4718592
TinyStories-Instruct-1M,bf16,prefill,256,LayerNorm,bf16,17,1688576
TinyStories-Instruct-1M,bf16,prefill,256,Embedding,bf16,2,0
TinyStories-Instruct-1M,int8,prefill,256,Linear (lm_head),fp32,1,1646821376
TinyStories-Instruct-1M,int8,prefill,256,Linear,int8,48,202113024
TinyStories-Instruct-1M,int8,prefill,256,GroupedQueryAttention,fp32,8,142606336
TinyStories-Instruct-1M,int8,prefill,256,Softmax,fp32,8,41943040
TinyStories-Instruct-1M,int8,prefill,256,Quantize,fp32,48,4718592
TinyStories-Instruct-1M,int8,prefill,256,GELU,fp32,8,4718592
TinyStories-Instruct-1M,int8,prefill,256,Dequantize,fp32,48,2359296
TinyStories-Instruct-1M,int8,prefill,256,LayerNorm,fp32,17,1688576
TinyStories-Instruct-1M,int8,prefill,256,Embedding,fp32,2,0
TinyStories-Instruct-1M,int4,prefill,256,Linear (lm_head),fp32,1,1646821376
TinyStories-Instruct-1M,int4,prefill,256,Linear,fp32,48,202113024
TinyStories-Instruct-1M,int4,prefill,256,GroupedQueryAttention,fp32,8,142606336
TinyStories-Instruct-1M,int4,prefill,256,Softmax,fp32,8,41943040
TinyStories-Instruct-1M,int4,prefill,256,GELU,fp32,8,4718592
TinyStories-Instruct-1M,int4,prefill,256,LayerNorm,fp32,17,1688576
TinyStories-Instruct-1M,int4,prefill,256,Dequantize,fp32,48,393216
TinyStories-Instruct-1M,int4,prefill,256,Embedding,fp32,2,0
TinyStories-Instruct-1M,fp32,prefill,512,Linear (lm_head),fp32,1,3293642752
TinyStories-Instruct-1M,fp32,prefill,512,GroupedQueryAttention,fp32,8,570425344
TinyStories-Instruct-1M,fp32,prefill,512,Linear,fp32,48,404226048
TinyStories-Instruct-1M,fp32,prefill,512,Softmax,fp32,8,167772160
TinyStories-Instruct-1M,fp32,prefill,512,GELU,fp32,8,9437184
TinyStories-Instruct-1M,fp32,prefill,512,LayerNorm,fp32,17,3377152
TinyStories-Instruct-1M,fp32,prefill,512,Embedding,fp32,2,0
TinyStories-Instruct-1M,bf16,prefill,512,Linear (lm_head),bf16,1,3293642752
TinyStories-Instruct-1M,bf16,prefill,512,GroupedQueryAttention,bf16,8,570425344
TinyStories-Instruct-1M,bf16,prefill,512,Linear,bf16,48,404226048
TinyStories-Instruct-1M,bf16,prefill,512,Softmax,bf16,8,167772160
TinyStories-Instruct-1M,bf16,prefill,512,GELU,bf16,8,9437184
TinyStories-Instruct-1M,bf16,prefill,512,LayerNorm,bf16,17,3377152
TinyStories-Instruct-1M,bf16,prefill,512,Embedding,bf16,2,0
TinyStories-Instruct-1M,int8,prefill,512,Linear (lm_head),fp32,1,3293642752
TinyStories-Instruct-1M,int8,prefill,512,GroupedQueryAttention,fp32,8,570425344
TinyStories-Instruct-1M,int8,prefill,512,Linear,int8,48,404226048
TinyStories-Instruct-1M,int8,prefill,512,Softmax,fp32,8,167772160
TinyStories-Instruct-1M,int8,prefill,512,Quantize,fp32,48,9437184
TinyStories-Instruct-1M,int8,prefill,512,GELU,fp32,8,9437184
TinyStories-Instruct-1M,int8,prefill,512,Dequantize,fp32,48,4718592
TinyStories-Instruct-1M,int8,prefill,512,LayerNorm,fp32,17,3377152
TinyStories-Instruct-1M,int8,prefill,512,Embedding,fp32,2,0
TinyStories-Instruct-1M,int4,prefill,512,Linear (lm_head),fp32,1,3293642752
TinyStories-Instruct-1M,int4,prefill,512,GroupedQueryAttention,fp32,8,570425344
TinyStories-Instruct-1M,int4,prefill,512,Linear,fp32,48,404226048
TinyStories-Instruct-1M,int4,prefill,512,Softmax,fp32,8,167772160
TinyStories-Instruct-1M,int4,prefill,512,GELU,fp32,8,9437184
TinyStories-Instruct-1M,int4,prefill,512,LayerNorm,fp32,17,3377152
TinyStories-Instruct-1M,int4,prefill,512,Dequantize,fp32,48,393216
TinyStories-Instruct-1M,int4,prefill,512,Embedding,fp32,2,0
TinyStories-Instruct-1M,fp32,prefill,1024,Linear (lm_head),fp32,1,6587285504
TinyStories-Instruct-1M,fp32,prefill,1024,GroupedQueryAttention,fp32,8,2281701376
TinyStories-Instruct-1M,fp32,prefill,1024,Linear,fp32,48,808452096
TinyStories-Instruct-1M,fp32,prefill,1024,Softmax,fp32,8,671088640
TinyStories-Instruct-1M,fp32,prefill,1024,GELU,fp32,8,18874368
TinyStories-Instruct-1M,fp32,prefill,1024,LayerNorm,fp32,17,6754304
TinyStories-Instruct-1M,fp32,prefill,1024,Embedding,fp32,2,0
TinyStories-Instruct-1M,bf16,prefill,1024,Linear (lm_head),bf16,1,6587285504
TinyStories-Instruct-1M,bf16,prefill,1024,GroupedQueryAttention,bf16,8,2281701376
TinyStories-Instruct-1M,bf16,prefill,1024,Linear,bf16,48,808452096
TinyStories-Instruct-1M,bf16,prefill,1024,Softmax,bf16,8,671088640
TinyStories-Instruct-1M,bf16,prefill,1024,GELU,bf16,8,18874368
TinyStories-Instruct-1M,bf16,prefill,1024,LayerNorm,bf16,17,6754304
TinyStories-Instruct-1M,bf16,prefill,1024,Embedding,bf16,2,0
TinyStories-Instruct-1M,int8,prefill,1024,Linear (lm_head),fp32,1,6587285504
TinyStories-Instruct-1M,int8,prefill,1024,GroupedQueryAttention,fp32,8,2281701376
TinyStories-Instruct-1M,int8,prefill,1024,Linear,int8,48,808452096
TinyStories-Instruct-1M,int8,prefill,1024,Softmax,fp32,8,671088640
TinyStories-Instruct-1M,int8,prefill,1024,Quantize,fp32,48,18874368
TinyStories-Instruct-1M,int8,prefill,1024,GELU,fp32,8,18874368
TinyStories-Instruct-1M,int8,prefill,1024,Dequantize,fp32,48,9437184
TinyStories-Instruct-1M,int8,prefill,1024,LayerNorm,fp32,17,6754304
TinyStories-Instruct-1M,int8,prefill,1024,Embedding,fp32,2,0
TinyStories-Instruct-1M,int4,prefill,1024,Linear (lm_head),fp32,1,6587285504
TinyStories-Instruct-1M,int4,prefill,1024,GroupedQueryAttention,fp32,8,2281701376
TinyStories-Instruct-1M,int4,prefill,1024,Linear,fp32,48,808452096
TinyStories-Instruct-1M,int4,prefill,1024,Softmax,fp32,8,671088640
TinyStories-Instruct-1M,int4,prefill,1024,GELU,fp32,8,18874368
TinyStories-Instruct-1M,int4,prefill,1024,LayerNorm,fp32,17,6754304
TinyStories-Instruct-1M,int4,prefill,1024,Dequantize,fp32,48,393216
TinyStories-Instruct-1M,int4,prefill,1024,Embedding,fp32,2,0
TinyStories-Instruct-1M,fp32,prefill,2048,Linear (lm_head),fp32,1,13174571008
TinyStories-Instruct-1M,fp32,prefill,2048,GroupedQueryAttention,fp32,8,9126805504
TinyStories-Instruct-1M,fp32,prefill,2048,Softmax,fp32,8,2684354560
TinyStories-Instruct-1M,fp32,prefill,2048,Linear,fp32,48,1616904192
TinyStories-Instruct-1M,fp32,prefill,2048,GELU,fp32,8,37748736
TinyStories-Instruct-1M,fp32,prefill,2048,LayerNorm,fp32,17,13508608
TinyStories-Instruct-1M,fp32,prefill,2048,Embedding,fp32,2,0
TinyStories-Instruct-1M,bf16,prefill,2048,Linear (lm_head),bf16,1,13174571008
TinyStories-Instruct-1M,bf16,prefill,2048,GroupedQueryAttention,bf16,8,9126805504
TinyStories-Instruct-1M,bf16,prefill,2048,Softmax,bf16,8,2684354560
TinyStories-Instruct-1M,bf16,prefill,2048,Linear,bf16,48,1616904192
TinyStories-Instruct-1M,bf16,prefill,2048,GELU,bf16,8,37748736
TinyStories-Instruct-1M,bf16,prefill,2048,LayerNorm,bf16,17,13508608
TinyStories-Instruct-1M,bf16,prefill,2048,Embedding,bf16,2,0
TinyStories-Instruct-1M,int8,prefill,2048,Linear (lm_head),fp32,1,13174571008
TinyStories-Instruct-1M,int8,prefill,2048,GroupedQueryAttention,fp32,8,9126805504
TinyStories-Instruct-1M,int8,prefill,2048,Softmax,fp32,8,2684354560
TinyStories-Instruct-1M,int8,prefill,2048,Linear,int8,48,1616904192
TinyStories-Instruct-1M,int8,prefill,2048,Quantize,fp32,48,37748736
TinyStories-Instruct-1M,int8,prefill,2048,GELU,fp32,8,37748736
TinyStories-Instruct-1M,int8,prefill,2048,Dequantize,fp32,48,18874368
TinyStories-Instruct-1M,int8,prefill,2048,LayerNorm,fp32,17,13508608
TinyStories-Instruct-1M,int8,prefill,2048,Embedding,fp32,2,0
TinyStories-Instruct-1M,int4,prefill,2048,Linear (lm_head),fp32,1,13174571008
TinyStories-Instruct-1M,int4,prefill,2048,GroupedQueryAttention,fp32,8,9126805504
TinyStories-Instruct-1M,int4,prefill,2048,Softmax,fp32,8,2684354560
TinyStories-Instruct-1M,int4,prefill,2048,Linear,fp32,48,1616904192
TinyStories-Instruct-1M,int4,prefill,2048,GELU,fp32,8,37748736
TinyStories-Instruct-1M,int4,prefill,2048,LayerNorm,fp32,17,13508608
TinyStories-Instruct-1M,int4,prefill,2048,Dequantize,fp32,48,393216
TinyStories-Instruct-1M,int4,prefill,2048,Embedding,fp32,2,0
TinyStories-Instruct-1M,fp32,decode,2,Linear (lm_head),fp32,1,6432896
TinyStories-Instruct-1M,fp32,decode,2,Linear,fp32,48,789504
TinyStories-Instruct-1M,fp32,decode,2,GELU,fp32,8,18432
TinyStories-Instruct-1M,fp32,decode,2,LayerNorm,fp32,17,6596
TinyStories-Instruct-1M,fp32,decode,2,GroupedQueryAttention,fp32,8,4352
TinyStories-Instruct-1M,fp32,decode,2,Softmax,fp32,8,1280
TinyStories-Instruct-1M,fp32,decode,2,Embedding,fp32,2,0
TinyStories-Instruct-1M,bf16,decode,2,Linear (lm_head),bf16,1,6432896
TinyStories-Instruct-1M,bf16,decode,2,Linear,bf16,48,789504
TinyStories-Instruct-1M,bf16,decode,2,GELU,bf16,8,18432
TinyStories-Instruct-1M,bf16,decode,2,LayerNorm,bf16,17,6596
TinyStories-Instruct-1M,bf16,decode,2,GroupedQueryAttention,bf16,8,4352
TinyStories-Instruct-1M,bf16,decode,2,Softmax,bf16,8,1280
TinyStories-Instruct-1M,bf16,decode,2,Embedding,bf16,2,0
TinyStories-Instruct-1M,int8,decode,2,Linear (lm_head),fp32,1,6432896
TinyStories-Instruct-1M,int8,decode,2,Linear,int8,48,789504
TinyStories-Instruct-1M,int8,decode,2,Quantize,fp32,48,18432
TinyStories-Instruct-1M,int8,decode,2,GELU,fp32,8,18432
TinyStories-Instruct-1M,int8,decode,2,Dequantize,fp32,48,9216
TinyStories-Instruct-1M,int8,decode,2,LayerNorm,fp32,17,6596
TinyStories-Instruct-1M,int8,decode,2,GroupedQueryAttention,fp32,8,4352
TinyStories-Instruct-1M,int8,decode,2,Softmax,fp32,8,1280
TinyStories-Instruct-1M,int8,decode,2,Embedding,fp32,2,0
TinyStories-Instruct-1M,int4,decode,2,Linear (lm_head),fp32,1,6432896
TinyStories-Instruct-1M,int4,decode,2,Linear,fp32,48,789504
TinyStories-Instruct-1M,int4,decode,2,Dequantize,fp32,48,393216
TinyStories-Instruct-1M,int4,decode,2,GELU,fp32,8,18432
TinyStories-Instruct-1M,int4,decode,2,LayerNorm,fp32,17,6596
TinyStories-Instruct-1M,int4,decode,2,GroupedQueryAttention,fp32,8,4352
TinyStories-Instruct-1M,int4,decode,2,Softmax,fp32,8,1280
TinyStories-Instruct-1M,int4,decode,2,Embedding,fp32,2,0
TinyStories-Instruct-1M,fp32,decode,4,Linear (lm_head),fp32,1,6432896
TinyStories-Instruct-1M,fp32,decode,4,Linear,fp32,48,789504
TinyStories-Instruct-1M,fp32,decode,4,GELU,fp32,8,18432
TinyStories-Instruct-1M,fp32,decode,4,GroupedQueryAttention,fp32,8,8704
TinyStories-Instruct-1M,fp32,decode,4,LayerNorm,fp32,17,6596
TinyStories-Instruct-1M,fp32,decode,4,Softmax,fp32,8,2560
TinyStories-Instruct-1M,fp32,decode,4,Embedding,fp32,2,0
TinyStories-Instruct-1M,bf16,decode,4,Linear (lm_head),bf16,1,6432896
TinyStories-Instruct-1M,bf16,decode,4,Linear,bf16,48,789504
TinyStories-Instruct-1M,bf16,decode,4,GELU,bf16,8,18432
TinyStories-Instruct-1M,bf16,decode,4,GroupedQueryAttention,bf16,8,8704
TinyStories-Instruct-1M,bf16,decode,4,LayerNorm,bf16,17,6596
TinyStories-Instruct-1M,bf16,decode,4,Softmax,bf16,8,2560
TinyStories-Instruct-1M,bf16,decode,4,Embedding,bf16,2,0
TinyStories-Instruct-1M,int8,decode,4,Linear (lm_head),fp32,1,6432896
TinyStories-Instruct-1M,int8,decode,4,Linear,int8,48,789504
TinyStories-Instruct-1M,int8,decode,4,Quantize,fp32,48,18432
TinyStories-Instruct-1M,int8,decode,4,GELU,fp32,8,18432
TinyStories-Instruct-1M,int8,decode,4,Dequantize,fp32,48,9216
TinyStories-Instruct-1M,int8,decode,4,GroupedQueryAttention,fp32,8,8704
TinyStories-Instruct-1M,int8,decode,4,LayerNorm,fp32,17,6596
TinyStories-Instruct-1M,int8,decode,4,Softmax,fp32,8,2560
TinyStories-Instruct-1M,int8,decode,4,Embedding,fp32,2,0
TinyStories-Instruct-1M,int4,decode,4,Linear (lm_head),fp32,1,6432896
TinyStories-Instruct-1M,int4,decode,4,Linear,fp32,48,789504
TinyStories-Instruct-1M,int4,decode,4,Dequantize,fp32,48,393216
TinyStories-Instruct-1M,int4,decode,4,GELU,fp32,8,18432
TinyStories-Instruct-1M,int4,decode,4,GroupedQueryAttention,fp32,8,8704
TinyStories-Instruct-1M,int4,decode,4,LayerNorm,fp32,17,6596
TinyStories-Instruct-1M,int4,decode,4,Softmax,fp32,8,2560
TinyStories-Instruct-1M,int4,decode,4,Embedding,fp32,2,0
TinyStories-Instruct-1M,fp32,decode,8,Linear (lm_head),fp32,1,6432896
TinyStories-Instruct-1M,fp32,decode,8,Linear,fp32,48,789504
TinyStories-Instruct-1M,fp32,decode,8,GELU,fp32,8,18432
TinyStories-Instruct-1M,fp32,decode,8,GroupedQueryAttention,fp32,8,17408
TinyStories-Instruct-1M,fp32,decode,8,LayerNorm,fp32,17,6596
TinyStories-Instruct-1M,fp32,decode,8,Softmax,fp32,8,5120
TinyStories-Instruct-1M,fp32,decode,8,Embedding,fp32,2,0
TinyStories-Instruct-1M,bf16,decode,8,Linear (lm_head),bf16,1,6432896
TinyStories-Instruct-1M,bf16,decode,8,Linear,bf16,48,789504
TinyStories-Instruct-1M,bf16,decode,8,GELU,bf16,8,18432
TinyStories-Instruct-1M,bf16,decode,8,GroupedQueryAttention,bf16,8,17408
TinyStories-Instruct-1M,bf16,decode,8,LayerNorm,bf16,17,6596
TinyStories-Instruct-1M,bf16,decode,8,Softmax,bf16,8,5120
TinyStories-Instruct-1M,bf16,decode,8,Embedding,bf16,2,0
TinyStories-Instruct-1M,int8,decode,8,Linear (lm_head),fp32,1,6432896
TinyStories-Instruct-1M,int8,decode,8,Linear,int8,48,789504
TinyStories-Instruct-1M,int8,decode,8,Quantize,fp32,48,18432
TinyStories-Instruct-1M,int8,decode,8,GELU,fp32,8,18432
TinyStories-Instruct-1M,int8,decode,8,GroupedQueryAttention,fp32,8,17408
TinyStories-Instruct-1M,int8,decode,8,Dequantize,fp32,48,9216
TinyStories-Instruct-1M,int8,decode,8,LayerNorm,fp32,17,6596
TinyStories-Instruct-1M,int8,decode,8,Softmax,fp32,8,5120
TinyStories-Instruct-1M,int8,decode,8,Embedding,fp32,2,0
TinyStories-Instruct-1M,int4,decode,8,Linear (lm_head),fp32,1,6432896
TinyStories-Instruct-1M,int4,decode,8,Linear,fp32,48,789504
TinyStories-Instruct-1M,int4,decode,8,Dequantize,fp32,48,393216
TinyStories-Instruct-1M,int4,decode,8,GELU,fp32,8,18432
TinyStories-Instruct-1M,int4,decode,8,GroupedQueryAttention,fp32,8,17408
TinyStories-Instruct-1M,int4,decode,8,LayerNorm,fp32,17,6596
TinyStories-Instruct-1M,int4,decode,8,Softmax,fp32,8,5120
TinyStories-Instruct-1M,int4,decode,8,Embedding,fp32,2,0
TinyStories-Instruct-1M,fp32,decode,16,Linear (lm_head),fp32,1,6432896
TinyStories-Instruct-1M,fp32,decode,16,Linear,fp32,48,789504
TinyStories-Instruct-1M,fp32,decode,16,GroupedQueryAttention,fp32,8,34816
TinyStories-Instruct-1M,fp32,decode,16,GELU,fp32,8,18432
TinyStories-Instruct-1M,fp32,decode,16,Softmax,fp32,8,10240
TinyStories-Instruct-1M,fp32,decode,16,LayerNorm,fp32,17,6596
TinyStories-Instruct-1M,fp32,decode,16,Embedding,fp32,2,0
TinyStories-Instruct-1M,bf16,decode,16,Linear (lm_head),bf16,1,6432896
TinyStories-Instruct-1M,bf16,decode,16,Linear,bf16,48,789504
TinyStories-Instruct-1M,bf16,decode,16,GroupedQueryAttention,bf16,8,34816
TinyStories-Instruct-1M,bf16,decode,16,GELU,bf16,8,18432
TinyStories-Instruct-1M,bf16,decode,16,Softmax,bf16,8,10240
TinyStories-Instruct-1M,bf16,decode,16,LayerNorm,bf16,17,6596
TinyStories-Instruct-1M,bf16,decode,16,Embedding,bf16,2,0
TinyStories-Instruct-1M,int8,decode,16,Linear (lm_head),fp32,1,6432896
TinyStories-Instruct-1M,int8,decode,16,Linear,int8,48,789504
TinyStories-Instruct-1M,int8,decode,16,GroupedQueryAttention,fp32,8,34816
TinyStories-Instruct-1M,int8,decode,16,Quantize,fp32,48,18432
TinyStories-Instruct-1M,int8,decode,16,GELU,fp32,8,18432
TinyStories-Instruct-1M,int8,decode,16,Softmax,fp32,8,10240
TinyStories-Instruct-1M,int8,decode,16,Dequantize,fp32,48,9216
TinyStories-Instruct-1M,int8,decode,16,LayerNorm,fp32,17,6596
TinyStories-Instruct-1M,int8,decode,16,Embedding,fp32,2,0
TinyStories-Instruct-1M,int4,decode,16,Linear (lm_head),fp32,1,6432896
TinyStories-Instruct-1M,int4,decode,16,Linear,fp32,48,789504
TinyStories-Instruct-1M,int4,decode,16,Dequantize,fp32,48,393216
TinyStories-Instruct-1M,int4,decode,16,GroupedQueryAttention,fp32,8,34816
TinyStories-Instruct-1M,int4,decode,16,GELU,fp32,8,18432
TinyStories-Instruct-1M,int4,decode,16,Softmax,fp32,8,10240
TinyStories-Instruct-1M,int4,decode,16,LayerNorm,fp32,17,6596
TinyStories-Instruct-1M,int4,decode,16,Embedding,fp32,2,0
TinyStories-Instruct-1M,fp32,decode,32,Linear (lm_head),fp32,1,6432896
TinyStories-Instruct-1M,fp32,decode,32,Linear,fp32,48,789504
TinyStories-Instruct-1M,fp32,decode,32,GroupedQueryAttention,fp32,8,69632
TinyStories-Instruct-1M,fp32,decode,32,Softmax,fp32,8,20480
TinyStories-Instruct-1M,fp32,decode,32,GELU,fp32,8,18432
TinyStories-Instruct-1M,fp32,decode,32,LayerNorm,fp32,17,6596
TinyStories-Instruct-1M,fp32,decode,32,Embedding,fp32,2,0
TinyStories-Instruct-1M,bf16,decode,32,Linear (lm_head),bf16,1,6432896
TinyStories-Instruct-1M,bf16,decode,32,Linear,bf16,48,789504
TinyStories-Instruct-1M,bf16,decode,32,GroupedQueryAttention,bf16,8,69632
TinyStories-Instruct-1M,bf16,decode,32,Softmax,bf16,8,20480
TinyStories-Instruct-1M,bf16,decode,32,GELU,bf16,8,18432
TinyStories-Instruct-1M,bf16,decode,32,LayerNorm,bf16,17,6596
TinyStories-Instruct-1M,bf16,decode,32,Embedding,bf16,2,0
TinyStories-Instruct-1M,int8,decode,32,Linear (lm_head),fp32,1,6432896
TinyStories-Instruct-1M,int8,decode,32,Linear,int8,48,789504
TinyStories-Instruct-1M,int8,decode,32,GroupedQueryAttention,fp32,8,69632
TinyStories-Instruct-1M,int8,decode,32,Softmax,fp32,8,20480
TinyStories-Instruct-1M,int8,decode,32,Quantize,fp32,48,18432
TinyStories-Instruct-1M,int8,decode,32,GELU,fp32,8,18432
TinyStories-Instruct-1M,int8,decode,32,Dequantize,fp32,48,9216
TinyStories-Instruct-1M,int8,decode,32,LayerNorm,fp32,17,6596
TinyStories-Instruct-1M,int8,decode,32,Embedding,fp32,2,0
TinyStories-Instruct-1M,int4,decode,32,Linear (lm_head),fp32,1,6432896
TinyStories-Instruct-1M,int4,decode,32,Linear,fp32,48,789504
TinyStories-Instruct-1M,int4,decode,32,Dequantize,fp32,48,393216
TinyStories-Instruct-1M,int4,decode,32,GroupedQueryAttention,fp32,8,69632
TinyStories-Instruct-1M,int4,decode,32,Softmax,fp32,8,20480
TinyStories-Instruct-1M,int4,decode,32,GELU,fp32,8,18432
TinyStories-Instruct-1M,int4,decode,32,LayerNorm,fp32,17,6596
TinyStories-Instruct-1M,int4,decode,32,Embedding,fp32,2,0
TinyStories-Instruct-1M,fp32,decode,64,Linear (lm_head),fp32,1,6432896
TinyStories-Instruct-1M,fp32,decode,64,Linear,fp32,48,789504
TinyStories-Instruct-1M,fp32,decode,64,GroupedQueryAttention,fp32,8,139264
TinyStories-Instruct-1M,fp32,decode,64,Softmax,fp32,8,40960
TinyStories-Instruct-1M,fp32,decode,64,GELU,fp32,8,18432
TinyStories-Instruct-1M,fp32,decode,64,LayerNorm,fp32,17,6596
TinyStories-Instruct-1M,fp32,decode,64,Embedding,fp32,2,0
TinyStories-Instruct-1M,bf16,decode,64,Linear (lm_head),bf16,1,6432896
TinyStories-Instruct-1M,bf16,decode,64,Linear,bf16,48,789504
TinyStories-Instruct-1M,bf16,decode,64,GroupedQueryAttention,bf16,8,139264
TinyStories-Instruct-1M,bf16,decode,64,Softmax,bf16,8,40960
TinyStories-Instruct-1M,bf16,decode,64,GELU,bf16,8,18432
TinyStories-Instruct-1M,bf16,decode,64,LayerNorm,bf16,17,6596
TinyStories-Instruct-1M,bf16,decode,64,Embedding,bf16,2,0
TinyStories-Instruct-1M,int8,decode,64,Linear (lm_head),fp32,1,6432896
TinyStories-Instruct-1M,int8,decode,64,Linear,int8,48,789504
TinyStories-Instruct-1M,int8,decode,64,GroupedQueryAttention,fp32,8,139264
TinyStories-Instruct-1M,int8,decode,64,Softmax,fp32,8,40960
TinyStories-Instruct-1M,int8,decode,64,Quantize,fp32,48,18432
TinyStories-Instruct-1M,int8,decode,64,GELU,fp32,8,18432
TinyStories-Instruct-1M,int8,decode,64,Dequantize,fp32,48,9216
TinyStories-Instruct-1M,int8,decode,64,LayerNorm,fp32,17,6596
TinyStories-Instruct-1M,int8,decode,64,Embedding,fp32,2,0
TinyStories-Instruct-1M,int4,decode,64,Linear (lm_head),fp32,1,6432896
TinyStories-Instruct-1M,int4,decode,64,Linear,fp32,48,789504
TinyStories-Instruct-1M,int4,decode,64,Dequantize,fp32,48,393216
TinyStories-Instruct-1M,int4,decode,64,GroupedQueryAttention,fp32,8,139264
TinyStories-Instruct-1M,int4,decode,64,Softmax,fp32,8,40960
TinyStories-Instruct-1M,int4,decode,64,GELU,fp32,8,18432
TinyStories-Instruct-1M,int4,decode,64,LayerNorm,fp32,17,6596
TinyStories-Instruct-1M,int4,decode,64,Embedding,fp32,2,0
TinyStories-Instruct-1M,fp32,decode,128,Linear (lm_head),fp32,1,6432896
TinyStories-Instruct-1M,fp32,decode,128,Linear,fp32,48,789504
TinyStories-Instruct-1M,fp32,decode,128,GroupedQueryAttention,fp32,8,278528
TinyStories-Instruct-1M,fp32,decode,128,Softmax,fp32,8,81920
TinyStories-Instruct-1M,fp32,decode,128,GELU,fp32,8,18432
TinyStories-Instruct-1M,fp32,decode,128,LayerNorm,fp32,17,6596
TinyStories-Instruct-1M,fp32,decode,128,Embedding,fp32,2,0
TinyStories-Instruct-1M,bf16,decode,128,Linear (lm_head),bf16,1,6432896
TinyStories-Instruct-1M,bf16,decode,128,Linear,bf16,48,789504
TinyStories-Instruct-1M,bf16,decode,128,GroupedQueryAttention,bf16,8,278528
TinyStories-Instruct-1M,bf16,decode,128,Softmax,bf16,8,81920
TinyStories-Instruct-1M,bf16,decode,128,GELU,bf16,8,18432
TinyStories-Instruct-1M,bf16,decode,128,LayerNorm,bf16,17,6596
TinyStories-Instruct-1M,bf16,decode,128,Embedding,bf16,2,0
TinyStories-Instruct-1M,int8,decode,128,Linear (lm_head),fp32,1,6432896
TinyStories-Instruct-1M,int8,decode,128,Linear,int8,48,789504
TinyStories-Instruct-1M,int8,decode,128,GroupedQueryAttention,fp32,8,278528
TinyStories-Instruct-1M,int8,decode,128,Softmax,fp32,8,81920
TinyStories-Instruct-1M,int8,decode,128,Quantize,fp32,48,18432
TinyStories-Instruct-1M,int8,decode,128,GELU,fp32,8,18432
TinyStories-Instruct-1M,int8,decode,128,Dequantize,fp32,48,9216
TinyStories-Instruct-1M,int8,decode,128,LayerNorm,fp32,17,6596
TinyStories-Instruct-1M,int8,decode,128,Embedding,fp32,2,0
TinyStories-Instruct-1M,int4,decode,128,Linear (lm_head),fp32,1,6432896
TinyStories-Instruct-1M,int4,decode,128,Linear,fp32,48,789504
TinyStories-Instruct-1M,int4,decode,128,Dequantize,fp32,48,393216
TinyStories-Instruct-1M,int4,decode,128,GroupedQueryAttention,fp32,8,278528
TinyStories-Instruct-1M,int4,decode,128,Softmax,fp32,8,81920
TinyStories-Instruct-1M,int4,decode,128,GELU,fp32,8,18432
TinyStories-Instruct-1M,int4,decode,128,LayerNorm,fp32,17,6596
TinyStories-Instruct-1M,int4,decode,128,Embedding,fp32,2,0
TinyStories-Instruct-1M,fp32,decode,256,Linear (lm_head),fp32,1,6432896
TinyStories-Instruct-1M,fp32,decode,256,Linear,fp32,48,789504
TinyStories-Instruct-1M,fp32,decode,256,GroupedQueryAttention,fp32,8,557056
TinyStories-Instruct-1M,fp32,decode,256,Softmax,fp32,8,163840
TinyStories-Instruct-1M,fp32,decode,256,GELU,fp32,8,18432
TinyStories-Instruct-1M,fp32,decode,256,LayerNorm,fp32,17,6596
TinyStories-Instruct-1M,fp32,decode,256,Embedding,fp32,2,0
TinyStories-Instruct-1M,bf16,decode,256,Linear (lm_head),bf16,1,6432896
TinyStories-Instruct-1M,bf16,decode,256,Linear,bf16,48,789504
TinyStories-Instruct-1M,bf16,decode,256,GroupedQueryAttention,bf16,8,557056
TinyStories-Instruct-1M,bf16,decode,256,Softmax,bf16,8,163840
TinyStories-Instruct-1M,bf16,decode,256,GELU,bf16,8,18432
TinyStories-Instruct-1M,bf16,decode,256,LayerNorm,bf16,17,6596
TinyStories-Instruct-1M,bf16,decode,256,Embedding,bf16,2,0
TinyStories-Instruct-1M,int8,decode,256,Linear (lm_head),fp32,1,6432896
TinyStories-Instruct-1M,int8,decode,256,Linear,int8,48,789504
TinyStories-Instruct-1M,int8,decode,256,GroupedQueryAttention,fp32,8,557056
TinyStories-Instruct-1M,int8,decode,256,Softmax,fp32,8,163840
TinyStories-Instruct-1M,int8,decode,256,Quantize,fp32,48,18432
TinyStories-Instruct-1M,int8,decode,256,GELU,fp32,8,18432
TinyStories-Instruct-1M,int8,decode,256,Dequantize,fp32,48,9216
TinyStories-Instruct-1M,int8,decode,256,LayerNorm,fp32,17,6596
TinyStories-Instruct-1M,int8,decode,256,Embedding,fp32,2,0
TinyStories-Instruct-1M,int4,decode,256,Linear (lm_head),fp32,1,6432896
TinyStories-Instruct-1M,int4,decode,256,Linear,fp32,48,789504
TinyStories-Instruct-1M,int4,decode,256,GroupedQueryAttention,fp32,8,557056
TinyStories-Instruct-1M,int4,decode,256,Dequantize,fp32,48,393216
TinyStories-Instruct-1M,int4,decode,256,Softmax,fp32,8,163840
TinyStories-Instruct-1M,int4,decode,256,GELU,fp32,8,18432
TinyStories-Instruct-1M,int4,decode,256,LayerNorm,fp32,17,6596
TinyStories-Instruct-1M,int4,decode,256,Embedding,fp32,2,0
TinyStories-Instruct-1M,fp32,decode,512,Linear (lm_head),fp32,1,6432896
TinyStories-Instruct-1M,fp32,decode,512,GroupedQueryAttention,fp32,8,1114112
TinyStories-Instruct-1M,fp32,decode,512,Linear,fp32,48,789504
TinyStories-Instruct-1M,fp32,decode,512,Softmax,fp32,8,327680
TinyStories-Instruct-1M,fp32,decode,512,GELU,fp32,8,18432
TinyStories-Instruct-1M,fp32,decode,512,LayerNorm,fp32,17,6596
TinyStories-Instruct-1M,fp32,decode,512,Embedding,fp32,2,0
TinyStories-Instruct-1M,bf16,decode,512,Linear (lm_head),bf16,1,6432896
TinyStories-Instruct-1M,bf16,decode,512,GroupedQueryAttention,bf16,8,1114112
TinyStories-Instruct-1M,bf16,decode,512,Linear,bf16,48,789504
TinyStories-Instruct-1M,bf16,decode,512,Softmax,bf16,8,327680
TinyStories-Instruct-1M,bf16,decode,512,GELU,bf16,8,18432
TinyStories-Instruct-1M,bf16,decode,512,LayerNorm,bf16,17,6596
TinyStories-Instruct-1M,bf16,decode,512,Embedding,bf16,2,0
TinyStories-Instruct-1M,int8,decode,512,Linear (lm_head),fp32,1,6432896
TinyStories-Instruct-1M,int8,decode,512,GroupedQueryAttention,fp32,8,1114112
TinyStories-Instruct-1M,int8,decode,512,Linear,int8,48,789504
TinyStories-Instruct-1M,int8,decode,512,Softmax,fp32,8,327680
TinyStories-Instruct-1M,int8,decode,512,Quantize,fp32,48,18432
TinyStories-Instruct-1M,int8,decode,512,GELU,fp32,8,18432
TinyStories-Instruct-1M,int8,decode,512,Dequantize,fp32,48,9216
TinyStories-Instruct-1M,int8,decode,512,LayerNorm,fp32,17,6596
TinyStories-Instruct-1M,int8,decode,512,Embedding,fp32,2,0
TinyStories-Instruct-1M,int4,decode,512,Linear (lm_head),fp32,1,6432896
TinyStories-Instruct-1M,int4,decode,512,GroupedQueryAttention,fp32,8,1114112
TinyStories-Instruct-1M,int4,decode,512,Linear,fp32,48,789504
TinyStories-Instruct-1M,int4,decode,512,Dequantize,fp32,48,393216
TinyStories-Instruct-1M,int4,decode,512,Softmax,fp32,8,327680
TinyStories-Instruct-1M,int4,decode,512,GELU,fp32,8,18432
TinyStories-Instruct-1M,int4,decode,512,LayerNorm,fp32,17,6596
TinyStories-Instruct-1M,int4,decode,512,Embedding,fp32,2,0
TinyStories-Instruct-1M,fp32,decode,1024,Linear (lm_head),fp32,1,6432896
TinyStories-Instruct-1M,fp32,decode,1024,GroupedQueryAttention,fp32,8,2228224
TinyStories-Instruct-1M,fp32,decode,1024,Linear,fp32,48,789504
TinyStories-Instruct-1M,fp32,decode,1024,Softmax,fp32,8,655360
TinyStories-Instruct-1M,fp32,decode,1024,GELU,fp32,8,18432
TinyStories-Instruct-1M,fp32,decode,1024,LayerNorm,fp32,17,6596
TinyStories-Instruct-1M,fp32,decode,1024,Embedding,fp32,2,0
TinyStories-Instruct-1M,bf16,decode,1024,Linear (lm_head),bf16,1,6432896
TinyStories-Instruct-1M,bf16,decode,1024,GroupedQueryAttention,bf16,8,2228224
TinyStories-Instruct-1M,bf16,decode,1024,Linear,bf16,48,789504
TinyStories-Instruct-1M,bf16,decode,1024,Softmax,bf16,8,655360
TinyStories-Instruct-1M,bf16,decode,1024,GELU,bf16,8,18432
TinyStories-Instruct-1M,bf16,decode,1024,LayerNorm,bf16,17,6596
TinyStories-Instruct-1M,bf16,decode,1024,Embedding,bf16,2,0
TinyStories-Instruct-1M,int8,decode,1024,Linear (lm_head),fp32,1,6432896
TinyStories-Instruct-1M,int8,decode,1024,GroupedQueryAttention,fp32,8,2228224
TinyStories-Instruct-1M,int8,decode,1024,Linear,int8,48,789504
TinyStories-Instruct-1M,int8,decode,1024,Softmax,fp32,8,655360
TinyStories-Instruct-1M,int8,decode,1024,Quantize,fp32,48,18432
TinyStories-Instruct-1M,int8,decode,1024,GELU,fp32,8,18432
TinyStories-Instruct-1M,int8,decode,1024,Dequantize,fp32,48,9216
TinyStories-Instruct-1M,int8,decode,1024,LayerNorm,fp32,17,6596
TinyStories-Instruct-1M,int8,decode,1024,Embedding,fp32,2,0
TinyStories-Instruct-1M,int4,decode,1024,Linear (lm_head),fp32,1,6432896
TinyStories-Instruct-1M,int4,decode,1024,GroupedQueryAttention,fp32,8,2228224
TinyStories-Instruct-1M,int4,decode,1024,Linear,fp32,48,789504
TinyStories-Instruct-1M,int4,decode,1024,Softmax,fp32,8,655360
TinyStories-Instruct-1M,int4,decode,1024,Dequantize,fp32,48,393216
TinyStories-Instruct-1M,int4,decode,1024,GELU,fp32,8,18432
TinyStories-Instruct-1M,int4,decode,1024,LayerNorm,fp32,17,6596
TinyStories-Instruct-1M,int4,decode,1024,Embedding,fp32,2,0
TinyStories-Instruct-1M,fp32,decode,2048,Linear (lm_head),fp32,1,6432896
TinyStories-Instruct-1M,fp32,decode,2048,GroupedQueryAttention,fp32,8,4456448
TinyStories-Instruct-1M,fp32,decode,2048,Softmax,fp32,8,1310720
TinyStories-Instruct-1M,fp32,decode,2048,Linear,fp32,48,789504
TinyStories-Instruct-1M,fp32,decode,2048,GELU,fp32,8,18432
TinyStories-Instruct-1M,fp32,decode,2048,LayerNorm,fp32,17,6596
TinyStories-Instruct-1M,fp32,decode,2048,Embedding,fp32,2,0
TinyStories-Instruct-1M,bf16,decode,2048,Linear (lm_head),bf16,1,6432896
TinyStories-Instruct-1M,bf16,decode,2048,GroupedQueryAttention,bf16,8,4456448
TinyStories-Instruct-1M,bf16,decode,2048,Softmax,bf16,8,1310720
TinyStories-Instruct-1M,bf16,decode,2048,Linear,bf16,48,789504
TinyStories-Instruct-1M,bf16,decode,2048,GELU,bf16,8,18432
TinyStories-Instruct-1M,bf16,decode,2048,LayerNorm,bf16,17,6596
TinyStories-Instruct-1M,bf16,decode,2048,Embedding,bf16,2,0
TinyStories-Instruct-1M,int8,decode,2048,Linear (lm_head),fp32,1,6432896
TinyStories-Instruct-1M,int8,decode,2048,GroupedQueryAttention,fp32,8,4456448
TinyStories-Instruct-1M,int8,decode,2048,Softmax,fp32,8,1310720
TinyStories-Instruct-1M,int8,decode,2048,Linear,int8,48,789504
TinyStories-Instruct-1M,int8,decode,2048,Quantize,fp32,48,18432
TinyStories-Instruct-1M,int8,decode,2048,GELU,fp32,8,18432
TinyStories-Instruct-1M,int8,decode,2048,Dequantize,fp32,48,9216
TinyStories-Instruct-1M,int8,decode,2048,LayerNorm,fp32,17,6596
TinyStories-Instruct-1M,int8,decode,2048,Embedding,fp32,2,0
TinyStories-Instruct-1M,int4,decode,2048,Linear (lm_head),fp32,1,6432896
TinyStories-Instruct-1M,int4,decode,2048,GroupedQueryAttention,fp32,8,4456448
TinyStories-Instruct-1M,int4,decode,2048,Softmax,fp32,8,1310720
TinyStories-Instruct-1M,int4,decode,2048,Linear,fp32,48,789504
TinyStories-Instruct-1M,int4,decode,2048,Dequantize,fp32,48,393216
TinyStories-Instruct-1M,int4,decode,2048,GELU,fp32,8,18432
TinyStories-Instruct-1M,int4,decode,2048,LayerNorm,fp32,17,6596
TinyStories-Instruct-1M,int4,decode,2048,Embedding,fp32,2,0
TinyStories-Instruct-3M,fp32,prefill,1,Linear (lm_head),fp32,1,12865792
TinyStories-Instruct-3M,fp32,prefill,1,Linear,fp32,48,3151872
TinyStories-Instruct-3M,fp32,prefill,1,GELU,fp32,8,36864
TinyStories-Instruct-3M,fp32,prefill,1,LayerNorm,fp32,17,13124
TinyStories-Instruct-3M,fp32,prefill,1,GroupedQueryAttention,fp32,8,4224
TinyStories-Instruct-3M,fp32,prefill,1,Softmax,fp32,8,640
TinyStories-Instruct-3M,fp32,prefill,1,Embedding,fp32,2,0
TinyStories-Instruct-3M,bf16,prefill,1,Linear (lm_head),bf16,1,12865792
TinyStories-Instruct-3M,bf16,prefill,1,Linear,bf16,48,3151872
TinyStories-Instruct-3M,bf16,prefill,1,GELU,bf16,8,36864
TinyStories-Instruct-3M,bf16,prefill,1,LayerNorm,bf16,17,13124
TinyStories-Instruct-3M,bf16,prefill,1,GroupedQueryAttention,bf16,8,4224
TinyStories-Instruct-3M,bf16,prefill,1,Softmax,bf16,8,640
TinyStories-Instruct-3M,bf16,prefill,1,Embedding,bf16,2,0
TinyStories-Instruct-3M,int8,prefill,1,Linear (lm_head),fp32,1,12865792
TinyStories-Instruct-3M,int8,prefill,1,Linear,int8,48,3151872
TinyStories-Instruct-3M,int8,prefill,1,Quantize,fp32,48,36864
TinyStories-Instruct-3M,int8,prefill,1,GELU,fp32,8,36864
TinyStories-Instruct-3M,int8,prefill,1,Dequantize,fp32,48,18432
TinyStories-Instruct-3M,int8,prefill,1,LayerNorm,fp32,17,13124
TinyStories-Instruct-3M,int8,prefill,1,GroupedQueryAttention,fp32,8,4224
TinyStories-Instruct-3M,int8,prefill,1,Softmax,fp32,8,640
TinyStories-Instruct-3M,int8,prefill,1,Embedding,fp32,2,0
TinyStories-Instruct-3M,int4,prefill,1,Linear (lm_head),fp32,1,12865792
TinyStories-Instruct-3M,int4,prefill,1,Linear,fp32,48,3151872
TinyStories-Instruct-3M,int4,prefill,1,Dequantize,fp32,48,1572864
TinyStories-Instruct-3M,int4,prefill,1,GELU,fp32,8,36864
TinyStories-Instruct-3M,int4,prefill,1,LayerNorm,fp32,17,13124
TinyStories-Instruct-3M,int4,prefill,1,GroupedQueryAttention,fp32,8,4224
TinyStories-Instruct-3M,int4,prefill,1,Softmax,fp32,8,640
TinyStories-Instruct-3M,int4,prefill,1,Embedding,fp32,2,0
TinyStories-Instruct-3M,fp32,prefill,2,Linear (lm_head),fp32,1,25731584
TinyStories-Instruct-3M,fp32,prefill,2,Linear,fp32,48,6303744
TinyStories-Instruct-3M,fp32,prefill,2,GELU,fp32,8,73728
TinyStories-Instruct-3M,fp32,prefill,2,LayerNorm,fp32,17,26248
TinyStories-Instruct-3M,fp32,prefill,2,GroupedQueryAttention,fp32,8,16896
TinyStories-Instruct-3M,fp32,prefill,2,Softmax,fp32,8,2560
TinyStories-Instruct-3M,fp32,prefill,2,Embedding,fp32,2,0
TinyStories-Instruct-3M,bf16,prefill,2,Linear (lm_head),bf16,1,25731584
TinyStories-Instruct-3M,bf16,prefill,2,Linear,bf16,48,6303744
TinyStories-Instruct-3M,bf16,prefill,2,GELU,bf16,8,73728
TinyStories-Instruct-3M,bf16,prefill,2,LayerNorm,bf16,17,26248
TinyStories-Instruct-3M,bf16,prefill,2,GroupedQueryAttention,bf16,8,16896
TinyStories-Instruct-3M,bf16,prefill,2,Softmax,bf16,8,2560
TinyStories-Instruct-3M,bf16,prefill,2,Embedding,bf16,2,0
TinyStories-Instruct-3M,int8,prefill,2,Linear (lm_head),fp32,1,25731584
TinyStories-Instruct-3M,int8,prefill,2,Linear,int8,48,6303744
TinyStories-Instruct-3M,int8,prefill,2,Quantize,fp32,48,73728
TinyStories-Instruct-3M,int8,prefill,2,GELU,fp32,8,73728
TinyStories-Instruct-3M,int8,prefill,2,Dequantize,fp32,48,36864
TinyStories-Instruct-3M,int8,prefill,2,LayerNorm,fp32,17,26248
TinyStories-Instruct-3M,int8,prefill,2,GroupedQueryAttention,fp32,8,16896
TinyStories-Instruct-3M,int8,prefill,2,Softmax,fp32,8,2560
TinyStories-Instruct-3M,int8,prefill,2,Embedding,fp32,2,0
TinyStories-Instruct-3M,int4,prefill,2,Linear (lm_head),fp32,1,25731584
TinyStories-Instruct-3M,int4,prefill,2,Linear,fp32,48,6303744
TinyStories-Instruct-3M,int4,prefill,2,Dequantize,fp32,48,1572864
TinyStories-Instruct-3M,int4,prefill,2,GELU,fp32,8,73728
TinyStories-Instruct-3M,int4,prefill,2,LayerNorm,fp32,17,26248
TinyStories-Instruct-3M,int4,prefill,2,GroupedQueryAttention,fp32,8,16896
TinyStories-Instruct-3M,int4,prefill,2,Softmax,fp32,8,2560
TinyStories-Instruct-3M,int4,prefill,2,Embedding,fp32,2,0
TinyStories-Instruct-3M,fp32,prefill,4,Linear (lm_head),fp32,1,51463168
TinyStories-Instruct-3M,fp32,prefill,4,Linear,fp32,48,12607488
TinyStories-Instruct-3M,fp32,prefill,4,GELU,fp32,8,147456
TinyStories-Instruct-3M,fp32,prefill,4,GroupedQueryAttention,fp32,8,67584
TinyStories-Instruct-3M,fp32,prefill,4,LayerNorm,fp32,17,52496
TinyStories-Instruct-3M,fp32,prefill,4,Softmax,fp32,8,10240
TinyStories-Instruct-3M,fp32,prefill,4,Embedding,fp32,2,0
TinyStories-Instruct-3M,bf16,prefill,4,Linear (lm_head),bf16,1,51463168
TinyStories-Instruct-3M,bf16,prefill,4,Linear,bf16,48,12607488
TinyStories-Instruct-3M,bf16,prefill,4,GELU,bf16,8,147456
TinyStories-Instruct-3M,bf16,prefill,4,GroupedQueryAttention,bf16,8,67584
TinyStories-Instruct-3M,bf16,prefill,4,LayerNorm,bf16,17,52496
TinyStories-Instruct-3M,bf16,prefill,4,Softmax,bf16,8,10240
TinyStories-Instruct-3M,bf16,prefill,4,Embedding,bf16,2,0
TinyStories-Instruct-3M,int8,prefill,4,Linear (lm_head),fp32,1,51463168
TinyStories-Instruct-3M,int8,prefill,4,Linear,int8,48,12607488
TinyStories-Instruct-3M,int8,prefill,4,Quantize,fp32,48,147456
TinyStories-Instruct-3M,int8,prefill,4,GELU,fp32,8,147456
TinyStories-Instruct-3M,int8,prefill,4,Dequantize,fp32,48,73728
TinyStories-Instruct-3M,int8,prefill,4,GroupedQueryAttention,fp32,8,67584
TinyStories-Instruct-3M,int8,prefill,4,LayerNorm,fp32,17,52496
TinyStories-Instruct-3M,int8,prefill,4,Softmax,fp32,8,10240
TinyStories-Instruct-3M,int8,prefill,4,Embedding,fp32,2,0
TinyStories-Instruct-3M,int4,prefill,4,Linear (lm_head),fp32,1,51463168
TinyStories-Instruct-3M,int4,prefill,4,Linear,fp32,48,12607488
TinyStories-Instruct-3M,int4,prefill,4,Dequantize,fp32,48,1572864
TinyStories-Instruct-3M,int4,prefill,4,GELU,fp32,8,147456
TinyStories-Instruct-3M,int4,prefill,4,GroupedQueryAttention,fp32,8,67584
TinyStories-Instruct-3M,int4,prefill,4,LayerNorm,fp32,17,52496
TinyStories-Instruct-3M,int4,prefill,4,Softmax,fp32,8,10240
TinyStories-Instruct-3M,int4,prefill,4,Embedding,fp32,2,0
TinyStories-Instruct-3M,fp32,prefill,8,Linear (lm_head),fp32,1,102926336
TinyStories-Instruct-3M,fp32,prefill,8,Linear,fp32,48,25214976
TinyStories-Instruct-3M,fp32,prefill,8,GELU,fp32,8,294912
TinyStories-Instruct-3M,fp32,prefill,8,GroupedQueryAttention,fp32,8,270336
TinyStories-Instruct-3M,fp32,prefill,8,LayerNorm,fp32,17,104992
TinyStories-Instruct-3M,fp32,prefill,8,Softmax,fp32,8,40960
TinyStories-Instruct-3M,fp32,prefill,8,Embedding,fp32,2,0
TinyStories-Instruct-3M,bf16,prefill,8,Linear (lm_head),bf16,1,102926336
TinyStories-Instruct-3M,bf16,prefill,8,Linear,bf16,48,25214976
TinyStories-Instruct-3M,bf16,prefill,8,GELU,bf16,8,294912
TinyStories-Instruct-3M,bf16,prefill,8,GroupedQueryAttention,bf16,8,270336
TinyStories-Instruct-3M,bf16,prefill,8,LayerNorm,bf16,17,104992
TinyStories-Instruct-3M,bf16,prefill,8,Softmax,bf16,8,40960
TinyStories-Instruct-3M,bf16,prefill,8,Embedding,bf16,2,0
TinyStories-Instruct-3M,int8,prefill,8,Linear (lm_head),fp32,1,102926336
TinyStories-Instruct-3M,int8,prefill,8,Linear,int8,48,25214976
TinyStories-Instruct-3M,int8,prefill,8,Quantize,fp32,48,294912
TinyStories-Instruct-3M,int8,prefill,8,GELU,fp32,8,294912
TinyStories-Instruct-3M,int8,prefill,8,GroupedQueryAttention,fp32,8,270336
TinyStories-Instruct-3M,int8,prefill,8,Dequantize,fp32,48,147456
TinyStories-Instruct-3M,int8,prefill,8,LayerNorm,fp32,17,104992
TinyStories-Instruct-3M,int8,prefill,8,Softmax,fp32,8,40960
TinyStories-Instruct-3M,int8,prefill,8,Embedding,fp32,2,0
TinyStories-Instruct-3M,int4,prefill,8,Linear (lm_head),fp32,1,102926336
TinyStories-Instruct-3M,int4,prefill,8,Linear,fp32,48,25214976
TinyStories-Instruct-3M,int4,prefill,8,Dequantize,fp32,48,1572864
TinyStories-Instruct-3M,int4,prefill,8,GELU,fp32,8,294912
TinyStories-Instruct-3M,int4,prefill,8,GroupedQueryAttention,fp32,8,270336
TinyStories-Instruct-3M,int4,prefill,8,LayerNorm,fp32,17,104992
TinyStories-Instruct-3M,int4,prefill,8,Softmax,fp32,8,40960
TinyStories-Instruct-3M,int4,prefill,8,Embedding,fp32,2,0
TinyStories-Instruct-3M,fp32,prefill,16,Linear (lm_head),fp32,1,205852672
TinyStories-Instruct-3M,fp32,prefill,16,Linear,fp32,48,50429952
TinyStories-Instruct-3M,fp32,prefill,16,GroupedQueryAttention,fp32,8,1081344
TinyStories-Instruct-3M,fp32,prefill,16,GELU,fp32,8,589824
TinyStories-Instruct-3M,fp32,prefill,16,LayerNorm,fp32,17,209984
TinyStories-Instruct-3M,fp32,prefill,16,Softmax,fp32,8,163840
TinyStories-Instruct-3M,fp32,prefill,16,Embedding,fp32,2,0
TinyStories-Instruct-3M,bf16,prefill,16,Linear (lm_head),bf16,1,205852672
TinyStories-Instruct-3M,bf16,prefill,16,Linear,bf16,48,50429952
TinyStories-Instruct-3M,bf16,prefill,16,GroupedQueryAttention,bf16,8,1081344
TinyStories-Instruct-3M,bf16,prefill,16,GELU,bf16,8,589824
TinyStories-Instruct-3M,bf16,prefill,16,LayerNorm,bf16,17,209984
TinyStories-Instruct-3M,bf16,prefill,16,Softmax,bf16,8,163840
TinyStories-Instruct-3M,bf16,prefill,16,Embedding,bf16,2,0
TinyStories-Instruct-3M,int8,prefill,16,Linear (lm_head),fp32,1,205852672
TinyStories-Instruct-3M,int8,prefill,16,Linear,int8,48,50429952
TinyStories-Instruct-3M,int8,prefill,16,GroupedQueryAttention,fp32,8,1081344
TinyStories-Instruct-3M,int8,prefill,16,Quantize,fp32,48,589824
TinyStories-Instruct-3M,int8,prefill,16,GELU,fp32,8,589824
TinyStories-Instruct-3M,int8,prefill,16,Dequantize,fp32,48,294912
TinyStories-Instruct-3M,int8,prefill,16,LayerNorm,fp32,17,209984
TinyStories-Instruct-3M,int8,prefill,16,Softmax,fp32,8,163840
TinyStories-Instruct-3M,int8,prefill,16,Embedding,fp32,2,0
TinyStories-Instruct-3M,int4,prefill,16,Linear (lm_head),fp32,1,205852672
TinyStories-Instruct-3M,int4,prefill,16,Linear,fp32,48,50429952
TinyStories-Instruct-3M,int4,prefill,16,Dequantize,fp32,48,1572864
TinyStories-Instruct-3M,int4,prefill,16,GroupedQueryAttention,fp32,8,1081344
TinyStories-Instruct-3M,int4,prefill,16,GELU,fp32,8,589824
TinyStories-Instruct-3M,int4,prefill,16,LayerNorm,fp32,17,209984
TinyStories-Instruct-3M,int4,prefill,16,Softmax,fp32,8,163840
TinyStories-Instruct-3M,int4,prefill,16,Embedding,fp32,2,0
TinyStories-Instruct-3M,fp32,prefill,32,Linear (lm_head),fp32,1,411705344
TinyStories-Instruct-3M,fp32,prefill,32,Linear,fp32,48,100859904
TinyStories-Instruct-3M,fp32,prefill,32,GroupedQueryAttention,fp32,8,4325376
TinyStories-Instruct-3M,fp32,prefill,32,GELU,fp32,8,1179648
TinyStories-Instruct-3M,fp32,prefill,32,Softmax,fp32,8,655360
TinyStories-Instruct-3M,fp32,prefill,32,LayerNorm,fp32,17,419968
TinyStories-Instruct-3M,fp32,prefill,32,Embedding,fp32,2,0
TinyStories-Instruct-3M,bf16,prefill,32,Linear (lm_head),bf16,1,411705344
TinyStories-Instruct-3M,bf16,prefill,32,Linear,bf16,48,100859904
TinyStories-Instruct-3M,bf16,prefill,32,GroupedQueryAttention,bf16,8,4325376
TinyStories-Instruct-3M,bf16,prefill,32,GELU,bf16,8,1179648
TinyStories-Instruct-3M,bf16,prefill,32,Softmax,bf16,8,655360
TinyStories-Instruct-3M,bf16,prefill,32,LayerNorm,bf16,17,419968
TinyStories-Instruct-3M,bf16,prefill,32,Embedding,bf16,2,0
TinyStories-Instruct-3M,int8,prefill,32,Linear (lm_head),fp32,1,411705344
TinyStories-Instruct-3M,int8,prefill,32,Linear,int8,48,100859904
TinyStories-Instruct-3M,int8,prefill,32,GroupedQueryAttention,fp32,8,4325376
TinyStories-Instruct-3M,int8,prefill,32,Quantize,fp32,48,1179648
TinyStories-Instruct-3M,int8,prefill,32,GELU,fp32,8,1179648
TinyStories-Instruct-3M,int8,prefill,32,Softmax,fp32,8,655360
TinyStories-Instruct-3M,int8,prefill,32,Dequantize,fp32,48,589824
TinyStories-Instruct-3M,int8,prefill,32,LayerNorm,fp32,17,419968
TinyStories-Instruct-3M,int8,prefill,32,Embedding,fp32,2,0
TinyStories-Instruct-3M,int4,prefill,32,Linear (lm_head),fp32,1,411705344
TinyStories-Instruct-3M,int4,prefill,32,Linear,fp32,48,100859904
TinyStories-Instruct-3M,int4,prefill,32,GroupedQueryAttention,fp32,8,4325376
TinyStories-Instruct-3M,int4,prefill,32,Dequantize,fp32,48,1572864
TinyStories-Instruct-3M,int4,prefill,32,GELU,fp32,8,1179648
TinyStories-Instruct-3M,int4,prefill,32,Softmax,fp32,8,655360
TinyStories-Instruct-3M,int4,prefill,32,LayerNorm,fp32,17,419968
TinyStories-Instruct-3M,int4,prefill,32,Embedding,fp32,2,0
TinyStories-Instruct-3M,fp32,prefill,64,Linear (lm_head),fp32,1,823410688
TinyStories-Instruct-3M,fp32,prefill,64,Linear,fp32,48,201719808
TinyStories-Instruct-3M,fp32,prefill,64,GroupedQueryAttention,fp32,8,17301504
TinyStories-Instruct-3M,fp32,prefill,64,Softmax,fp32,8,2621440
TinyStories-Instruct-3M,fp32,prefill,64,GELU,fp32,8,2359296
TinyStories-Instruct-3M,fp32,prefill,64,LayerNorm,fp32,17,839936
TinyStories-Instruct-3M,fp32,prefill,64,Embedding,fp32,2,0
TinyStories-Instruct-3M,bf16,prefill,64,Linear (lm_head),bf16,1,823410688
TinyStories-Instruct-3M,bf16,prefill,64,Linear,bf16,48,201719808
TinyStories-Instruct-3M,bf16,prefill,64,GroupedQueryAttention,bf16,8,17301504
TinyStories-Instruct-3M,bf16,prefill,64,Softmax,bf16,8,2621440
TinyStories-Instruct-3M,bf16,prefill,64,GELU,bf16,8,2359296
TinyStories-Instruct-3M,bf16,prefill,64,LayerNorm,bf16,17,839936
TinyStories-Instruct-3M,bf16,prefill,64,Embedding,bf16,2,0
TinyStories-Instruct-3M,int8,prefill,64,Linear (lm_head),fp32,1,823410688
TinyStories-Instruct-3M,int8,prefill,64,Linear,int8,48,201719808
TinyStories-Instruct-3M,int8,prefill,64,GroupedQueryAttention,fp32,8,17301504
TinyStories-Instruct-3M,int8,prefill,64,Softmax,fp32,8,2621440
TinyStories-Instruct-3M,int8,prefill,64,Quantize,fp32,48,2359296
TinyStories-Instruct-3M,int8,prefill,64,GELU,fp32,8,2359296
TinyStories-Instruct-3M,int8,prefill,64,Dequantize,fp32,48,1179648
TinyStories-Instruct-3M,int8,prefill,64,LayerNorm,fp32,17,839936
TinyStories-Instruct-3M,int8,prefill,64,Embedding,fp32,2,0
TinyStories-Instruct-3M,int4,prefill,64,Linear (lm_head),fp32,1,823410688
TinyStories-Instruct-3M,int4,prefill,64,Linear,fp32,48,201719808
TinyStories-Instruct-3M,int4,prefill,64,GroupedQueryAttention,fp32,8,17301504
TinyStories-Instruct-3M,int4,prefill,64,Softmax,fp32,8,2621440
TinyStories-Instruct-3M,int4,prefill,64,GELU,fp32,8,2359296
TinyStories-Instruct-3M,int4,prefill,64,Dequantize,fp32,48,1572864
TinyStories-Instruct-3M,int4,prefill,64,LayerNorm,fp32,17,839936
TinyStories-Instruct-3M,int4,prefill,64,Embedding,fp32,2,0
TinyStories-Instruct-3M,fp32,prefill,128,Linear (lm_head),fp32,1,1646821376
TinyStories-Instruct-3M,fp32,prefill,128,Linear,fp32,48,403439616
TinyStories-Instruct-3M,fp32,prefill,128,GroupedQueryAttention,fp32,8,69206016
TinyStories-Instruct-3M,fp32,prefill,128,Softmax,fp32,8,10485760
TinyStories-Instruct-3M,fp32,prefill,128,GELU,fp32,8,4718592
TinyStories-Instruct-3M,fp32,prefill,128,LayerNorm,fp32,17,1679872
TinyStories-Instruct-3M,fp32,prefill,128,Embedding,fp32,2,0
TinyStories-Instruct-3M,bf16,prefill,128,Linear (lm_head),bf16,1,1646821376
TinyStories-Instruct-3M,bf16,prefill,128,Linear,bf16,48,403439616
TinyStories-Instruct-3M,bf16,prefill,128,GroupedQueryAttention,bf16,8,69206016
TinyStories-Instruct-3M,bf16,prefill,128,Softmax,bf16,8,10485760
TinyStories-Instruct-3M,bf16,prefill,128,GELU,bf16,8,4718592
TinyStories-Instruct-3M,bf16,prefill,128,LayerNorm,bf16,17,1679872
TinyStories-Instruct-3M,bf16,prefill,128,Embedding,bf16,2,0
TinyStories-Instruct-3M,int8,prefill,128,Linear (lm_head),fp32,1,1646821376
TinyStories-Instruct-3M,int8,prefill,128,Linear,int8,48,403439616
TinyStories-Instruct-3M,int8,prefill,128,GroupedQueryAttention,fp32,8,69206016
TinyStories-Instruct-3M,int8,prefill,128,Softmax,fp32,8,10485760
TinyStories-Instruct-3M,int8,prefill,128,Quantize,fp32,48,4718592
TinyStories-Instruct-3M,int8,prefill,128,GELU,fp32,8,4718592
TinyStories-Instruct-3M,int8,prefill,128,Dequantize,fp32,48,2359296
TinyStories-Instruct-3M,int8,prefill,128,LayerNorm,fp32,17,1679872
TinyStories-Instruct-3M,int8,prefill,128,Embedding,fp32,2,0
TinyStories-Instruct-3M,int4,prefill,128,Linear (lm_head),fp32,1,1646821376
TinyStories-Instruct-3M,int4,prefill,128,Linear,fp32,48,403439616
TinyStories-Instruct-3M,int4,prefill,128,GroupedQueryAttention,fp32,8,69206016
TinyStories-Instruct-3M,int4,prefill,128,Softmax,fp32,8,10485760
TinyStories-Instruct-3M,int4,prefill,128,GELU,fp32,8,4718592
TinyStories-Instruct-3M,int4,prefill,128,LayerNorm,fp32,17,1679872
TinyStories-Instruct-3M,int4,prefill,128,Dequantize,fp32,48,1572864
TinyStories-Instruct-3M,int4,prefill,128,Embedding,fp32,2,0
TinyStories-Instruct-3M,fp32,prefill,256,Linear (lm_head),fp32,1,3293642752
TinyStories-Instruct-3M,fp32,prefill,256,Linear,fp32,48,806879232
TinyStories-Instruct-3M,fp32,prefill,256,GroupedQueryAttention,fp32,8,276824064
TinyStories-Instruct-3M,fp32,prefill,256,Softmax,fp32,8,41943040
TinyStories-Instruct-3M,fp32,prefill,256,GELU,fp32,8,9437184
TinyStories-Instruct-3M,fp32,prefill,256,LayerNorm,fp32,17,3359744
TinyStories-Instruct-3M,fp32,prefill,256,Embedding,fp32,2,0
TinyStories-Instruct-3M,bf16,prefill,256,Linear (lm_head),bf16,1,3293642752
TinyStories-Instruct-3M,bf16,prefill,256,Linear,bf16,48,806879232
TinyStories-Instruct-3M,bf16,prefill,256,GroupedQueryAttention,bf16,8,276824064
TinyStories-Instruct-3M,bf16,prefill,256,Softmax,bf16,8,41943040
TinyStories-Instruct-3M,bf16,prefill,256,GELU,bf16,8,9437184
TinyStories-Instruct-3M,bf16,prefill,256,LayerNorm,bf16,17,3359744
TinyStories-Instruct-3M,bf16,prefill,256,Embedding,bf16,2,0
TinyStories-Instruct-3M,int8,prefill,256,Linear (lm_head),fp32,1,3293642752
TinyStories-Instruct-3M,int8,prefill,256,Linear,int8,48,806879232
TinyStories-Instruct-3M,int8,prefill,256,GroupedQueryAttention,fp32,8,276824064
TinyStories-Instruct-3M,int8,prefill,256,Softmax,fp32,8,41943040
TinyStories-Instruct-3M,int8,prefill,256,Quantize,fp32,48,9437184
TinyStories-Instruct-3M,int8,prefill,256,GELU,fp32,8,9437184
TinyStories-Instruct-3M,int8,prefill,256,Dequantize,fp32,48,4718592
TinyStories-Instruct-3M,int8,prefill,256,LayerNorm,fp32,17,3359744
TinyStories-Instruct-3M,int8,prefill,256,Embedding,fp32,2,0
TinyStories-Instruct-3M,int4,prefill,256,Linear (lm_head),fp32,1,3293642752
TinyStories-Instruct-3M,int4,prefill,256,Linear,fp32,48,806879232
TinyStories-Instruct-3M,int4,prefill,256,GroupedQueryAttention,fp32,8,276824064
TinyStories-Instruct-3M,int4,prefill,256,Softmax,fp32,8,41943040
TinyStories-Instruct-3M,int4,prefill,256,GELU,fp32,8,9437184
TinyStories-Instruct-3M,int4,prefill,256,LayerNorm,fp32,17,3359744
TinyStories-Instruct-3M,int4,prefill,256,Dequantize,fp32,48,1572864
TinyStories-Instruct-3M,int4,prefill,256,Embedding,fp32,2,0
TinyStories-Instruct-3M,fp32,prefill,512,Linear (lm_head),fp32,1,6587285504
TinyStories-Instruct-3M,fp32,prefill,512,Linear,fp32,48,1613758464
TinyStories-Instruct-3M,fp32,prefill,512,GroupedQueryAttention,fp32,8,1107296256
TinyStories-Instruct-3M,fp32,prefill,512,Softmax,fp32,8,167772160
TinyStories-Instruct-3M,fp32,prefill,512,GELU,fp32,8,18874368
TinyStories-Instruct-3M,fp32,prefill,512,LayerNorm,fp32,17,6719488
TinyStories-Instruct-3M,fp32,prefill,512,Embedding,fp32,2,0
TinyStories-Instruct-3M,bf16,prefill,512,Linear (lm_head),bf16,1,6587285504
TinyStories-Instruct-3M,bf16,prefill,512,Linear,bf16,48,1613758464
TinyStories-Instruct-3M,bf16,prefill,512,GroupedQueryAttention,bf16,8,1107296256
TinyStories-Instruct-3M,bf16,prefill,512,Softmax,bf16,8,167772160
TinyStories-Instruct-3M,bf16,prefill,512,GELU,bf16,8,18874368
TinyStories-Instruct-3M,bf16,prefill,512,LayerNorm,bf16,17,6719488
TinyStories-Instruct-3M,bf16,prefill,512,Embedding,bf16,2,0
TinyStories-Instruct-3M,int8,prefill,512,Linear (lm_head),fp32,1,6587285504
TinyStories-Instruct-3M,int8,prefill,512,Linear,int8,48,1613758464
TinyStories-Instruct-3M,int8,prefill,512,GroupedQueryAttention,fp32,8,1107296256
TinyStories-Instruct-3M,int8,prefill,512,Softmax,fp32,8,167772160
TinyStories-Instruct-3M,int8,prefill,512,Quantize,fp32,48,18874368
TinyStories-Instruct-3M,int8,prefill,512,GELU,fp32,8,18874368
TinyStories-Instruct-3M,int8,prefill,512,Dequantize,fp32,48,9437184
TinyStories-Instruct-3M,int8,prefill,512,LayerNorm,fp32,17,6719488
TinyStories-Instruct-3M,int8,prefill,512,Embedding,fp32,2,0
TinyStories-Instruct-3M,int4,prefill,512,Linear (lm_head),fp32,1,6587285504
TinyStories-Instruct-3M,int4,prefill,512,Linear,fp32,48,1613758464
TinyStories-Instruct-3M,int4,prefill,512,GroupedQueryAttention,fp32,8,1107296256
TinyStories-Instruct-3M,int4,prefill,512,Softmax,fp32,8,167772160
TinyStories-Instruct-3M,int4,prefill,512,GELU,fp32,8,18874368
TinyStories-Instruct-3M,int4,prefill,512,LayerNorm,fp32,17,6719488
TinyStories-Instruct-3M,int4,prefill,512,Dequantize,fp32,48,1572864
TinyStories-Instruct-3M,int4,prefill,512,Embedding,fp32,2,0
TinyStories-Instruct-3M,fp32,prefill,1024,Linear (lm_head),fp32,1,13174571008
TinyStories-Instruct-3M,fp32,prefill,1024,GroupedQueryAttention,fp32,8,4429185024
TinyStories-Instruct-3M,fp32,prefill,1024,Linear,fp32,48,3227516928
TinyStories-Instruct-3M,fp32,prefill,1024,Softmax,fp32,8,671088640
TinyStories-Instruct-3M,fp32,prefill,1024,GELU,fp32,8,37748736
TinyStories-Instruct-3M,fp32,prefill,1024,LayerNorm,fp32,17,13438976
TinyStories-Instruct-3M,fp32,prefill,1024,Embedding,fp32,2,0
TinyStories-Instruct-3M,bf16,prefill,1024,Linear (lm_head),bf16,1,13174571008
TinyStories-Instruct-3M,bf16,prefill,1024,GroupedQueryAttention,bf16,8,4429185024
TinyStories-Instruct-3M,bf16,prefill,1024,Linear,bf16,48,3227516928
TinyStories-Instruct-3M,bf16,prefill,1024,Softmax,bf16,8,671088640
TinyStories-Instruct-3M,bf16,prefill,1024,GELU,bf16,8,37748736
TinyStories-Instruct-3M,bf16,prefill,1024,LayerNorm,bf16,17,13438976
TinyStories-Instruct-3M,bf16,prefill,1024,Embedding,bf16,2,0
TinyStories-Instruct-3M,int8,prefill,1024,Linear (lm_head),fp32,1,13174571008
TinyStories-Instruct-3M,int8,prefill,1024,GroupedQueryAttention,fp32,8,4429185024
TinyStories-Instruct-3M,int8,prefill,1024,Linear,int8,48,3227516928
TinyStories-Instruct-3M,int8,prefill,1024,Softmax,fp32,8,671088640
TinyStories-Instruct-3M,int8,prefill,1024,Quantize,fp32,48,37748736
TinyStories-Instruct-3M,int8,prefill,1024,GELU,fp32,8,37748736
TinyStories-Instruct-3M,int8,prefill,1024,Dequantize,fp32,48,18874368
TinyStories-Instruct-3M,int8,prefill,1024,LayerNorm,fp32,17,13438976
TinyStories-Instruct-3M,int8,prefill,1024,Embedding,fp32,2,0
TinyStories-Instruct-3M,int4,prefill,1024,Linear (lm_head),fp32,1,13174571008
TinyStories-Instruct-3M,int4,prefill,1024,GroupedQueryAttention,fp32,8,4429185024
TinyStories-Instruct-3M,int4,prefill,1024,Linear,fp32,48,3227516928
TinyStories-Instruct-3M,int4,prefill,1024,Softmax,fp32,8,671088640
TinyStories-Instruct-3M,int4,prefill,1024,GELU,fp32,8,37748736
TinyStories-Instruct-3M,int4,prefill,1024,LayerNorm,fp32,17,13438976
TinyStories-Instruct-3M,int4,prefill,1024,Dequantize,fp32,48,1572864
TinyStories-Instruct-3M,int4,prefill,1024,Embedding,fp32,2,0
TinyStories-Instruct-3M,fp32,prefill,2048,Linear (lm_head),fp32,1,26349142016
TinyStories-Instruct-3M,fp32,prefill,2048,GroupedQueryAttention,fp32,8,17716740096
TinyStories-Instruct-3M,fp32,prefill,2048,Linear,fp32,48,6455033856
TinyStories-Instruct-3M,fp32,prefill,2048,Softmax,fp32,8,2684354560
TinyStories-Instruct-3M,fp32,prefill,2048,GELU,fp32,8,75497472
TinyStories-Instruct-3M,fp32,prefill,2048,LayerNorm,fp32,17,26877952
TinyStories-Instruct-3M,fp32,prefill,2048,Embedding,fp32,2,0
TinyStories-Instruct-3M,bf16,prefill,2048,Linear (lm_head),bf16,1,26349142016
TinyStories-Instruct-3M,bf16,prefill,2048,GroupedQueryAttention,bf16,8,17716740096
TinyStories-Instruct-3M,bf16,prefill,2048,Linear,bf16,48,6455033856
TinyStories-Instruct-3M,bf16,prefill,2048,Softmax,bf16,8,2684354560
TinyStories-Instruct-3M,bf16,prefill,2048,GELU,bf16,8,75497472
TinyStories-Instruct-3M,bf16,prefill,2048,LayerNorm,bf16,17,26877952
TinyStories-Instruct-3M,bf16,prefill,2048,Embedding,bf16,2,0
TinyStories-Instruct-3M,int8,prefill,2048,Linear (lm_head),fp32,1,26349142016
TinyStories-Instruct-3M,int8,prefill,2048,GroupedQueryAttention,fp32,8,17716740096
TinyStories-Instruct-3M,int8,prefill,2048,Linear,int8,48,6455033856
TinyStories-Instruct-3M,int8,prefill,2048,Softmax,fp32,8,2684354560
TinyStories-Instruct-3M,int8,prefill,2048,Quantize,fp32,48,75497472
TinyStories-Instruct-3M,int8,prefill,2048,GELU,fp32,8,75497472
TinyStories-Instruct-3M,int8,prefill,2048,Dequantize,fp32,48,37748736
TinyStories-Instruct-3M,int8,prefill,2048,LayerNorm,fp32,17,26877952
TinyStories-Instruct-3M,int8,prefill,2048,Embedding,fp32,2,0
TinyStories-Instruct-3M,int4,prefill,2048,Linear (lm_head),fp32,1,26349142016
TinyStories-Instruct-3M,int4,prefill,2048,GroupedQueryAttention,fp32,8,17716740096
TinyStories-Instruct-3M,int4,prefill,2048,Linear,fp32,48,6455033856
TinyStories-Instruct-3M,int4,prefill,2048,Softmax,fp32,8,2684354560
TinyStories-Instruct-3M,int4,prefill,2048,GELU,fp32,8,75497472
TinyStories-Instruct-3M,int4,prefill,2048,LayerNorm,fp32,17,26877952
TinyStories-Instruct-3M,int4,prefill,2048,Dequantize,fp32,48,1572864
TinyStories-Instruct-3M,int4,prefill,2048,Embedding,fp32,2,0
TinyStories-Instruct-3M,fp32,decode,2,Linear (lm_head),fp32,1,12865792
TinyStories-Instruct-3M,fp32,decode,2,Linear,fp32,48,3151872
TinyStories-Instruct-3M,fp32,decode,2,GELU,fp32,8,36864
TinyStories-Instruct-3M,fp32,decode,2,LayerNorm,fp32,17,13124
TinyStories-Instruct-3M,fp32,decode,2,GroupedQueryAttention,fp32,8,8448
TinyStories-Instruct-3M,fp32,decode,2,Softmax,fp32,8,1280
TinyStories-Instruct-3M,fp32,decode,2,Embedding,fp32,2,0
TinyStories-Instruct-3M,bf16,decode,2,Linear (lm_head),bf16,1,12865792
TinyStories-Instruct-3M,bf16,decode,2,Linear,bf16,48,3151872
TinyStories-Instruct-3M,bf16,decode,2,GELU,bf16,8,36864
TinyStories-Instruct-3M,bf16,decode,2,LayerNorm,bf16,17,13124
TinyStories-Instruct-3M,bf16,decode,2,GroupedQueryAttention,bf16,8,8448
TinyStories-Instruct-3M,bf16,decode,2,Softmax,bf16,8,1280
TinyStories-Instruct-3M,bf16,decode,2,Embedding,bf16,2,0
TinyStories-Instruct-3M,int8,decode,2,Linear (lm_head),fp32,1,12865792
TinyStories-Instruct-3M,int8,decode,2,Linear,int8,48,3151872
TinyStories-Instruct-3M,int8,decode,2,Quantize,fp32,48,36864
TinyStories-Instruct-3M,int8,decode,2,GELU,fp32,8,36864
TinyStories-Instruct-3M,int8,decode,2,Dequantize,fp32,48,18432
TinyStories-Instruct-3M,int8,decode,2,LayerNorm,fp32,17,13124
TinyStories-Instruct-3M,int8,decode,2,GroupedQueryAttention,fp32,8,8448
TinyStories-Instruct-3M,int8,decode,2,Softmax,fp32,8,1280
TinyStories-Instruct-3M,int8,decode,2,Embedding,fp32,2,0
TinyStories-Instruct-3M,int4,decode,2,Linear (lm_head),fp32,1,12865792
TinyStories-Instruct-3M,int4,decode,2,Linear,fp32,48,3151872
TinyStories-Instruct-3M,int4,decode,2,Dequantize,fp32,48,1572864
TinyStories-Instruct-3M,int4,decode,2,GELU,fp32,8,36864
TinyStories-Instruct-3M,int4,decode,2,LayerNorm,fp32,17,13124
TinyStories-Instruct-3M,int4,decode,2,GroupedQueryAttention,fp32,8,8448
TinyStories-Instruct-3M,int4,decode,2,Softmax,fp32,8,1280
TinyStories-Instruct-3M,int4,decode,2,Embedding,fp32,2,0
TinyStories-Instruct-3M,fp32,decode,4,Linear (lm_head),fp32,1,12865792
TinyStories-Instruct-3M,fp32,decode,4,Linear,fp32,48,3151872
TinyStories-Instruct-3M,fp32,decode,4,GELU,fp32,8,36864
TinyStories-Instruct-3M,fp32,decode,4,GroupedQueryAttention,fp32,8,16896
TinyStories-Instruct-3M,fp32,decode,4,LayerNorm,fp32,17,13124
TinyStories-Instruct-3M,fp32,decode,4,Softmax,fp32,8,2560
TinyStories-Instruct-3M,fp32,decode,4,Embedding,fp32,2,0
TinyStories-Instruct-3M,bf16,decode,4,Linear (lm_head),bf16,1,12865792
TinyStories-Instruct-3M,bf16,decode,4,Linear,bf16,48,3151872
TinyStories-Instruct-3M,bf16,decode,4,GELU,bf16,8,36864
TinyStories-Instruct-3M,bf16,decode,4,GroupedQueryAttention,bf16,8,16896
TinyStories-Instruct-3M,bf16,decode,4,LayerNorm,bf16,17,13124
TinyStories-Instruct-3M,bf16,decode,4,Softmax,bf16,8,2560
TinyStories-Instruct-3M,bf16,decode,4,Embedding,bf16,2,0
TinyStories-Instruct-3M,int8,decode,4,Linear (lm_head),fp32,1,12865792
TinyStories-Instruct-3M,int8,decode,4,Linear,int8,48,3151872
TinyStories-Instruct-3M,int8,decode,4,Quantize,fp32,48,36864
TinyStories-Instruct-3M,int8,decode,4,GELU,fp32,8,36864
TinyStories-Instruct-3M,int8,decode,4,Dequantize,fp32,48,18432
TinyStories-Instruct-3M,int8,decode,4,GroupedQueryAttention,fp32,8,16896
TinyStories-Instruct-3M,int8,decode,4,LayerNorm,fp32,17,13124
TinyStories-Instruct-3M,int8,decode,4,Softmax,fp32,8,2560
TinyStories-Instruct-3M,int8,decode,4,Embedding,fp32,2,0
TinyStories-Instruct-3M,int4,decode,4,Linear (lm_head),fp32,1,12865792
TinyStories-Instruct-3M,int4,decode,4,Linear,fp32,48,3151872
TinyStories-Instruct-3M,int4,decode,4,Dequantize,fp32,48,1572864
TinyStories-Instruct-3M,int4,decode,4,GELU,fp32,8,36864
TinyStories-Instruct-3M,int4,decode,4,GroupedQueryAttention,fp32,8,16896
TinyStories-Instruct-3M,int4,decode,4,LayerNorm,fp32,17,13124
TinyStories-Instruct-3M,int4,decode,4,Softmax,fp32,8,2560
TinyStories-Instruct-3M,int4,decode,4,Embedding,fp32,2,0
TinyStories-Instruct-3M,fp32,decode,8,Linear (lm_head),fp32,1,12865792
TinyStories-Instruct-3M,fp32,decode,8,Linear,fp32,48,3151872
TinyStories-Instruct-3M,fp32,decode,8,GELU,fp32,8,36864
TinyStories-Instruct-3M,fp32,decode,8,GroupedQueryAttention,fp32,8,33792
TinyStories-Instruct-3M,fp32,decode,8,LayerNorm,fp32,17,13124
TinyStories-Instruct-3M,fp32,decode,8,Softmax,fp32,8,5120
TinyStories-Instruct-3M,fp32,decode,8,Embedding,fp32,2,0
TinyStories-Instruct-3M,bf16,decode,8,Linear (lm_head),bf16,1,12865792
TinyStories-Instruct-3M,bf16,decode,8,Linear,bf16,48,3151872
TinyStories-Instruct-3M,bf16,decode,8,GELU,bf16,8,36864
TinyStories-Instruct-3M,bf16,decode,8,GroupedQueryAttention,bf16,8,33792
TinyStories-Instruct-3M,bf16,decode,8,LayerNorm,bf16,17,13124
TinyStories-Instruct-3M,bf16,decode,8,Softmax,bf16,8,5120
TinyStories-Instruct-3M,bf16,decode,8,Embedding,bf16,2,0
TinyStories-Instruct-3M,int8,decode,8,Linear (lm_head),fp32,1,12865792
TinyStories-Instruct-3M,int8,decode,8,Linear,int8,48,3151872
TinyStories-Instruct-3M,int8,decode,8,Quantize,fp32,48,36864
TinyStories-Instruct-3M,int8,decode,8,GELU,fp32,8,36864
TinyStories-Instruct-3M,int8,decode,8,GroupedQueryAttention,fp32,8,33792
TinyStories-Instruct-3M,int8,decode,8,Dequantize,fp32,48,18432
TinyStories-Instruct-3M,int8,decode,8,LayerNorm,fp32,17,13124
TinyStories-Instruct-3M,int8,decode,8,Softmax,fp32,8,5120
TinyStories-Instruct-3M,int8,decode,8,Embedding,fp32,2,0
TinyStories-Instruct-3M,int4,decode,8,Linear (lm_head),fp32,1,12865792
TinyStories-Instruct-3M,int4,decode,8,Linear,fp32,48,3151872
TinyStories-Instruct-3M,int4,decode,8,Dequantize,fp32,48,1572864
TinyStories-Instruct-3M,int4,decode,8,GELU,fp32,8,36864
TinyStories-Instruct-3M,int4,decode,8,GroupedQueryAttention,fp32,8,33792
TinyStories-Instruct-3M,int4,decode,8,LayerNorm,fp32,17,13124
TinyStories-Instruct-3M,int4,decode,8,Softmax,fp32,8,5120
TinyStories-Instruct-3M,int4,decode,8,Embedding,fp32,2,0
TinyStories-Instruct-3M,fp32,decode,16,Linear (lm_head),fp32,1,12865792
TinyStories-Instruct-3M,fp32,decode,16,Linear,fp32,48,3151872
TinyStories-Instruct-3M,fp32,decode,16,GroupedQueryAttention,fp32,8,67584
TinyStories-Instruct-3M,fp32,decode,16,GELU,fp32,8,36864
TinyStories-Instruct-3M,fp32,decode,16,LayerNorm,fp32,17,13124
TinyStories-Instruct-3M,fp32,decode,16,Softmax,fp32,8,10240
TinyStories-Instruct-3M,fp32,decode,16,Embedding,fp32,2,0
TinyStories-Instruct-3M,bf16,decode,16,Linear (lm_head),bf16,1,12865792
TinyStories-Instruct-3M,bf16,decode,16,Linear,bf16,48,3151872
TinyStories-Instruct-3M,bf16,decode,16,GroupedQueryAttention,bf16,8,67584
TinyStories-Instruct-3M,bf16,decode,16,GELU,bf16,8,36864
TinyStories-Instruct-3M,bf16,decode,16,LayerNorm,bf16,17,13124
TinyStories-Instruct-3M,bf16,decode,16,Softmax,bf16,8,10240
TinyStories-Instruct-3M,bf16,decode,16,Embedding,bf16,2,0
TinyStories-Instruct-3M,int8,decode,16,Linear (lm_head),fp32,1,12865792
TinyStories-Instruct-3M,int8,decode,16,Linear,int8,48,3151872
TinyStories-Instruct-3M,int8,decode,16,GroupedQueryAttention,fp32,8,67584
TinyStories-Instruct-3M,int8,decode,16,Quantize,fp32,48,36864
TinyStories-Instruct-3M,int8,decode,16,GELU,fp32,8,36864
TinyStories-Instruct-3M,int8,decode,16,Dequantize,fp32,48,18432
TinyStories-Instruct-3M,int8,decode,16,LayerNorm,fp32,17,13124
TinyStories-Instruct-3M,int8,decode,16,Softmax,fp32,8,10240
TinyStories-Instruct-3M,int8,decode,16,Embedding,fp32,2,0
TinyStories-Instruct-3M,int4,decode,16,Linear (lm_head),fp32,1,12865792
TinyStories-Instruct-3M,int4,decode,16,Linear,fp32,48,3151872
TinyStories-Instruct-3M,int4,decode,16,Dequantize,fp32,48,1572864
TinyStories-Instruct-3M,int4,decode,16,GroupedQueryAttention,fp32,8,67584
TinyStories-Instruct-3M,int4,decode,16,GELU,fp32,8,36864
TinyStories-Instruct-3M,int4,decode,16,LayerNorm,fp32,17,13124
TinyStories-Instruct-3M,int4,decode,16,Softmax,fp32,8,10240
TinyStories-Instruct-3M,int4,decode,16,Embedding,fp32,2,0
TinyStories-Instruct-3M,fp32,decode,32,Linear (lm_head),fp32,1,12865792
TinyStories-Instruct-3M,fp32,decode,32,Linear,fp32,48,3151872
TinyStories-Instruct-3M,fp32,decode,32,GroupedQueryAttention,fp32,8,135168
TinyStories-Instruct-3M,fp32,decode,32,GELU,fp32,8,36864
TinyStories-Instruct-3M,fp32,decode,32,Softmax,fp32,8,20480
TinyStories-Instruct-3M,fp32,decode,32,LayerNorm,fp32,17,13124
TinyStories-Instruct-3M,fp32,decode,32,Embedding,fp32,2,0
TinyStories-Instruct-3M,bf16,decode,32,Linear (lm_head),bf16,1,12865792
TinyStories-Instruct-3M,bf16,decode,32,Linear,bf16,48,3151872
TinyStories-Instruct-3M,bf16,decode,32,GroupedQueryAttention,bf16,8,135168
TinyStories-Instruct-3M,bf16,decode,32,GELU,bf16,8,36864
TinyStories-Instruct-3M,bf16,decode,32,Softmax,bf16,8,20480
TinyStories-Instruct-3M,bf16,decode,32,LayerNorm,bf16,17,13124
TinyStories-Instruct-3M,bf16,decode,32,Embedding,bf16,2,0
TinyStories-Instruct-3M,int8,decode,32,Linear (lm_head),fp32,1,12865792
TinyStories-Instruct-3M,int8,decode,32,Linear,int8,48,3151872
TinyStories-Instruct-3M,int8,decode,32,GroupedQueryAttention,fp32,8,135168
TinyStories-Instruct-3M,int8,decode,32,Quantize,fp32,48,36864
TinyStories-Instruct-3M,int8,decode,32,GELU,fp32,8,36864
TinyStories-Instruct-3M,int8,decode,32,Softmax,fp32,8,20480
TinyStories-Instruct-3M,int8,decode,32,Dequantize,fp32,48,18432
TinyStories-Instruct-3M,int8,decode,32,LayerNorm,fp32,17,13124
TinyStories-Instruct-3M,int8,decode,32,Embedding,fp32,2,0
TinyStories-Instruct-3M,int4,decode,32,Linear (lm_head),fp32,1,12865792
TinyStories-Instruct-3M,int4,decode,32,Linear,fp32,48,3151872
TinyStories-Instruct-3M,int4,decode,32,Dequantize,fp32,48,1572864
TinyStories-Instruct-3M,int4,decode,32,GroupedQueryAttention,fp32,8,135168
TinyStories-Instruct-3M,int4,decode,32,GELU,fp32,8,36864
TinyStories-Instruct-3M,int4,decode,32,Softmax,fp32,8,20480
TinyStories-Instruct-3M,int4,decode,32,LayerNorm,fp32,17,13124
TinyStories-Instruct-3M,int4,decode,32,Embedding,fp32,2,0
TinyStories-Instruct-3M,fp32,decode,64,Linear (lm_head),fp32,1,12865792
TinyStories-Instruct-3M,fp32,decode,64,Linear,fp32,48,3151872
TinyStories-Instruct-3M,fp32,decode,64,GroupedQueryAttention,fp32,8,270336
TinyStories-Instruct-3M,fp32,decode,64,Softmax,fp32,8,40960
TinyStories-Instruct-3M,fp32,decode,64,GELU,fp32,8,36864
TinyStories-Instruct-3M,fp32,decode,64,LayerNorm,fp32,17,13124
TinyStories-Instruct-3M,fp32,decode,64,Embedding,fp32,2,0
TinyStories-Instruct-3M,bf16,decode,64,Linear (lm_head),bf16,1,12865792
TinyStories-Instruct-3M,bf16,decode,64,Linear,bf16,48,3151872
TinyStories-Instruct-3M,bf16,decode,64,GroupedQueryAttention,bf16,8,270336
TinyStories-Instruct-3M,bf16,decode,64,Softmax,bf16,8,40960
TinyStories-Instruct-3M,bf16,decode,64,GELU,bf16,8,36864
TinyStories-Instruct-3M,bf16,decode,64,LayerNorm,bf16,17,13124
TinyStories-Instruct-3M,bf16,decode,64,Embedding,bf16,2,0
TinyStories-Instruct-3M,int8,decode,64,Linear (lm_head),fp32,1,12865792
TinyStories-Instruct-3M,int8,decode,64,Linear,int8,48,3151872
TinyStories-Instruct-3M,int8,decode,64,GroupedQueryAttention,fp32,8,270336
TinyStories-Instruct-3M,int8,decode,64,Softmax,fp32,8,40960
TinyStories-Instruct-3M,int8,decode,64,Quantize,fp32,48,36864
TinyStories-Instruct-3M,int8,decode,64,GELU,fp32,8,36864
TinyStories-Instruct-3M,int8,decode,64,Dequantize,fp32,48,18432
TinyStories-Instruct-3M,int8,decode,64,LayerNorm,fp32,17,13124
TinyStories-Instruct-3M,int8,decode,64,Embedding,fp32,2,0
TinyStories-Instruct-3M,int4,decode,64,Linear (lm_head),fp32,1,12865792
TinyStories-Instruct-3M,int4,decode,64,Linear,fp32,48,3151872
TinyStories-Instruct-3M,int4,decode,64,Dequantize,fp32,48,1572864
TinyStories-Instruct-3M,int4,decode,64,GroupedQueryAttention,fp32,8,270336
TinyStories-Instruct-3M,int4,decode,64,Softmax,fp32,8,40960
TinyStories-Instruct-3M,int4,decode,64,GELU,fp32,8,36864
TinyStories-Instruct-3M,int4,decode,64,LayerNorm,fp32,17,13124
TinyStories-Instruct-3M,int4,decode,64,Embedding,fp32,2,0
TinyStories-Instruct-3M,fp32,decode,128,Linear (lm_head),fp32,1,12865792
TinyStories-Instruct-3M,fp32,decode,128,Linear,fp32,48,3151872
TinyStories-Instruct-3M,fp32,decode,128,GroupedQueryAttention,fp32,8,540672
TinyStories-Instruct-3M,fp32,decode,128,Softmax,fp32,8,81920
TinyStories-Instruct-3M,fp32,decode,128,GELU,fp32,8,36864
TinyStories-Instruct-3M,fp32,decode,128,LayerNorm,fp32,17,13124
TinyStories-Instruct-3M,fp32,decode,128,Embedding,fp32,2,0
TinyStories-Instruct-3M,bf16,decode,128,Linear (lm_head),bf16,1,12865792
TinyStories-Instruct-3M,bf16,decode,128,Linear,bf16,48,3151872
TinyStories-Instruct-3M,bf16,decode,128,GroupedQueryAttention,bf16,8,540672
TinyStories-Instruct-3M,bf16,decode,128,Softmax,bf16,8,81920
TinyStories-Instruct-3M,bf16,decode,128,GELU,bf16,8,36864
TinyStories-Instruct-3M,bf16,decode,128,LayerNorm,bf16,17,13124
TinyStories-Instruct-3M,bf16,decode,128,Embedding,bf16,2,0
TinyStories-Instruct-3M,int8,decode,128,Linear (lm_head),fp32,1,12865792
TinyStories-Instruct-3M,int8,decode,128,Linear,int8,48,3151872
TinyStories-Instruct-3M,int8,decode,128,GroupedQueryAttention,fp32,8,540672
TinyStories-Instruct-3M,int8,decode,128,Softmax,fp32,8,81920
TinyStories-Instruct-3M,int8,decode,128,Quantize,fp32,48,36864
TinyStories-Instruct-3M,int8,decode,128,GELU,fp32,8,36864
TinyStories-Instruct-3M,int8,decode,128,Dequantize,fp32,48,18432
TinyStories-Instruct-3M,int8,decode,128,LayerNorm,fp32,17,13124
TinyStories-Instruct-3M,int8,decode,128,Embedding,fp32,2,0
TinyStories-Instruct-3M,int4,decode,128,Linear (lm_head),fp32,1,12865792
TinyStories-Instruct-3M,int4,decode,128,Linear,fp32,48,3151872
TinyStories-Instruct-3M,int4,decode,128,Dequantize,fp32,48,1572864
TinyStories-Instruct-3M,int4,decode,128,GroupedQueryAttention,fp32,8,540672
TinyStories-Instruct-3M,int4,decode,128,Softmax,fp32,8,81920
TinyStories-Instruct-3M,int4,decode,128,GELU,fp32,8,36864
TinyStories-Instruct-3M,int4,decode,128,LayerNorm,fp32,17,13124
TinyStories-Instruct-3M,int4,decode,128,Embedding,fp32,2,0
TinyStories-Instruct-3M,fp32,decode,256,Linear (lm_head),fp32,1,12865792
TinyStories-Instruct-3M,fp32,decode,256,Linear,fp32,48,3151872
TinyStories-Instruct-3M,fp32,decode,256,GroupedQueryAttention,fp32,8,1081344
TinyStories-Instruct-3M,fp32,decode,256,Softmax,fp32,8,163840
TinyStories-Instruct-3M,fp32,decode,256,GELU,fp32,8,36864
TinyStories-Instruct-3M,fp32,decode,256,LayerNorm,fp32,17,13124
TinyStories-Instruct-3M,fp32,decode,256,Embedding,fp32,2,0
TinyStories-Instruct-3M,bf16,decode,256,Linear (lm_head),bf16,1,12865792
TinyStories-Instruct-3M,bf16,decode,256,Linear,bf16,48,3151872
TinyStories-Instruct-3M,bf16,decode,256,GroupedQueryAttention,bf16,8,1081344
TinyStories-Instruct-3M,bf16,decode,256,Softmax,bf16,8,163840
TinyStories-Instruct-3M,bf16,decode,256,GELU,bf16,8,36864
TinyStories-Instruct-3M,bf16,decode,256,LayerNorm,bf16,17,13124
TinyStories-Instruct-3M,bf16,decode,256,Embedding,bf16,2,0
TinyStories-Instruct-3M,int8,decode,256,Linear (lm_head),fp32,1,12865792
TinyStories-Instruct-3M,int8,decode,256,Linear,int8,48,3151872
TinyStories-Instruct-3M,int8,decode,256,GroupedQueryAttention,fp32,8,1081344
TinyStories-Instruct-3M,int8,decode,256,Softmax,fp32,8,163840
TinyStories-Instruct-3M,int8,decode,256,Quantize,fp32,48,36864
TinyStories-Instruct-3M,int8,decode,256,GELU,fp32,8,36864
TinyStories-Instruct-3M,int8,decode,256,Dequantize,fp32,48,18432
TinyStories-Instruct-3M,int8,decode,256,LayerNorm,fp32,17,13124
TinyStories-Instruct-3M,int8,decode,256,Embedding,fp32,2,0
TinyStories-Instruct-3M,int4,decode,256,Linear (lm_head),fp32,1,12865792
TinyStories-Instruct-3M,int4,decode,256,Linear,fp32,48,3151872
TinyStories-Instruct-3M,int4,decode,256,Dequantize,fp32,48,1572864
TinyStories-Instruct-3M,int4,decode,256,GroupedQueryAttention,fp32,8,1081344
TinyStories-Instruct-3M,int4,decode,256,Softmax,fp32,8,163840
TinyStories-Instruct-3M,int4,decode,256,GELU,fp32,8,36864
TinyStories-Instruct-3M,int4,decode,256,LayerNorm,fp32,17,13124
TinyStories-Instruct-3M,int4,decode,256,Embedding,fp32,2,0
TinyStories-Instruct-3M,fp32,decode,512,Linear (lm_head),fp32,1,12865792
TinyStories-Instruct-3M,fp32,decode,512,Linear,fp32,48,3151872
TinyStories-Instruct-3M,fp32,decode,512,GroupedQueryAttention,fp32,8,2162688
TinyStories-Instruct-3M,fp32,decode,512,Softmax,fp32,8,327680
TinyStories-Instruct-3M,fp32,decode,512,GELU,fp32,8,36864
TinyStories-Instruct-3M,fp32,decode,512,LayerNorm,fp32,17,13124
TinyStories-Instruct-3M,fp32,decode,512,Embedding,fp32,2,0
TinyStories-Instruct-3M,bf16,decode,512,Linear (lm_head),bf16,1,12865792
TinyStories-Instruct-3M,bf16,decode,512,Linear,bf16,48,3151872
TinyStories-Instruct-3M,bf16,decode,512,GroupedQueryAttention,bf16,8,2162688
TinyStories-Instruct-3M,bf16,decode,512,Softmax,bf16,8,327680
TinyStories-Instruct-3M,bf16,decode,512,GELU,bf16,8,36864
TinyStories-Instruct-3M,bf16,decode,512,LayerNorm,bf16,17,13124
TinyStories-Instruct-3M,bf16,decode,512,Embedding,bf16,2,0
TinyStories-Instruct-3M,int8,decode,512,Linear (lm_head),fp32,1,12865792
TinyStories-Instruct-3M,int8,decode,512,Linear,int8,48,3151872
TinyStories-Instruct-3M,int8,decode,512,GroupedQueryAttention,fp32,8,2162688
TinyStories-Instruct-3M,int8,decode,512,Softmax,fp32,8,327680
TinyStories-Instruct-3M,int8,decode,512,Quantize,fp32,48,36864
TinyStories-Instruct-3M,int8,decode,512,GELU,fp32,8,36864
TinyStories-Instruct-3M,int8,decode,512,Dequantize,fp32,48,18432
TinyStories-Instruct-3M,int8,decode,512,LayerNorm,fp32,17,13124
TinyStories-Instruct-3M,int8,decode,512,Embedding,fp32,2,0
TinyStories-Instruct-3M,int4,decode,512,Linear (lm_head),fp32,1,12865792
TinyStories-Instruct-3M,int4,decode,512,Linear,fp32,48,3151872
TinyStories-Instruct-3M,int4,decode,512,GroupedQueryAttention,fp32,8,2162688
TinyStories-Instruct-3M,int4,decode,512,Dequantize,fp32,48,1572864
TinyStories-Instruct-3M,int4,decode,512,Softmax,fp32,8,327680
TinyStories-Instruct-3M,int4,decode,512,GELU,fp32,8,36864
TinyStories-Instruct-3M,int4,decode,512,LayerNorm,fp32,17,13124
TinyStories-Instruct-3M,int4,decode,512,Embedding,fp32,2,0
TinyStories-Instruct-3M,fp32,decode,1024,Linear (lm_head),fp32,1,12865792
TinyStories-Instruct-3M,fp32,decode,1024,GroupedQueryAttention,fp32,8,4325376
TinyStories-Instruct-3M,fp32,decode,1024,Linear,fp32,48,3151872
TinyStories-Instruct-3M,fp32,decode,1024,Softmax,fp32,8,655360
TinyStories-Instruct-3M,fp32,decode,1024,GELU,fp32,8,36864
TinyStories-Instruct-3M,fp32,decode,1024,LayerNorm,fp32,17,13124
TinyStories-Instruct-3M,fp32,decode,1024,Embedding,fp32,2,0
TinyStories-Instruct-3M,bf16,decode,1024,Linear (lm_head),bf16,1,12865792
TinyStories-Instruct-3M,bf16,decode,1024,GroupedQueryAttention,bf16,8,4325376
TinyStories-Instruct-3M,bf16,decode,1024,Linear,bf16,48,3151872
TinyStories-Instruct-3M,bf16,decode,1024,Softmax,bf16,8,655360
TinyStories-Instruct-3M,bf16,decode,1024,GELU,bf16,8,36864
TinyStories-Instruct-3M,bf16,decode,1024,LayerNorm,bf16,17,13124
TinyStories-Instruct-3M,bf16,decode,1024,Embedding,bf16,2,0
TinyStories-Instruct-3M,int8,decode,1024,Linear (lm_head),fp32,1,12865792
TinyStories-Instruct-3M,int8,decode,1024,GroupedQueryAttention,fp32,8,4325376
TinyStories-Instruct-3M,int8,decode,1024,Linear,int8,48,3151872
TinyStories-Instruct-3M,int8,decode,1024,Softmax,fp32,8,655360
TinyStories-Instruct-3M,int8,decode,1024,Quantize,fp32,48,36864
TinyStories-Instruct-3M,int8,decode,1024,GELU,fp32,8,36864
TinyStories-Instruct-3M,int8,decode,1024,Dequantize,fp32,48,18432
TinyStories-Instruct-3M,int8,decode,1024,LayerNorm,fp32,17,13124
TinyStories-Instruct-3M,int8,decode,1024,Embedding,fp32,2,0
TinyStories-Instruct-3M,int4,decode,1024,Linear (lm_head),fp32,1,12865792
TinyStories-Instruct-3M,int4,decode,1024,GroupedQueryAttention,fp32,8,4325376
TinyStories-Instruct-3M,int4,decode,1024,Linear,fp32,48,3151872
TinyStories-Instruct-3M,int4,decode,1024,Dequantize,fp32,48,1572864
TinyStories-Instruct-3M,int4,decode,1024,Softmax,fp32,8,655360
TinyStories-Instruct-3M,int4,decode,1024,GELU,fp32,8,36864
TinyStories-Instruct-3M,int4,decode,1024,LayerNorm,fp32,17,13124
TinyStories-Instruct-3M,int4,decode,1024,Embedding,fp32,2,0
TinyStories-Instruct-3M,fp32,decode,2048,Linear (lm_head),fp32,1,12865792
TinyStories-Instruct-3M,fp32,decode,2048,GroupedQueryAttention,fp32,8,8650752
TinyStories-Instruct-3M,fp32,decode,2048,Linear,fp32,48,3151872
TinyStories-Instruct-3M,fp32,decode,2048,Softmax,fp32,8,1310720
TinyStories-Instruct-3M,fp32,decode,2048,GELU,fp32,8,36864
TinyStories-Instruct-3M,fp32,decode,2048,LayerNorm,fp32,17,13124
TinyStories-Instruct-3M,fp32,decode,2048,Embedding,fp32,2,0
TinyStories-Instruct-3M,bf16,decode,2048,Linear (lm_head),bf16,1,12865792
TinyStories-Instruct-3M,bf16,decode,2048,GroupedQueryAttention,bf16,8,8650752
TinyStories-Instruct-3M,bf16,decode,2048,Linear,bf16,48,3151872
TinyStories-Instruct-3M,bf16,decode,2048,Softmax,bf16,8,1310720
TinyStories-Instruct-3M,bf16,decode,2048,GELU,bf16,8,36864
TinyStories-Instruct-3M,bf16,decode,2048,LayerNorm,bf16,17,13124
TinyStories-Instruct-3M,bf16,decode,2048,Embedding,bf16,2,0
TinyStories-Instruct-3M,int8,decode,2048,Linear (lm_head),fp32,1,12865792
TinyStories-Instruct-3M,int8,decode,2048,GroupedQueryAttention,fp32,8,8650752
TinyStories-Instruct-3M,int8,decode,2048,Linear,int8,48,3151872
TinyStories-Instruct-3M,int8,decode,2048,Softmax,fp32,8,1310720
TinyStories-Instruct-3M,int8,decode,2048,Quantize,fp32,48,36864
TinyStories-Instruct-3M,int8,decode,2048,GELU,fp32,8,36864
TinyStories-Instruct-3M,int8,decode,2048,Dequantize,fp32,48,18432
TinyStories-Instruct-3M,int8,decode,2048,LayerNorm,fp32,17,13124
TinyStories-Instruct-3M,int8,decode,2048,Embedding,fp32,2,0
TinyStories-Instruct-3M,int4,decode,2048,Linear (lm_head),fp32,1,12865792
TinyStories-Instruct-3M,int4,decode,2048,GroupedQueryAttention,fp32,8,8650752
TinyStories-Instruct-3M,int4,decode,2048,Linear,fp32,48,3151872
TinyStories-Instruct-3M,int4,decode,2048,Dequantize,fp32,48,1572864
TinyStories-Instruct-3M,int4,decode,2048,Softmax,fp32,8,1310720
TinyStories-Instruct-3M,int4,decode,2048,GELU,fp32,8,36864
TinyStories-Instruct-3M,int4,decode,2048,LayerNorm,fp32,17,13124
TinyStories-Instruct-3M,int4,decode,2048,Embedding,fp32,2,0
TinyStories-Instruct-8M,fp32,prefill,1,Linear (lm_head),fp32,1,25731584
TinyStories-Instruct-8M,fp32,prefill,1,Linear,fp32,48,12595200
TinyStories-Instruct-8M,fp32,prefill,1,GELU,fp32,8,73728
TinyStories-Instruct-8M,fp32,prefill,1,LayerNorm,fp32,17,26180
TinyStories-Instruct-8M,fp32,prefill,1,GroupedQueryAttention,fp32,8,8320
TinyStories-Instruct-8M,fp32,prefill,1,Softmax,fp32,8,640
TinyStories-Instruct-8M,fp32,prefill,1,Embedding,fp32,2,0
TinyStories-Instruct-8M,bf16,prefill,1,Linear (lm_head),bf16,1,25731584
TinyStories-Instruct-8M,bf16,prefill,1,Linear,bf16,48,12595200
TinyStories-Instruct-8M,bf16,prefill,1,GELU,bf16,8,73728
TinyStories-Instruct-8M,bf16,prefill,1,LayerNorm,bf16,17,26180
TinyStories-Instruct-8M,bf16,prefill,1,GroupedQueryAttention,bf16,8,8320
TinyStories-Instruct-8M,bf16,prefill,1,Softmax,bf16,8,640
TinyStories-Instruct-8M,bf16,prefill,1,Embedding,bf16,2,0
TinyStories-Instruct-8M,int8,prefill,1,Linear (lm_head),fp32,1,25731584
TinyStories-Instruct-8M,int8,prefill,1,Linear,int8,48,12595200
TinyStories-Instruct-8M,int8,prefill,1,Quantize,fp32,48,73728
TinyStories-Instruct-8M,int8,prefill,1,GELU,fp32,8,73728
TinyStories-Instruct-8M,int8,prefill,1,Dequantize,fp32,48,36864
TinyStories-Instruct-8M,int8,prefill,1,LayerNorm,fp32,17,26180
TinyStories-Instruct-8M,int8,prefill,1,GroupedQueryAttention,fp32,8,8320
TinyStories-Instruct-8M,int8,prefill,1,Softmax,fp32,8,640
TinyStories-Instruct-8M,int8,prefill,1,Embedding,fp32,2,0
TinyStories-Instruct-8M,int4,prefill,1,Linear (lm_head),fp32,1,25731584
TinyStories-Instruct-8M,int4,prefill,1,Linear,fp32,48,12595200
TinyStories-Instruct-8M,int4,prefill,1,Dequantize,fp32,48,6291456
TinyStories-Instruct-8M,int4,prefill,1,GELU,fp32,8,73728
TinyStories-Instruct-8M,int4,prefill,1,LayerNorm,fp32,17,26180
TinyStories-Instruct-8M,int4,prefill,1,GroupedQueryAttention,fp32,8,8320
TinyStories-Instruct-8M,int4,prefill,1,Softmax,fp32,8,640
TinyStories-Instruct-8M,int4,prefill,1,Embedding,fp32,2,0
TinyStories-Instruct-8M,fp32,prefill,2,Linear (lm_head),fp32,1,51463168
TinyStories-Instruct-8M,fp32,prefill,2,Linear,fp32,48,25190400
TinyStories-Instruct-8M,fp32,prefill,2,GELU,fp32,8,147456
TinyStories-Instruct-8M,fp32,prefill,2,LayerNorm,fp32,17,52360
TinyStories-Instruct-8M,fp32,prefill,2,GroupedQueryAttention,fp32,8,33280
TinyStories-Instruct-8M,fp32,prefill,2,Softmax,fp32,8,2560
TinyStories-Instruct-8M,fp32,prefill,2,Embedding,fp32,2,0
TinyStories-Instruct-8M,bf16,prefill,2,Linear (lm_head),bf16,1,51463168
TinyStories-Instruct-8M,bf16,prefill,2,Linear,bf16,48,25190400
TinyStories-Instruct-8M,bf16,prefill,2,GELU,bf16,8,147456
TinyStories-Instruct-8M,bf16,prefill,2,LayerNorm,bf16,17,52360
TinyStories-Instruct-8M,bf16,prefill,2,GroupedQueryAttention,bf16,8,33280
TinyStories-Instruct-8M,bf16,prefill,2,Softmax,bf16,8,2560
TinyStories-Instruct-8M,bf16,prefill,2,Embedding,bf16,2,0
TinyStories-Instruct-8M,int8,prefill,2,Linear (lm_head),fp32,1,51463168
TinyStories-Instruct-8M,int8,prefill,2,Linear,int8,48,25190400
TinyStories-Instruct-8M,int8,prefill,2,Quantize,fp32,48,147456
TinyStories-Instruct-8M,int8,prefill,2,GELU,fp32,8,147456
TinyStories-Instruct-8M,int8,prefill,2,Dequantize,fp32,48,73728
TinyStories-Instruct-8M,int8,prefill,2,LayerNorm,fp32,17,52360
TinyStories-Instruct-8M,int8,prefill,2,GroupedQueryAttention,fp32,8,33280
TinyStories-Instruct-8M,int8,prefill,2,Softmax,fp32,8,2560
TinyStories-Instruct-8M,int8,prefill,2,Embedding,fp32,2,0
TinyStories-Instruct-8M,int4,prefill,2,Linear (lm_head),fp32,1,51463168
TinyStories-Instruct-8M,int4,prefill,2,Linear,fp32,48,25190400
TinyStories-Instruct-8M,int4,prefill,2,Dequantize,fp32,48,6291456
TinyStories-Instruct-8M,int4,prefill,2,GELU,fp32,8,147456
TinyStories-Instruct-8M,int4,prefill,2,LayerNorm,fp32,17,52360
TinyStories-Instruct-8M,int4,prefill,2,GroupedQueryAttention,fp32,8,33280
TinyStories-Instruct-8M,int4,prefill,2,Softmax,fp32,8,2560
TinyStories-Instruct-8M,int4,prefill,2,Embedding,fp32,2,0
TinyStories-Instruct-8M,fp32,prefill,4,Linear (lm_head),fp32,1,102926336
TinyStories-Instruct-8M,fp32,prefill,4,Linear,fp32,48,50380800
TinyStories-Instruct-8M,fp32,prefill,4,GELU,fp32,8,294912
TinyStories-Instruct-8M,fp32,prefill,4,GroupedQueryAttention,fp32,8,133120
TinyStories-Instruct-8M,fp32,prefill,4,LayerNorm,fp32,17,104720
TinyStories-Instruct-8M,fp32,prefill,4,Softmax,fp32,8,10240
TinyStories-Instruct-8M,fp32,prefill,4,Embedding,fp32,2,0
TinyStories-Instruct-8M,bf16,prefill,4,Linear (lm_head),bf16,1,102926336
TinyStories-Instruct-8M,bf16,prefill,4,Linear,bf16,48,50380800
TinyStories-Instruct-8M,bf16,prefill,4,GELU,bf16,8,294912
TinyStories-Instruct-8M,bf16,prefill,4,GroupedQueryAttention,bf16,8,133120
TinyStories-Instruct-8M,bf16,prefill,4,LayerNorm,bf16,17,104720
TinyStories-Instruct-8M,bf16,prefill,4,Softmax,bf16,8,10240
TinyStories-Instruct-8M,bf16,prefill,4,Embedding,bf16,2,0
TinyStories-Instruct-8M,int8,prefill,4,Linear (lm_head),fp32,1,102926336
TinyStories-Instruct-8M,int8,prefill,4,Linear,int8,48,50380800
TinyStories-Instruct-8M,int8,prefill,4,Quantize,fp32,48,294912
TinyStories-Instruct-8M,int8,prefill,4,GELU,fp32,8,294912
TinyStories-Instruct-8M,int8,prefill,4,Dequantize,fp32,48,147456
TinyStories-Instruct-8M,int8,prefill,4,GroupedQueryAttention,fp32,8,133120
TinyStories-Instruct-8M,int8,prefill,4,LayerNorm,fp32,17,104720
TinyStories-Instruct-8M,int8,prefill,4,Softmax,fp32,8,10240
TinyStories-Instruct-8M,int8,prefill,4,Embedding,fp32,2,0
TinyStories-Instruct-8M,int4,prefill,4,Linear (lm_head),fp32,1,102926336
TinyStories-Instruct-8M,int4,prefill,4,Linear,fp32,48,50380800
TinyStories-Instruct-8M,int4,prefill,4,Dequantize,fp32,48,6291456
TinyStories-Instruct-8M,int4,prefill,4,GELU,fp32,8,294912
TinyStories-Instruct-8M,int4,prefill,4,GroupedQueryAttention,fp32,8,133120
TinyStories-Instruct-8M,int4,prefill,4,LayerNorm,fp32,17,104720
TinyStories-Instruct-8M,int4,prefill,4,Softmax,fp32,8,10240
TinyStories-Instruct-8M,int4,prefill,4,Embedding,fp32,2,0
TinyStories-Instruct-8M,fp32,prefill,8,Linear (lm_head),fp32,1,205852672
TinyStories-Instruct-8M,fp32,prefill,8,Linear,fp32,48,100761600
TinyStories-Instruct-8M,fp32,prefill,8,GELU,fp32,8,589824
TinyStories-Instruct-8M,fp32,prefill,8,GroupedQueryAttention,fp32,8,532480
TinyStories-Instruct-8M,fp32,prefill,8,LayerNorm,fp32,17,209440
TinyStories-Instruct-8M,fp32,prefill,8,Softmax,fp32,8,40960
TinyStories-Instruct-8M,fp32,prefill,8,Embedding,fp32,2,0
TinyStories-Instruct-8M,bf16,prefill,8,Linear (lm_head),bf16,1,205852672
TinyStories-Instruct-8M,bf16,prefill,8,Linear,bf16,48,100761600
TinyStories-Instruct-8M,bf16,prefill,8,GELU,bf16,8,589824
TinyStories-Instruct-8M,bf16,prefill,8,GroupedQueryAttention,bf16,8,532480
TinyStories-Instruct-8M,bf16,prefill,8,LayerNorm,bf16,17,209440
TinyStories-Instruct-8M,bf16,prefill,8,Softmax,bf16,8,40960
TinyStories-Instruct-8M,bf16,prefill,8,Embedding,bf16,2,0
TinyStories-Instruct-8M,int8,prefill,8,Linear (lm_head),fp32,1,205852672
TinyStories-Instruct-8M,int8,prefill,8,Linear,int8,48,100761600
TinyStories-Instruct-8M,int8,prefill,8,Quantize,fp32,48,589824
TinyStories-Instruct-8M,int8,prefill,8,GELU,fp32,8,589824
TinyStories-Instruct-8M,int8,prefill,8,GroupedQueryAttention,fp32,8,532480
TinyStories-Instruct-8M,int8,prefill,8,Dequantize,fp32,48,294912
TinyStories-Instruct-8M,int8,prefill,8,LayerNorm,fp32,17,209440
TinyStories-Instruct-8M,int8,prefill,8,Softmax,fp32,8,40960
TinyStories-Instruct-8M,int8,prefill,8,Embedding,fp32,2,0
TinyStories-Instruct-8M,int4,prefill,8,Linear (lm_head),fp32,1,205852672
TinyStories-Instruct-8M,int4,prefill,8,Linear,fp32,48,100761600
TinyStories-Instruct-8M,int4,prefill,8,Dequantize,fp32,48,6291456
TinyStories-Instruct-8M,int4,prefill,8,GELU,fp32,8,589824
TinyStories-Instruct-8M,int4,prefill,8,GroupedQueryAttention,fp32,8,532480
TinyStories-Instruct-8M,int4,prefill,8,LayerNorm,fp32,17,209440
TinyStories-Instruct-8M,int4,prefill,8,Softmax,fp32,8,40960
TinyStories-Instruct-8M,int4,prefill,8,Embedding,fp32,2,0
TinyStories-Instruct-8M,fp32,prefill,16,Linear (lm_head),fp32,1,411705344
TinyStories-Instruct-8M,fp32,prefill,16,Linear,fp32,48,201523200
TinyStories-Instruct-8M,fp32,prefill,16,GroupedQueryAttention,fp32,8,2129920
TinyStories-Instruct-8M,fp32,prefill,16,GELU,fp32,8,1179648
TinyStories-Instruct-8M,fp32,prefill,16,LayerNorm,fp32,17,418880
TinyStories-Instruct-8M,fp32,prefill,16,Softmax,fp32,8,163840
TinyStories-Instruct-8M,fp32,prefill,16,Embedding,fp32,2,0
TinyStories-Instruct-8M,bf16,prefill,16,Linear (lm_head),bf16,1,411705344
TinyStories-Instruct-8M,bf16,prefill,16,Linear,bf16,48,201523200
TinyStories-Instruct-8M,bf16,prefill,16,GroupedQueryAttention,bf16,8,2129920
TinyStories-Instruct-8M,bf16,prefill,16,GELU,bf16,8,1179648
TinyStories-Instruct-8M,bf16,prefill,16,LayerNorm,bf16,17,418880
TinyStories-Instruct-8M,bf16,prefill,16,Softmax,bf16,8,163840
TinyStories-Instruct-8M,bf16,prefill,16,Embedding,bf16,2,0
TinyStories-Instruct-8M,int8,prefill,16,Linear (lm_head),fp32,1,411705344
TinyStories-Instruct-8M,int8,prefill,16,Linear,int8,48,201523200
TinyStories-Instruct-8M,int8,prefill,16,GroupedQueryAttention,fp32,8,2129920
TinyStories-Instruct-8M,int8,prefill,16,Quantize,fp32,48,1179648
TinyStories-Instruct-8M,int8,prefill,16,GELU,fp32,8,1179648
TinyStories-Instruct-8M,int8,prefill,16,Dequantize,fp32,48,589824
TinyStories-Instruct-8M,int8,prefill,16,LayerNorm,fp32,17,418880
TinyStories-Instruct-8M,int8,prefill,16,Softmax,fp32,8,163840
TinyStories-Instruct-8M,int8,prefill,16,Embedding,fp32,2,0
TinyStories-Instruct-8M,int4,prefill,16,Linear (lm_head),fp32,1,411705344
TinyStories-Instruct-8M,int4,prefill,16,Linear,fp32,48,201523200
TinyStories-Instruct-8M,int4,prefill,16,Dequantize,fp32,48,6291456
TinyStories-Instruct-8M,int4,prefill,16,GroupedQueryAttention,fp32,8,2129920
TinyStories-Instruct-8M,int4,prefill,16,GELU,fp32,8,1179648
TinyStories-Instruct-8M,int4,prefill,16,LayerNorm,fp32,17,418880
TinyStories-Instruct-8M,int4,prefill,16,Softmax,fp32,8,163840
TinyStories-Instruct-8M,int4,prefill,16,Embedding,fp32,2,0
TinyStories-Instruct-8M,fp32,prefill,32,Linear (lm_head),fp32,1,823410688
TinyStories-Instruct-8M,fp32,prefill,32,Linear,fp32,48,403046400
TinyStories-Instruct-8M,fp32,prefill,32,GroupedQueryAttention,fp32,8,8519680
TinyStories-Instruct-8M,fp32,prefill,32,GELU,fp32,8,2359296
TinyStories-Instruct-8M,fp32,prefill,32,LayerNorm,fp32,17,837760
TinyStories-Instruct-8M,fp32,prefill,32,Softmax,fp32,8,655360
TinyStories-Instruct-8M,fp32,prefill,32,Embedding,fp32,2,0
TinyStories-Instruct-8M,bf16,prefill,32,Linear (lm_head),bf16,1,823410688
TinyStories-Instruct-8M,bf16,prefill,32,Linear,bf16,48,403046400
TinyStories-Instruct-8M,bf16,prefill,32,GroupedQueryAttention,bf16,8,8519680
TinyStories-Instruct-8M,bf16,prefill,32,GELU,bf16,8,2359296
TinyStories-Instruct-8M,bf16,prefill,32,LayerNorm,bf16,17,837760
TinyStories-Instruct-8M,bf16,prefill,32,Softmax,bf16,8,655360
TinyStories-Instruct-8M,bf16,prefill,32,Embedding,bf16,2,0
TinyStories-Instruct-8M,int8,prefill,32,Linear (lm_head),fp32,1,823410688
TinyStories-Instruct-8M,int8,prefill,32,Linear,int8,48,403046400
TinyStories-Instruct-8M,int8,prefill,32,GroupedQueryAttention,fp32,8,8519680
TinyStories-Instruct-8M,int8,prefill,32,Quantize,fp32,48,2359296
TinyStories-Instruct-8M,int8,prefill,32,GELU,fp32,8,2359296
TinyStories-Instruct-8M,int8,prefill,32,Dequantize,fp32,48,1179648
TinyStories-Instruct-8M,int8,prefill,32,LayerNorm,fp32,17,837760
TinyStories-Instruct-8M,int8,prefill,32,Softmax,fp32,8,655360
TinyStories-Instruct-8M,int8,prefill,32,Embedding,fp32,2,0
TinyStories-Instruct-8M,int4,prefill,32,Linear (lm_head),fp32,1,823410688
TinyStories-Instruct-8M,int4,prefill,32,Linear,fp32,48,403046400
TinyStories-Instruct-8M,int4,prefill,32,GroupedQueryAttention,fp32,8,8519680
TinyStories-Instruct-8M,int4,prefill,32,Dequantize,fp32,48,6291456
TinyStories-Instruct-8M,int4,prefill,32,GELU,fp32,8,2359296
TinyStories-Instruct-8M,int4,prefill,32,LayerNorm,fp32,17,837760
TinyStories-Instruct-8M,int4,prefill,32,Softmax,fp32,8,655360
TinyStories-Instruct-8M,int4,prefill,32,Embedding,fp32,2,0
TinyStories-Instruct-8M,fp32,prefill,64,Linear (lm_head),fp32,1,1646821376
TinyStories-Instruct-8M,fp32,prefill,64,Linear,fp32,48,806092800
TinyStories-Instruct-8M,fp32,prefill,64,GroupedQueryAttention,fp32,8,34078720
TinyStories-Instruct-8M,fp32,prefill,64,GELU,fp32,8,4718592
TinyStories-Instruct-8M,fp32,prefill,64,Softmax,fp32,8,2621440
TinyStories-Instruct-8M,fp32,prefill,64,LayerNorm,fp32,17,1675520
TinyStories-Instruct-8M,fp32,prefill,64,Embedding,fp32,2,0
TinyStories-Instruct-8M,bf16,prefill,64,Linear (lm_head),bf16,1,1646821376
TinyStories-Instruct-8M,bf16,prefill,64,Linear,bf16,48,806092800
TinyStories-Instruct-8M,bf16,prefill,64,GroupedQueryAttention,bf16,8,34078720
TinyStories-Instruct-8M,bf16,prefill,64,GELU,bf16,8,4718592
TinyStories-Instruct-8M,bf16,prefill,64,Softmax,bf16,8,2621440
TinyStories-Instruct-8M,bf16,prefill,64,LayerNorm,bf16,17,1675520
TinyStories-Instruct-8M,bf16,prefill,64,Embedding,bf16,2,0
TinyStories-Instruct-8M,int8,prefill,64,Linear (lm_head),fp32,1,1646821376
TinyStories-Instruct-8M,int8,prefill,64,Linear,int8,48,806092800
TinyStories-Instruct-8M,int8,prefill,64,GroupedQueryAttention,fp32,8,34078720
TinyStories-Instruct-8M,int8,prefill,64,Quantize,fp32,48,4718592
TinyStories-Instruct-8M,int8,prefill,64,GELU,fp32,8,4718592
TinyStories-Instruct-8M,int8,prefill,64,Softmax,fp32,8,2621440
TinyStories-Instruct-8M,int8,prefill,64,Dequantize,fp32,48,2359296
TinyStories-Instruct-8M,int8,prefill,64,LayerNorm,fp32,17,1675520
TinyStories-Instruct-8M,int8,prefill,64,Embedding,fp32,2,0
TinyStories-Instruct-8M,int4,prefill,64,Linear (lm_head),fp32,1,1646821376
TinyStories-Instruct-8M,int4,prefill,64,Linear,fp32,48,806092800
TinyStories-Instruct-8M,int4,prefill,64,GroupedQueryAttention,fp32,8,34078720
TinyStories-Instruct-8M,int4,prefill,64,Dequantize,fp32,48,6291456
TinyStories-Instruct-8M,int4,prefill,64,GELU,fp32,8,4718592
TinyStories-Instruct-8M,int4,prefill,64,Softmax,fp32,8,2621440
TinyStories-Instruct-8M,int4,prefill,64,LayerNorm,fp32,17,1675520
TinyStories-Instruct-8M,int4,prefill,64,Embedding,fp32,2,0
TinyStories-Instruct-8M,fp32,prefill,128,Linear (lm_head),fp32,1,3293642752
TinyStories-Instruct-8M,fp32,prefill,128,Linear,fp32,48,1612185600
TinyStories-Instruct-8M,fp32,prefill,128,GroupedQueryAttention,fp32,8,136314880
TinyStories-Instruct-8M,fp32,prefill,128,Softmax,fp32,8,10485760
TinyStories-Instruct-8M,fp32,prefill,128,GELU,fp32,8,9437184
TinyStories-Instruct-8M,fp32,prefill,128,LayerNorm,fp32,17,3351040
TinyStories-Instruct-8M,fp32,prefill,128,Embedding,fp32,2,0
TinyStories-Instruct-8M,bf16,prefill,128,Linear (lm_head),bf16,1,3293642752
TinyStories-Instruct-8M,bf16,prefill,128,Linear,bf16,48,1612185600
TinyStories-Instruct-8M,bf16,prefill,128,GroupedQueryAttention,bf16,8,136314880
TinyStories-Instruct-8M,bf16,prefill,128,Softmax,bf16,8,10485760
TinyStories-Instruct-8M,bf16,prefill,128,GELU,bf16,8,9437184
TinyStories-Instruct-8M,bf16,prefill,128,LayerNorm,bf16,17,3351040
TinyStories-Instruct-8M,bf16,prefill,128,Embedding,bf16,2,0
TinyStories-Instruct-8M,int8,prefill,128,Linear (lm_head),fp32,1,3293642752
TinyStories-Instruct-8M,int8,prefill,128,Linear,int8,48,1612185600
TinyStories-Instruct-8M,int8,prefill,128,GroupedQueryAttention,fp32,8,136314880
TinyStories-Instruct-8M,int8,prefill,128,Softmax,fp32,8,10485760
TinyStories-Instruct-8M,int8,prefill,128,Quantize,fp32,48,9437184
TinyStories-Instruct-8M,int8,prefill,128,GELU,fp32,8,9437184
TinyStories-Instruct-8M,int8,prefill,128,Dequantize,fp32,48,4718592
TinyStories-Instruct-8M,int8,prefill,128,LayerNorm,fp32,17,3351040
TinyStories-Instruct-8M,int8,prefill,128,Embedding,fp32,2,0
TinyStories-Instruct-8M,int4,prefill,128,Linear (lm_head),fp32,1,3293642752
TinyStories-Instruct-8M,int4,prefill,128,Linear,fp32,48,1612185600
TinyStories-Instruct-8M,int4,prefill,128,GroupedQueryAttention,fp32,8,136314880
TinyStories-Instruct-8M,int4,prefill,128,Softmax,fp32,8,10485760
TinyStories-Instruct-8M,int4,prefill,128,GELU,fp32,8,9437184
TinyStories-Instruct-8M,int4,prefill,128,Dequantize,fp32,48,6291456
TinyStories-Instruct-8M,int4,prefill,128,LayerNorm,fp32,17,3351040
TinyStories-Instruct-8M,int4,prefill,128,Embedding,fp32,2,0
TinyStories-Instruct-8M,fp32,prefill,256,Linear (lm_head),fp32,1,6587285504
TinyStories-Instruct-8M,fp32,prefill,256,Linear,fp32,48,3224371200
TinyStories-Instruct-8M,fp32,prefill,256,GroupedQueryAttention,fp32,8,545259520
TinyStories-Instruct-8M,fp32,prefill,256,Softmax,fp32,8,41943040
TinyStories-Instruct-8M,fp32,prefill,256,GELU,fp32,8,18874368
TinyStories-Instruct-8M,fp32,prefill,256,LayerNorm,fp32,17,6702080
TinyStories-Instruct-8M,fp32,prefill,256,Embedding,fp32,2,0
TinyStories-Instruct-8M,bf16,prefill,256,Linear (lm_head),bf16,1,6587285504
TinyStories-Instruct-8M,bf16,prefill,256,Linear,bf16,48,3224371200
TinyStories-Instruct-8M,bf16,prefill,256,GroupedQueryAttention,bf16,8,545259520
TinyStories-Instruct-8M,bf16,prefill,256,Softmax,bf16,8,41943040
TinyStories-Instruct-8M,bf16,prefill,256,GELU,bf16,8,18874368
TinyStories-Instruct-8M,bf16,prefill,256,LayerNorm,bf16,17,6702080
TinyStories-Instruct-8M,bf16,prefill,256,Embedding,bf16,2,0
TinyStories-Instruct-8M,int8,prefill,256,Linear (lm_head),fp32,1,6587285504
TinyStories-Instruct-8M,int8,prefill,256,Linear,int8,48,3224371200
TinyStories-Instruct-8M,int8,prefill,256,GroupedQueryAttention,fp32,8,545259520
TinyStories-Instruct-8M,int8,prefill,256,Softmax,fp32,8,41943040
TinyStories-Instruct-8M,int8,prefill,256,Quantize,fp32,48,18874368
TinyStories-Instruct-8M,int8,prefill,256,GELU,fp32,8,18874368
TinyStories-Instruct-8M,int8,prefill,256,Dequantize,fp32,48,9437184
TinyStories-Instruct-8M,int8,prefill,256,LayerNorm,fp32,17,6702080
TinyStories-Instruct-8M,int8,prefill,256,Embedding,fp32,2,0
TinyStories-Instruct-8M,int4,prefill,256,Linear (lm_head),fp32,1,6587285504
TinyStories-Instruct-8M,int4,prefill,256,Linear,fp32,48,3224371200
TinyStories-Instruct-8M,int4,prefill,256,GroupedQueryAttention,fp32,8,545259520
TinyStories-Instruct-8M,int4,prefill,256,Softmax,fp32,8,41943040
TinyStories-Instruct-8M,int4,prefill,256,GELU,fp32,8,18874368
TinyStories-Instruct-8M,int4,prefill,256,LayerNorm,fp32,17,6702080
TinyStories-Instruct-8M,int4,prefill,256,Dequantize,fp32,48,6291456
TinyStories-Instruct-8M,int4,prefill,256,Embedding,fp32,2,0
TinyStories-Instruct-8M,fp32,prefill,512,Linear (lm_head),fp32,1,13174571008
TinyStories-Instruct-8M,fp32,prefill,512,Linear,fp32,48,6448742400
TinyStories-Instruct-8M,fp32,prefill,512,GroupedQueryAttention,fp32,8,2181038080
TinyStories-Instruct-8M,fp32,prefill,512,Softmax,fp32,8,167772160
TinyStories-Instruct-8M,fp32,prefill,512,GELU,fp32,8,37748736
TinyStories-Instruct-8M,fp32,prefill,512,LayerNorm,fp32,17,13404160
TinyStories-Instruct-8M,fp32,prefill,512,Embedding,fp32,2,0
TinyStories-Instruct-8M,bf16,prefill,512,Linear (lm_head),bf16,1,13174571008
TinyStories-Instruct-8M,bf16,prefill,512,Linear,bf16,48,6448742400
TinyStories-Instruct-8M,bf16,prefill,512,GroupedQueryAttention,bf16,8,2181038080
TinyStories-Instruct-8M,bf16,prefill,512,Softmax,bf16,8,167772160
TinyStories-Instruct-8M,bf16,prefill,512,GELU,bf16,8,37748736
TinyStories-Instruct-8M,bf16,prefill,512,LayerNorm,bf16,17,13404160
TinyStories-Instruct-8M,bf16,prefill,512,Embedding,bf16,2,0
TinyStories-Instruct-8M,int8,prefill,512,Linear (lm_head),fp32,1,13174571008
TinyStories-Instruct-8M,int8,prefill,512,Linear,int8,48,6448742400
TinyStories-Instruct-8M,int8,prefill,512,GroupedQueryAttention,fp32,8,2181038080
TinyStories-Instruct-8M,int8,prefill,512,Softmax,fp32,8,167772160
TinyStories-Instruct-8M,int8,prefill,512,Quantize,fp32,48,37748736
TinyStories-Instruct-8M,int8,prefill,512,GELU,fp32,8,37748736
TinyStories-Instruct-8M,int8,prefill,512,Dequantize,fp32,48,18874368
TinyStories-Instruct-8M,int8,prefill,512,LayerNorm,fp32,17,13404160
TinyStories-Instruct-8M,int8,prefill,512,Embedding,fp32,2,0
TinyStories-Instruct-8M,int4,prefill,512,Linear (lm_head),fp32,1,13174571008
TinyStories-Instruct-8M,int4,prefill,512,Linear,fp32,48,6448742400
TinyStories-Instruct-8M,int4,prefill,512,GroupedQueryAttention,fp32,8,2181038080
TinyStories-Instruct-8M,int4,prefill,512,Softmax,fp32,8,167772160
TinyStories-Instruct-8M,int4,prefill,512,GELU,fp32,8,37748736
TinyStories-Instruct-8M,int4,prefill,512,LayerNorm,fp32,17,13404160
TinyStories-Instruct-8M,int4,prefill,512,Dequantize,fp32,48,6291456
TinyStories-Instruct-8M,int4,prefill,512,Embedding,fp32,2,0
TinyStories-Instruct-8M,fp32,prefill,1024,Linear (lm_head),fp32,1,26349142016
TinyStories-Instruct-8M,fp32,prefill,1024,Linear,fp32,48,12897484800
TinyStories-Instruct-8M,fp32,prefill,1024,GroupedQueryAttention,fp32,8,8724152320
TinyStories-Instruct-8M,fp32,prefill,1024,Softmax,fp32,8,671088640
TinyStories-Instruct-8M,fp32,prefill,1024,GELU,fp32,8,75497472
TinyStories-Instruct-8M,fp32,prefill,1024,LayerNorm,fp32,17,26808320
TinyStories-Instruct-8M,fp32,prefill,1024,Embedding,fp32,2,0
TinyStories-Instruct-8M,bf16,prefill,1024,Linear (lm_head),bf16,1,26349142016
TinyStories-Instruct-8M,bf16,prefill,1024,Linear,bf16,48,12897484800
TinyStories-Instruct-8M,bf16,prefill,1024,GroupedQueryAttention,bf16,8,8724152320
TinyStories-Instruct-8M,bf16,prefill,1024,Softmax,bf16,8,671088640
TinyStories-Instruct-8M,bf16,prefill,1024,GELU,bf16,8,75497472
TinyStories-Instruct-8M,bf16,prefill,1024,LayerNorm,bf16,17,26808320
TinyStories-Instruct-8M,bf16,prefill,1024,Embedding,bf16,2,0
TinyStories-Instruct-8M,int8,prefill,1024,Linear (lm_head),fp32,1,26349142016
TinyStories-Instruct-8M,int8,prefill,1024,Linear,int8,48,12897484800
TinyStories-Instruct-8M,int8,prefill,1024,GroupedQueryAttention,fp32,8,8724152320
TinyStories-Instruct-8M,int8,prefill,1024,Softmax,fp32,8,671088640
TinyStories-Instruct-8M,int8,prefill,1024,Quantize,fp32,48,75497472
TinyStories-Instruct-8M,int8,prefill,1024,GELU,fp32,8,75497472
TinyStories-Instruct-8M,int8,prefill,1024,Dequantize,fp32,48,37748736
TinyStories-Instruct-8M,int8,prefill,1024,LayerNorm,fp32,17,26808320
TinyStories-Instruct-8M,int8,prefill,1024,Embedding,fp32,2,0
TinyStories-Instruct-8M,int4,prefill,1024,Linear (lm_head),fp32,1,26349142016
TinyStories-Instruct-8M,int4,prefill,1024,Linear,fp32,48,12897484800
TinyStories-Instruct-8M,int4,prefill,1024,GroupedQueryAttention,fp32,8,8724152320
TinyStories-Instruct-8M,int4,prefill,1024,Softmax,fp32,8,671088640
TinyStories-Instruct-8M,int4,prefill,1024,GELU,fp32,8,75497472
TinyStories-Instruct-8M,int4,prefill,1024,LayerNorm,fp32,17,26808320
TinyStories-Instruct-8M,int4,prefill,1024,Dequantize,fp32,48,6291456
TinyStories-Instruct-8M,int4,prefill,1024,Embedding,fp32,2,0
TinyStories-Instruct-8M,fp32,prefill,2048,Linear (lm_head),fp32,1,52698284032
TinyStories-Instruct-8M,fp32,prefill,2048,GroupedQueryAttention,fp32,8,34896609280
TinyStories-Instruct-8M,fp32,prefill,2048,Linear,fp32,48,25794969600
TinyStories-Instruct-8M,fp32,prefill,2048,Softmax,fp32,8,2684354560
TinyStories-Instruct-8M,fp32,prefill,2048,GELU,fp32,8,150994944
TinyStories-Instruct-8M,fp32,prefill,2048,LayerNorm,fp32,17,53616640
TinyStories-Instruct-8M,fp32,prefill,2048,Embedding,fp32,2,0
TinyStories-Instruct-8M,bf16,prefill,2048,Linear (lm_head),bf16,1,52698284032
TinyStories-Instruct-8M,bf16,prefill,2048,GroupedQueryAttention,bf16,8,34896609280
TinyStories-Instruct-8M,bf16,prefill,2048,Linear,bf16,48,25794969600
TinyStories-Instruct-8M,bf16,prefill,2048,Softmax,bf16,8,2684354560
TinyStories-Instruct-8M,bf16,prefill,2048,GELU,bf16,8,150994944
TinyStories-Instruct-8M,bf16,prefill,2048,LayerNorm,bf16,17,53616640
TinyStories-Instruct-8M,bf16,prefill,2048,Embedding,bf16,2,0
TinyStories-Instruct-8M,int8,prefill,2048,Linear (lm_head),fp32,1,52698284032
TinyStories-Instruct-8M,int8,prefill,2048,GroupedQueryAttention,fp32,8,34896609280
TinyStories-Instruct-8M,int8,prefill,2048,Linear,int8,48,25794969600
TinyStories-Instruct-8M,int8,prefill,2048,Softmax,fp32,8,2684354560
TinyStories-Instruct-8M,int8,prefill,2048,Quantize,fp32,48,150994944
TinyStories-Instruct-8M,int8,prefill,2048,GELU,fp32,8,150994944
TinyStories-Instruct-8M,int8,prefill,2048,Dequantize,fp32,48,75497472
TinyStories-Instruct-8M,int8,prefill,2048,LayerNorm,fp32,17,53616640
TinyStories-Instruct-8M,int8,prefill,2048,Embedding,fp32,2,0
TinyStories-Instruct-8M,int4,prefill,2048,Linear (lm_head),fp32,1,52698284032
TinyStories-Instruct-8M,int4,prefill,2048,GroupedQueryAttention,fp32,8,34896609280
TinyStories-Instruct-8M,int4,prefill,2048,Linear,fp32,48,25794969600
TinyStories-Instruct-8M,int4,prefill,2048,Softmax,fp32,8,2684354560
TinyStories-Instruct-8M,int4,prefill,2048,GELU,fp32,8,150994944
TinyStories-Instruct-8M,int4,prefill,2048,LayerNorm,fp32,17,53616640
TinyStories-Instruct-8M,int4,prefill,2048,Dequantize,fp32,48,6291456
TinyStories-Instruct-8M,int4,prefill,2048,Embedding,fp32,2,0
TinyStories-Instruct-8M,fp32,decode,2,Linear (lm_head),fp32,1,25731584
TinyStories-Instruct-8M,fp32,decode,2,Linear,fp32,48,12595200
TinyStories-Instruct-8M,fp32,decode,2,GELU,fp32,8,73728
TinyStories-Instruct-8M,fp32,decode,2,LayerNorm,fp32,17,26180
TinyStories-Instruct-8M,fp32,decode,2,GroupedQueryAttention,fp32,8,16640
TinyStories-Instruct-8M,fp32,decode,2,Softmax,fp32,8,1280
TinyStories-Instruct-8M,fp32,decode,2,Embedding,fp32,2,0
TinyStories-Instruct-8M,bf16,decode,2,Linear (lm_head),bf16,1,25731584
TinyStories-Instruct-8M,bf16,decode,2,Linear,bf16,48,12595200
TinyStories-Instruct-8M,bf16,decode,2,GELU,bf16,8,73728
TinyStories-Instruct-8M,bf16,decode,2,LayerNorm,bf16,17,26180
TinyStories-Instruct-8M,bf16,decode,2,GroupedQueryAttention,bf16,8,16640
TinyStories-Instruct-8M,bf16,decode,2,Softmax,bf16,8,1280
TinyStories-Instruct-8M,bf16,decode,2,Embedding,bf16,2,0
TinyStories-Instruct-8M,int8,decode,2,Linear (lm_head),fp32,1,25731584
TinyStories-Instruct-8M,int8,decode,2,Linear,int8,48,12595200
TinyStories-Instruct-8M,int8,decode,2,Quantize,fp32,48,73728
TinyStories-Instruct-8M,int8,decode,2,GELU,fp32,8,73728
TinyStories-Instruct-8M,int8,decode,2,Dequantize,fp32,48,36864
TinyStories-Instruct-8M,int8,decode,2,LayerNorm,fp32,17,26180
TinyStories-Instruct-8M,int8,decode,2,GroupedQueryAttention,fp32,8,16640
TinyStories-Instruct-8M,int8,decode,2,Softmax,fp32,8,1280
TinyStories-Instruct-8M,int8,decode,2,Embedding,fp32,2,0
TinyStories-Instruct-8M,int4,decode,2,Linear (lm_head),fp32,1,25731584
TinyStories-Instruct-8M,int4,decode,2,Linear,fp32,48,12595200
TinyStories-Instruct-8M,int4,decode,2,Dequantize,fp32,48,6291456
TinyStories-Instruct-8M,int4,decode,2,GELU,fp32,8,73728
TinyStories-Instruct-8M,int4,decode,2,LayerNorm,fp32,17,26180
TinyStories-Instruct-8M,int4,decode,2,GroupedQueryAttention,fp32,8,16640
TinyStories-Instruct-8M,int4,decode,2,Softmax,fp32,8,1280
TinyStories-Instruct-8M,int4,decode,2,Embedding,fp32,2,0
TinyStories-Instruct-8M,fp32,decode,4,Linear (lm_head),fp32,1,25731584
TinyStories-Instruct-8M,fp32,decode,4,Linear,fp32,48,12595200
TinyStories-Instruct-8M,fp32,decode,4,GELU,fp32,8,73728
TinyStories-Instruct-8M,fp32,decode,4,GroupedQueryAttention,fp32,8,33280
TinyStories-Instruct-8M,fp32,decode,4,LayerNorm,fp32,17,26180
TinyStories-Instruct-8M,fp32,decode,4,Softmax,fp32,8,2560
TinyStories-Instruct-8M,fp32,decode,4,Embedding,fp32,2,0
TinyStories-Instruct-8M,bf16,decode,4,Linear (lm_head),bf16,1,25731584
TinyStories-Instruct-8M,bf16,decode,4,Linear,bf16,48,12595200
TinyStories-Instruct-8M,bf16,decode,4,GELU,bf16,8,73728
TinyStories-Instruct-8M,bf16,decode,4,GroupedQueryAttention,bf16,8,33280
TinyStories-Instruct-8M,bf16,decode,4,LayerNorm,bf16,17,26180
TinyStories-Instruct-8M,bf16,decode,4,Softmax,bf16,8,2560
TinyStories-Instruct-8M,bf16,decode,4,Embedding,bf16,2,0
TinyStories-Instruct-8M,int8,decode,4,Linear (lm_head),fp32,1,25731584
TinyStories-Instruct-8M,int8,decode,4,Linear,int8,48,12595200
TinyStories-Instruct-8M,int8,decode,4,Quantize,fp32,48,73728
TinyStories-Instruct-8M,int8,decode,4,GELU,fp32,8,73728
TinyStories-Instruct-8M,int8,decode,4,Dequantize,fp32,48,36864
TinyStories-Instruct-8M,int8,decode,4,GroupedQueryAttention,fp32,8,33280
TinyStories-Instruct-8M,int8,decode,4,LayerNorm,fp32,17,26180
TinyStories-Instruct-8M,int8,decode,4,Softmax,fp32,8,2560
TinyStories-Instruct-8M,int8,decode,4,Embedding,fp32,2,0
TinyStories-Instruct-8M,int4,decode,4,Linear (lm_head),fp32,1,25731584
TinyStories-Instruct-8M,int4,decode,4,Linear,fp32,48,12595200
TinyStories-Instruct-8M,int4,decode,4,Dequantize,fp32,48,6291456
TinyStories-Instruct-8M,int4,decode,4,GELU,fp32,8,73728
TinyStories-Instruct-8M,int4,decode,4,GroupedQueryAttention,fp32,8,33280
TinyStories-Instruct-8M,int4,decode,4,LayerNorm,fp32,17,26180
TinyStories-Instruct-8M,int4,decode,4,Softmax,fp32,8,2560
TinyStories-Instruct-8M,int4,decode,4,Embedding,fp32,2,0
TinyStories-Instruct-8M,fp32,decode,8,Linear (lm_head),fp32,1,25731584
TinyStories-Instruct-8M,fp32,decode,8,Linear,fp32,48,12595200
TinyStories-Instruct-8M,fp32,decode,8,GELU,fp32,8,73728
TinyStories-Instruct-8M,fp32,decode,8,GroupedQueryAttention,fp32,8,66560
TinyStories-Instruct-8M,fp32,decode,8,LayerNorm,fp32,17,26180
TinyStories-Instruct-8M,fp32,decode,8,Softmax,fp32,8,5120
TinyStories-Instruct-8M,fp32,decode,8,Embedding,fp32,2,0
TinyStories-Instruct-8M,bf16,decode,8,Linear (lm_head),bf16,1,25731584
TinyStories-Instruct-8M,bf16,decode,8,Linear,bf16,48,12595200
TinyStories-Instruct-8M,bf16,decode,8,GELU,bf16,8,73728
TinyStories-Instruct-8M,bf16,decode,8,GroupedQueryAttention,bf16,8,66560
TinyStories-Instruct-8M,bf16,decode,8,LayerNorm,bf16,17,26180
TinyStories-Instruct-8M,bf16,decode,8,Softmax,bf16,8,5120
TinyStories-Instruct-8M,bf16,decode,8,Embedding,bf16,2,0
TinyStories-Instruct-8M,int8,decode,8,Linear (lm_head),fp32,1,25731584
TinyStories-Instruct-8M,int8,decode,8,Linear,int8,48,12595200
TinyStories-Instruct-8M,int8,decode,8,Quantize,fp32,48,73728
TinyStories-Instruct-8M,int8,decode,8,GELU,fp32,8,73728
TinyStories-Instruct-8M,int8,decode,8,GroupedQueryAttention,fp32,8,66560
TinyStories-Instruct-8M,int8,decode,8,Dequantize,fp32,48,36864
TinyStories-Instruct-8M,int8,decode,8,LayerNorm,fp32,17,26180
TinyStories-Instruct-8M,int8,decode,8,Softmax,fp32,8,5120
TinyStories-Instruct-8M,int8,decode,8,Embedding,fp32,2,0
TinyStories-Instruct-8M,int4,decode,8,Linear (lm_head),fp32,1,25731584
TinyStories-Instruct-8M,int4,decode,8,Linear,fp32,48,12595200
TinyStories-Instruct-8M,int4,decode,8,Dequantize,fp32,48,6291456
TinyStories-Instruct-8M,int4,decode,8,GELU,fp32,8,73728
TinyStories-Instruct-8M,int4,decode,8,GroupedQueryAttention,fp32,8,66560
TinyStories-Instruct-8M,int4,decode,8,LayerNorm,fp32,17,26180
TinyStories-Instruct-8M,int4,decode,8,Softmax,fp32,8,5120
TinyStories-Instruct-8M,int4,decode,8,Embedding,fp32,2,0
TinyStories-Instruct-8M,fp32,decode,16,Linear (lm_head),fp32,1,25731584
TinyStories-Instruct-8M,fp32,decode,16,Linear,fp32,48,12595200
TinyStories-Instruct-8M,fp32,decode,16,GroupedQueryAttention,fp32,8,133120
TinyStories-Instruct-8M,fp32,decode,16,GELU,fp32,8,73728
TinyStories-Instruct-8M,fp32,decode,16,LayerNorm,fp32,17,26180
TinyStories-Instruct-8M,fp32,decode,16,Softmax,fp32,8,10240
TinyStories-Instruct-8M,fp32,decode,16,Embedding,fp32,2,0
TinyStories-Instruct-8M,bf16,decode,16,Linear (lm_head),bf16,1,25731584
TinyStories-Instruct-8M,bf16,decode,16,Linear,bf16,48,12595200
TinyStories-Instruct-8M,bf16,decode,16,GroupedQueryAttention,bf16,8,133120
TinyStories-Instruct-8M,bf16,decode,16,GELU,bf16,8,73728
TinyStories-Instruct-8M,bf16,decode,16,LayerNorm,bf16,17,26180
TinyStories-Instruct-8M,bf16,decode,16,Softmax,bf16,8,10240
TinyStories-Instruct-8M,bf16,decode,16,Embedding,bf16,2,0
TinyStories-Instruct-8M,int8,decode,16,Linear (lm_head),fp32,1,25731584
TinyStories-Instruct-8M,int8,decode,16,Linear,int8,48,12595200
TinyStories-Instruct-8M,int8,decode,16,GroupedQueryAttention,fp32,8,133120
TinyStories-Instruct-8M,int8,decode,16,Quantize,fp32,48,73728
TinyStories-Instruct-8M,int8,decode,16,GELU,fp32,8,73728
TinyStories-Instruct-8M,int8,decode,16,Dequantize,fp32,48,36864
TinyStories-Instruct-8M,int8,decode,16,LayerNorm,fp32,17,26180
TinyStories-Instruct-8M,int8,decode,16,Softmax,fp32,8,10240
TinyStories-Instruct-8M,int8,decode,16,Embedding,fp32,2,0
TinyStories-Instruct-8M,int4,decode,16,Linear (lm_head),fp32,1,25731584
TinyStories-Instruct-8M,int4,decode,16,Linear,fp32,48,12595200
TinyStories-Instruct-8M,int4,decode,16,Dequantize,fp32,48,6291456
TinyStories-Instruct-8M,int4,decode,16,GroupedQueryAttention,fp32,8,133120
TinyStories-Instruct-8M,int4,decode,16,GELU,fp32,8,73728
TinyStories-Instruct-8M,int4,decode,16,LayerNorm,fp32,17,26180
TinyStories-Instruct-8M,int4,decode,16,Softmax,fp32,8,10240
TinyStories-Instruct-8M,int4,decode,16,Embedding,fp32,2,0
TinyStories-Instruct-8M,fp32,decode,32,Linear (lm_head),fp32,1,25731584
TinyStories-Instruct-8M,fp32,decode,32,Linear,fp32,48,12595200
TinyStories-Instruct-8M,fp32,decode,32,GroupedQueryAttention,fp32,8,266240
TinyStories-Instruct-8M,fp32,decode,32,GELU,fp32,8,73728
TinyStories-Instruct-8M,fp32,decode,32,LayerNorm,fp32,17,26180
TinyStories-Instruct-8M,fp32,decode,32,Softmax,fp32,8,20480
TinyStories-Instruct-8M,fp32,decode,32,Embedding,fp32,2,0
TinyStories-Instruct-8M,bf16,decode,32,Linear (lm_head),bf16,1,25731584
TinyStories-Instruct-8M,bf16,decode,32,Linear,bf16,48,12595200
TinyStories-Instruct-8M,bf16,decode,32,GroupedQueryAttention,bf16,8,266240
TinyStories-Instruct-8M,bf16,decode,32,GELU,bf16,8,73728
TinyStories-Instruct-8M,bf16,decode,32,LayerNorm,bf16,17,26180
TinyStories-Instruct-8M,bf16,decode,32,Softmax,bf16,8,20480
TinyStories-Instruct-8M,bf16,decode,32,Embedding,bf16,2,0
TinyStories-Instruct-8M,int8,decode,32,Linear (lm_head),fp32,1,25731584
TinyStories-Instruct-8M,int8,decode,32,Linear,int8,48,12595200
TinyStories-Instruct-8M,int8,decode,32,GroupedQueryAttention,fp32,8,266240
TinyStories-Instruct-8M,int8,decode,32,Quantize,fp32,48,73728
TinyStories-Instruct-8M,int8,decode,32,GELU,fp32,8,73728
TinyStories-Instruct-8M,int8,decode,32,Dequantize,fp32,48,36864
TinyStories-Instruct-8M,int8,decode,32,LayerNorm,fp32,17,26180
TinyStories-Instruct-8M,int8,decode,32,Softmax,fp32,8,20480
TinyStories-Instruct-8M,int8,decode,32,Embedding,fp32,2,0
TinyStories-Instruct-8M,int4,decode,32,Linear (lm_head),fp32,1,25731584
TinyStories-Instruct-8M,int4,decode,32,Linear,fp32,48,12595200
TinyStories-Instruct-8M,int4,decode,32,Dequantize,fp32,48,6291456
TinyStories-Instruct-8M,int4,decode,32,GroupedQueryAttention,fp32,8,266240
TinyStories-Instruct-8M,int4,decode,32,GELU,fp32,8,73728
TinyStories-Instruct-8M,int4,decode,32,LayerNorm,fp32,17,26180
TinyStories-Instruct-8M,int4,decode,32,Softmax,fp32,8,20480
TinyStories-Instruct-8M,int4,decode,32,Embedding,fp32,2,0
TinyStories-Instruct-8M,fp32,decode,64,Linear (lm_head),fp32,1,25731584
TinyStories-Instruct-8M,fp32,decode,64,Linear,fp32,48,12595200
TinyStories-Instruct-8M,fp32,decode,64,GroupedQueryAttention,fp32,8,532480
TinyStories-Instruct-8M,fp32,decode,64,GELU,fp32,8,73728
TinyStories-Instruct-8M,fp32,decode,64,Softmax,fp32,8,40960
TinyStories-Instruct-8M,fp32,decode,64,LayerNorm,fp32,17,26180
TinyStories-Instruct-8M,fp32,decode,64,Embedding,fp32,2,0
TinyStories-Instruct-8M,bf16,decode,64,Linear (lm_head),bf16,1,25731584
TinyStories-Instruct-8M,bf16,decode,64,Linear,bf16,48,12595200
TinyStories-Instruct-8M,bf16,decode,64,GroupedQueryAttention,bf16,8,532480
TinyStories-Instruct-8M,bf16,decode,64,GELU,bf16,8,73728
TinyStories-Instruct-8M,bf16,decode,64,Softmax,bf16,8,40960
TinyStories-Instruct-8M,bf16,decode,64,LayerNorm,bf16,17,26180
TinyStories-Instruct-8M,bf16,decode,64,Embedding,bf16,2,0
TinyStories-Instruct-8M,int8,decode,64,Linear (lm_head),fp32,1,25731584
TinyStories-Instruct-8M,int8,decode,64,Linear,int8,48,12595200
TinyStories-Instruct-8M,int8,decode,64,GroupedQueryAttention,fp32,8,532480
TinyStories-Instruct-8M,int8,decode,64,Quantize,fp32,48,73728
TinyStories-Instruct-8M,int8,decode,64,GELU,fp32,8,73728
TinyStories-Instruct-8M,int8,decode,64,Softmax,fp32,8,40960
TinyStories-Instruct-8M,int8,decode,64,Dequantize,fp32,48,36864
TinyStories-Instruct-8M,int8,decode,64,LayerNorm,fp32,17,26180
TinyStories-Instruct-8M,int8,decode,64,Embedding,fp32,2,0
TinyStories-Instruct-8M,int4,decode,64,Linear (lm_head),fp32,1,25731584
TinyStories-Instruct-8M,int4,decode,64,Linear,fp32,48,12595200
TinyStories-Instruct-8M,int4,decode,64,Dequantize,fp32,48,6291456
TinyStories-Instruct-8M,int4,decode,64,GroupedQueryAttention,fp32,8,532480
TinyStories-Instruct-8M,int4,decode,64,GELU,fp32,8,73728
TinyStories-Instruct-8M,int4,decode,64,Softmax,fp32,8,40960
TinyStories-Instruct-8M,int4,decode,64,LayerNorm,fp32,17,26180
TinyStories-Instruct-8M,int4,decode,64,Embedding,fp32,2,0
TinyStories-Instruct-8M,fp32,decode,128,Linear (lm_head),fp32,1,25731584
TinyStories-Instruct-8M,fp32,decode,128,Linear,fp32,48,12595200
TinyStories-Instruct-8M,fp32,decode,128,GroupedQueryAttention,fp32,8,1064960
TinyStories-Instruct-8M,fp32,decode,128,Softmax,fp32,8,81920
TinyStories-Instruct-8M,fp32,decode,128,GELU,fp32,8,73728
TinyStories-Instruct-8M,fp32,decode,128,LayerNorm,fp32,17,26180
TinyStories-Instruct-8M,fp32,decode,128,Embedding,fp32,2,0
TinyStories-Instruct-8M,bf16,decode,128,Linear (lm_head),bf16,1,25731584
TinyStories-Instruct-8M,bf16,decode,128,Linear,bf16,48,12595200
TinyStories-Instruct-8M,bf16,decode,128,GroupedQueryAttention,bf16,8,1064960
TinyStories-Instruct-8M,bf16,decode,128,Softmax,bf16,8,81920
TinyStories-Instruct-8M,bf16,decode,128,GELU,bf16,8,73728
TinyStories-Instruct-8M,bf16,decode,128,LayerNorm,bf16,17,26180
TinyStories-Instruct-8M,bf16,decode,128,Embedding,bf16,2,0
TinyStories-Instruct-8M,int8,decode,128,Linear (lm_head),fp32,1,25731584
TinyStories-Instruct-8M,int8,decode,128,Linear,int8,48,12595200
TinyStories-Instruct-8M,int8,decode,128,GroupedQueryAttention,fp32,8,1064960
TinyStories-Instruct-8M,int8,decode,128,Softmax,fp32,8,81920
TinyStories-Instruct-8M,int8,decode,128,Quantize,fp32,48,73728
TinyStories-Instruct-8M,int8,decode,128,GELU,fp32,8,73728
TinyStories-Instruct-8M,int8,decode,128,Dequantize,fp32,48,36864
TinyStories-Instruct-8M,int8,decode,128,LayerNorm,fp32,17,26180
TinyStories-Instruct-8M,int8,decode,128,Embedding,fp32,2,0
TinyStories-Instruct-8M,int4,decode,128,Linear (lm_head),fp32,1,25731584
TinyStories-Instruct-8M,int4,decode,128,Linear,fp32,48,12595200
TinyStories-Instruct-8M,int4,decode,128,Dequantize,fp32,48,6291456
TinyStories-Instruct-8M,int4,decode,128,GroupedQueryAttention,fp32,8,1064960
TinyStories-Instruct-8M,int4,decode,128,Softmax,fp32,8,81920
TinyStories-Instruct-8M,int4,decode,128,GELU,fp32,8,73728
TinyStories-Instruct-8M,int4,decode,128,LayerNorm,fp32,17,26180
TinyStories-Instruct-8M,int4,decode,128,Embedding,fp32,2,0
TinyStories-Instruct-8M,fp32,decode,256,Linear (lm_head),fp32,1,25731584
TinyStories-Instruct-8M,fp32,decode,256,Linear,fp32,48,12595200
TinyStories-Instruct-8M,fp32,decode,256,GroupedQueryAttention,fp32,8,2129920
TinyStories-Instruct-8M,fp32,decode,256,Softmax,fp32,8,163840
TinyStories-Instruct-8M,fp32,decode,256,GELU,fp32,8,73728
TinyStories-Instruct-8M,fp32,decode,256,LayerNorm,fp32,17,26180
TinyStories-Instruct-8M,fp32,decode,256,Embedding,fp32,2,0
TinyStories-Instruct-8M,bf16,decode,256,Linear (lm_head),bf16,1,25731584
TinyStories-Instruct-8M,bf16,decode,256,Linear,bf16,48,12595200
TinyStories-Instruct-8M,bf16,decode,256,GroupedQueryAttention,bf16,8,2129920
TinyStories-Instruct-8M,bf16,decode,256,Softmax,bf16,8,163840
TinyStories-Instruct-8M,bf16,decode,256,GELU,bf16,8,73728
TinyStories-Instruct-8M,bf16,decode,256,LayerNorm,bf16,17,26180
TinyStories-Instruct-8M,bf16,decode,256,Embedding,bf16,2,0
TinyStories-Instruct-8M,int8,decode,256,Linear (lm_head),fp32,1,25731584
TinyStories-Instruct-8M,int8,decode,256,Linear,int8,48,12595200
TinyStories-Instruct-8M,int8,decode,256,GroupedQueryAttention,fp32,8,2129920
TinyStories-Instruct-8M,int8,decode,256,Softmax,fp32,8,163840
TinyStories-Instruct-8M,int8,decode,256,Quantize,fp32,48,73728
TinyStories-Instruct-8M,int8,decode,256,GELU,fp32,8,73728
TinyStories-Instruct-8M,int8,decode,256,Dequantize,fp32,48,36864
TinyStories-Instruct-8M,int8,decode,256,LayerNorm,fp32,17,26180
TinyStories-Instruct-8M,int8,decode,256,Embedding,fp32,2,0
TinyStories-Instruct-8M,int4,decode,256,Linear (lm_head),fp32,1,25731584
TinyStories-Instruct-8M,int4,decode,256,Linear,fp32,48,12595200
TinyStories-Instruct-8M,int4,decode,256,Dequantize,fp32,48,6291456
TinyStories-Instruct-8M,int4,decode,256,GroupedQueryAttention,fp32,8,2129920
TinyStories-Instruct-8M,int4,decode,256,Softmax,fp32,8,163840
TinyStories-Instruct-8M,int4,decode,256,GELU,fp32,8,73728
TinyStories-Instruct-8M,int4,decode,256,LayerNorm,fp32,17,26180
TinyStories-Instruct-8M,int4,decode,256,Embedding,fp32,2,0
TinyStories-Instruct-8M,fp32,decode,512,Linear (lm_head),fp32,1,25731584
TinyStories-Instruct-8M,fp32,decode,512,Linear,fp32,48,12595200
TinyStories-Instruct-8M,fp32,decode,512,GroupedQueryAttention,fp32,8,4259840
TinyStories-Instruct-8M,fp32,decode,512,Softmax,fp32,8,327680
TinyStories-Instruct-8M,fp32,decode,512,GELU,fp32,8,73728
TinyStories-Instruct-8M,fp32,decode,512,LayerNorm,fp32,17,26180
TinyStories-Instruct-8M,fp32,decode,512,Embedding,fp32,2,0
TinyStories-Instruct-8M,bf16,decode,512,Linear (lm_head),bf16,1,25731584
TinyStories-Instruct-8M,bf16,decode,512,Linear,bf16,48,12595200
TinyStories-Instruct-8M,bf16,decode,512,GroupedQueryAttention,bf16,8,4259840
TinyStories-Instruct-8M,bf16,decode,512,Softmax,bf16,8,327680
TinyStories-Instruct-8M,bf16,decode,512,GELU,bf16,8,73728
TinyStories-Instruct-8M,bf16,decode,512,LayerNorm,bf16,17,26180
TinyStories-Instruct-8M,bf16,decode,512,Embedding,bf16,2,0
TinyStories-Instruct-8M,int8,decode,512,Linear (lm_head),fp32,1,25731584
TinyStories-Instruct-8M,int8,decode,512,Linear,int8,48,12595200
TinyStories-Instruct-8M,int8,decode,512,GroupedQueryAttention,fp32,8,4259840
TinyStories-Instruct-8M,int8,decode,512,Softmax,fp32,8,327680
TinyStories-Instruct-8M,int8,decode,512,Quantize,fp32,48,73728
TinyStories-Instruct-8M,int8,decode,512,GELU,fp32,8,73728
TinyStories-Instruct-8M,int8,decode,512,Dequantize,fp32,48,36864
TinyStories-Instruct-8M,int8,decode,512,LayerNorm,fp32,17,26180
TinyStories-Instruct-8M,int8,decode,512,Embedding,fp32,2,0
TinyStories-Instruct-8M,int4,decode,512,Linear (lm_head),fp32,1,25731584
TinyStories-Instruct-8M,int4,decode,512,Linear,fp32,48,12595200
TinyStories-Instruct-8M,int4,decode,512,Dequantize,fp32,48,6291456
TinyStories-Instruct-8M,int4,decode,512,GroupedQueryAttention,fp32,8,4259840
TinyStories-Instruct-8M,int4,decode,512,Softmax,fp32,8,327680
TinyStories-Instruct-8M,int4,decode,512,GELU,fp32,8,73728
TinyStories-Instruct-8M,int4,decode,512,LayerNorm,fp32,17,26180
TinyStories-Instruct-8M,int4,decode,512,Embedding,fp32,2,0
TinyStories-Instruct-8M,fp32,decode,1024,Linear (lm_head),fp32,1,25731584
TinyStories-Instruct-8M,fp32,decode,1024,Linear,fp32,48,12595200
TinyStories-Instruct-8M,fp32,decode,1024,GroupedQueryAttention,fp32,8,8519680
TinyStories-Instruct-8M,fp32,decode,1024,Softmax,fp32,8,655360
TinyStories-Instruct-8M,fp32,decode,1024,GELU,fp32,8,73728
TinyStories-Instruct-8M,fp32,decode,1024,LayerNorm,fp32,17,26180
TinyStories-Instruct-8M,fp32,decode,1024,Embedding,fp32,2,0
TinyStories-Instruct-8M,bf16,decode,1024,Linear (lm_head),bf16,1,25731584
TinyStories-Instruct-8M,bf16,decode,1024,Linear,bf16,48,12595200
TinyStories-Instruct-8M,bf16,decode,1024,GroupedQueryAttention,bf16,8,8519680
TinyStories-Instruct-8M,bf16,decode,1024,Softmax,bf16,8,655360
TinyStories-Instruct-8M,bf16,decode,1024,GELU,bf16,8,73728
TinyStories-Instruct-8M,bf16,decode,1024,LayerNorm,bf16,17,26180
TinyStories-Instruct-8M,bf16,decode,1024,Embedding,bf16,2,0
TinyStories-Instruct-8M,int8,decode,1024,Linear (lm_head),fp32,1,25731584
TinyStories-Instruct-8M,int8,decode,1024,Linear,int8,48,12595200
TinyStories-Instruct-8M,int8,decode,1024,GroupedQueryAttention,fp32,8,8519680
TinyStories-Instruct-8M,int8,decode,1024,Softmax,fp32,8,655360
TinyStories-Instruct-8M,int8,decode,1024,Quantize,fp32,48,73728
TinyStories-Instruct-8M,int8,decode,1024,GELU,fp32,8,73728
TinyStories-Instruct-8M,int8,decode,1024,Dequantize,fp32,48,36864
TinyStories-Instruct-8M,int8,decode,1024,LayerNorm,fp32,17,26180
TinyStories-Instruct-8M,int8,decode,1024,Embedding,fp32,2,0
TinyStories-Instruct-8M,int4,decode,1024,Linear (lm_head),fp32,1,25731584
TinyStories-Instruct-8M,int4,decode,1024,Linear,fp32,48,12595200
TinyStories-Instruct-8M,int4,decode,1024,GroupedQueryAttention,fp32,8,8519680
TinyStories-Instruct-8M,int4,decode,1024,Dequantize,fp32,48,6291456
TinyStories-Instruct-8M,int4,decode,1024,Softmax,fp32,8,655360
TinyStories-Instruct-8M,int4,decode,1024,GELU,fp32,8,73728
TinyStories-Instruct-8M,int4,decode,1024,LayerNorm,fp32,17,26180
TinyStories-Instruct-8M,int4,decode,1024,Embedding,fp32,2,0
TinyStories-Instruct-8M,fp32,decode,2048,Linear (lm_head),fp32,1,25731584
TinyStories-Instruct-8M,fp32,decode,2048,GroupedQueryAttention,fp32,8,17039360
TinyStories-Instruct-8M,fp32,decode,2048,Linear,fp32,48,12595200
TinyStories-Instruct-8M,fp32,decode,2048,Softmax,fp32,8,1310720
TinyStories-Instruct-8M,fp32,decode,2048,GELU,fp32,8,73728
TinyStories-Instruct-8M,fp32,decode,2048,LayerNorm,fp32,17,26180
TinyStories-Instruct-8M,fp32,decode,2048,Embedding,fp32,2,0
TinyStories-Instruct-8M,bf16,decode,2048,Linear (lm_head),bf16,1,25731584
TinyStories-Instruct-8M,bf16,decode,2048,GroupedQueryAttention,bf16,8,17039360
TinyStories-Instruct-8M,bf16,decode,2048,Linear,bf16,48,12595200
TinyStories-Instruct-8M,bf16,decode,2048,Softmax,bf16,8,1310720
TinyStories-Instruct-8M,bf16,decode,2048,GELU,bf16,8,73728
TinyStories-Instruct-8M,bf16,decode,2048,LayerNorm,bf16,17,26180
TinyStories-Instruct-8M,bf16,decode,2048,Embedding,bf16,2,0
TinyStories-Instruct-8M,int8,decode,2048,Linear (lm_head),fp32,1,25731584
TinyStories-Instruct-8M,int8,decode,2048,GroupedQueryAttention,fp32,8,17039360
TinyStories-Instruct-8M,int8,decode,2048,Linear,int8,48,12595200
TinyStories-Instruct-8M,int8,decode,2048,Softmax,fp32,8,1310720
TinyStories-Instruct-8M,int8,decode,2048,Quantize,fp32,48,73728
TinyStories-Instruct-8M,int8,decode,2048,GELU,fp32,8,73728
TinyStories-Instruct-8M,int8,decode,2048,Dequantize,fp32,48,36864
TinyStories-Instruct-8M,int8,decode,2048,LayerNorm,fp32,17,26180
TinyStories-Instruct-8M,int8,decode,2048,Embedding,fp32,2,0
TinyStories-Instruct-8M,int4,decode,2048,Linear (lm_head),fp32,1,25731584
TinyStories-Instruct-8M,int4,decode,2048,GroupedQueryAttention,fp32,8,17039360
TinyStories-Instruct-8M,int4,decode,2048,Linear,fp32,48,12595200
TinyStories-Instruct-8M,int4,decode,2048,Dequantize,fp32,48,6291456
TinyStories-Instruct-8M,int4,decode,2048,Softmax,fp32,8,1310720
TinyStories-Instruct-8M,int4,decode,2048,GELU,fp32,8,73728
TinyStories-Instruct-8M,int4,decode,2048,LayerNorm,fp32,17,26180
TinyStories-Instruct-8M,int4,decode,2048,Embedding,fp32,2,0
TinyStories-Instruct-28M,fp32,prefill,1,Linear (lm_head),fp32,1,51463168
TinyStories-Instruct-28M,fp32,prefill,1,Linear,fp32,48,50356224
TinyStories-Instruct-28M,fp32,prefill,1,GELU,fp32,8,147456
TinyStories-Instruct-28M,fp32,prefill,1,LayerNorm,fp32,17,52292
TinyStories-Instruct-28M,fp32,prefill,1,GroupedQueryAttention,fp32,8,16512
TinyStories-Instruct-28M,fp32,prefill,1,Softmax,fp32,8,640
TinyStories-Instruct-28M,fp32,prefill,1,Embedding,fp32,2,0
TinyStories-Instruct-28M,bf16,prefill,1,Linear (lm_head),bf16,1,51463168
TinyStories-Instruct-28M,bf16,prefill,1,Linear,bf16,48,50356224
TinyStories-Instruct-28M,bf16,prefill,1,GELU,bf16,8,147456
TinyStories-Instruct-28M,bf16,prefill,1,LayerNorm,bf16,17,52292
TinyStories-Instruct-28M,bf16,prefill,1,GroupedQueryAttention,bf16,8,16512
TinyStories-Instruct-28M,bf16,prefill,1,Softmax,bf16,8,640
TinyStories-Instruct-28M,bf16,prefill,1,Embedding,bf16,2,0
TinyStories-Instruct-28M,int8,prefill,1,Linear (lm_head),fp32,1,51463168
TinyStories-Instruct-28M,int8,prefill,1,Linear,int8,48,50356224
TinyStories-Instruct-28M,int8,prefill,1,Quantize,fp32,48,147456
TinyStories-Instruct-28M,int8,prefill,1,GELU,fp32,8,147456
TinyStories-Instruct-28M,int8,prefill,1,Dequantize,fp32,48,73728
TinyStories-Instruct-28M,int8,prefill,1,LayerNorm,fp32,17,52292
TinyStories-Instruct-28M,int8,prefill,1,GroupedQueryAttention,fp32,8,16512
TinyStories-Instruct-28M,int8,prefill,1,Softmax,fp32,8,640
TinyStories-Instruct-28M,int8,prefill,1,Embedding,fp32,2,0
TinyStories-Instruct-28M,int4,prefill,1,Linear (lm_head),fp32,1,51463168
TinyStories-Instruct-28M,int4,prefill,1,Linear,fp32,48,50356224
TinyStories-Instruct-28M,int4,prefill,1,Dequantize,fp32,48,25165824
TinyStories-Instruct-28M,int4,prefill,1,GELU,fp32,8,147456
TinyStories-Instruct-28M,int4,prefill,1,LayerNorm,fp32,17,52292
TinyStories-Instruct-28M,int4,prefill,1,GroupedQueryAttention,fp32,8,16512
TinyStories-Instruct-28M,int4,prefill,1,Softmax,fp32,8,640
TinyStories-Instruct-28M,int4,prefill,1,Embedding,fp32,2,0
TinyStories-Instruct-28M,fp32,prefill,2,Linear (lm_head),fp32,1,102926336
TinyStories-Instruct-28M,fp32,prefill,2,Linear,fp32,48,100712448
TinyStories-Instruct-28M,fp32,prefill,2,GELU,fp32,8,294912
TinyStories-Instruct-28M,fp32,prefill,2,LayerNorm,fp32,17,104584
TinyStories-Instruct-28M,fp32,prefill,2,GroupedQueryAttention,fp32,8,66048
TinyStories-Instruct-28M,fp32,prefill,2,Softmax,fp32,8,2560
TinyStories-Instruct-28M,fp32,prefill,2,Embedding,fp32,2,0
TinyStories-Instruct-28M,bf16,prefill,2,Linear (lm_head),bf16,1,102926336
TinyStories-Instruct-28M,bf16,prefill,2,Linear,bf16,48,100712448
TinyStories-Instruct-28M,bf16,prefill,2,GELU,bf16,8,294912
TinyStories-Instruct-28M,bf16,prefill,2,LayerNorm,bf16,17,104584
TinyStories-Instruct-28M,bf16,prefill,2,GroupedQueryAttention,bf16,8,66048
TinyStories-Instruct-28M,bf16,prefill,2,Softmax,bf16,8,2560
TinyStories-Instruct-28M,bf16,prefill,2,Embedding,bf16,2,0
TinyStories-Instruct-28M,int8,prefill,2,Linear (lm_head),fp32,1,102926336
TinyStories-Instruct-28M,int8,prefill,2,Linear,int8,48,100712448
TinyStories-Instruct-28M,int8,prefill,2,Quantize,fp32,48,294912
TinyStories-Instruct-28M,int8,prefill,2,GELU,fp32,8,294912
TinyStories-Instruct-28M,int8,prefill,2,Dequantize,fp32,48,147456
TinyStories-Instruct-28M,int8,prefill,2,LayerNorm,fp32,17,104584
TinyStories-Instruct-28M,int8,prefill,2,GroupedQueryAttention,fp32,8,66048
TinyStories-Instruct-28M,int8,prefill,2,Softmax,fp32,8,2560
TinyStories-Instruct-28M,int8,prefill,2,Embedding,fp32,2,0
TinyStories-Instruct-28M,int4,prefill,2,Linear (lm_head),fp32,1,102926336
TinyStories-Instruct-28M,int4,prefill,2,Linear,fp32,48,100712448
TinyStories-Instruct-28M,int4,prefill,2,Dequantize,fp32,48,25165824
TinyStories-Instruct-28M,int4,prefill,2,GELU,fp32,8,294912
TinyStories-Instruct-28M,int4,prefill,2,LayerNorm,fp32,17,104584
TinyStories-Instruct-28M,int4,prefill,2,GroupedQueryAttention,fp32,8,66048
TinyStories-Instruct-28M,int4,prefill,2,Softmax,fp32,8,2560
TinyStories-Instruct-28M,int4,prefill,2,Embedding,fp32,2,0
TinyStories-Instruct-28M,fp32,prefill,4,Linear (lm_head),fp32,1,205852672
TinyStories-Instruct-28M,fp32,prefill,4,Linear,fp32,48,201424896
TinyStories-Instruct-28M,fp32,prefill,4,GELU,fp32,8,589824
TinyStories-Instruct-28M,fp32,prefill,4,GroupedQueryAttention,fp32,8,264192
TinyStories-Instruct-28M,fp32,prefill,4,LayerNorm,fp32,17,209168
TinyStories-Instruct-28M,fp32,prefill,4,Softmax,fp32,8,10240
TinyStories-Instruct-28M,fp32,prefill,4,Embedding,fp32,2,0
TinyStories-Instruct-28M,bf16,prefill,4,Linear (lm_head),bf16,1,205852672
TinyStories-Instruct-28M,bf16,prefill,4,Linear,bf16,48,201424896
TinyStories-Instruct-28M,bf16,prefill,4,GELU,bf16,8,589824
TinyStories-Instruct-28M,bf16,prefill,4,GroupedQueryAttention,bf16,8,264192
TinyStories-Instruct-28M,bf16,prefill,4,LayerNorm,bf16,17,209168
TinyStories-Instruct-28M,bf16,prefill,4,Softmax,bf16,8,10240
TinyStories-Instruct-28M,bf16,prefill,4,Embedding,bf16,2,0
TinyStories-Instruct-28M,int8,prefill,4,Linear (lm_head),fp32,1,205852672
TinyStories-Instruct-28M,int8,prefill,4,Linear,int8,48,201424896
TinyStories-Instruct-28M,int8,prefill,4,Quantize,fp32,48,589824
TinyStories-Instruct-28M,int8,prefill,4,GELU,fp32,8,589824
TinyStories-Instruct-28M,int8,prefill,4,Dequantize,fp32,48,294912
TinyStories-Instruct-28M,int8,prefill,4,GroupedQueryAttention,fp32,8,264192
TinyStories-Instruct-28M,int8,prefill,4,LayerNorm,fp32,17,209168
TinyStories-Instruct-28M,int8,prefill,4,Softmax,fp32,8,10240
TinyStories-Instruct-28M,int8,prefill,4,Embedding,fp32,2,0
TinyStories-Instruct-28M,int4,prefill,4,Linear (lm_head),fp32,1,205852672
TinyStories-Instruct-28M,int4,prefill,4,Linear,fp32,48,201424896
TinyStories-Instruct-28M,int4,prefill,4,Dequantize,fp32,48,25165824
TinyStories-Instruct-28M,int4,prefill,4,GELU,fp32,8,589824
TinyStories-Instruct-28M,int4,prefill,4,GroupedQueryAttention,fp32,8,264192
TinyStories-Instruct-28M,int4,prefill,4,LayerNorm,fp32,17,209168
TinyStories-Instruct-28M,int4,prefill,4,Softmax,fp32,8,10240
TinyStories-Instruct-28M,int4,prefill,4,Embedding,fp32,2,0
TinyStories-Instruct-28M,fp32,prefill,8,Linear (lm_head),fp32,1,411705344
TinyStories-Instruct-28M,fp32,prefill,8,Linear,fp32,48,402849792
TinyStories-Instruct-28M,fp32,prefill,8,GELU,fp32,8,1179648
TinyStories-Instruct-28M,fp32,prefill,8,GroupedQueryAttention,fp32,8,1056768
TinyStories-Instruct-28M,fp32,prefill,8,LayerNorm,fp32,17,418336
TinyStories-Instruct-28M,fp32,prefill,8,Softmax,fp32,8,40960
TinyStories-Instruct-28M,fp32,prefill,8,Embedding,fp32,2,0
TinyStories-Instruct-28M,bf16,prefill,8,Linear (lm_head),bf16,1,411705344
TinyStories-Instruct-28M,bf16,prefill,8,Linear,bf16,48,402849792
TinyStories-Instruct-28M,bf16,prefill,8,GELU,bf16,8,1179648
TinyStories-Instruct-28M,bf16,prefill,8,GroupedQueryAttention,bf16,8,1056768
TinyStories-Instruct-28M,bf16,prefill,8,LayerNorm,bf16,17,418336
TinyStories-Instruct-28M,bf16,prefill,8,Softmax,bf16,8,40960
TinyStories-Instruct-28M,bf16,prefill,8,Embedding,bf16,2,0
TinyStories-Instruct-28M,int8,prefill,8,Linear (lm_head),fp32,1,411705344
TinyStories-Instruct-28M,int8,prefill,8,Linear,int8,48,402849792
TinyStories-Instruct-28M,int8,prefill,8,Quantize,fp32,48,1179648
TinyStories-Instruct-28M,int8,prefill,8,GELU,fp32,8,1179648
TinyStories-Instruct-28M,int8,prefill,8,GroupedQueryAttention,fp32,8,1056768
TinyStories-Instruct-28M,int8,prefill,8,Dequantize,fp32,48,589824
TinyStories-Instruct-28M,int8,prefill,8,LayerNorm,fp32,17,418336
TinyStories-Instruct-28M,int8,prefill,8,Softmax,fp32,8,40960
TinyStories-Instruct-28M,int8,prefill,8,Embedding,fp32,2,0
TinyStories-Instruct-28M,int4,prefill,8,Linear (lm_head),fp32,1,411705344
TinyStories-Instruct-28M,int4,prefill,8,Linear,fp32,48,402849792
TinyStories-Instruct-28M,int4,prefill,8,Dequantize,fp32,48,25165824
TinyStories-Instruct-28M,int4,prefill,8,GELU,fp32,8,1179648
TinyStories-Instruct-28M,int4,prefill,8,GroupedQueryAttention,fp32,8,1056768
TinyStories-Instruct-28M,int4,prefill,8,LayerNorm,fp32,17,418336
TinyStories-Instruct-28M,int4,prefill,8,Softmax,fp32,8,40960
TinyStories-Instruct-28M,int4,prefill,8,Embedding,fp32,2,0
TinyStories-Instruct-28M,fp32,prefill,16,Linear (lm_head),fp32,1,823410688
TinyStories-Instruct-28M,fp32,prefill,16,Linear,fp32,48,805699584
TinyStories-Instruct-28M,fp32,prefill,16,GroupedQueryAttention,fp32,8,4227072
TinyStories-Instruct-28M,fp32,prefill,16,GELU,fp32,8,2359296
TinyStories-Instruct-28M,fp32,prefill,16,LayerNorm,fp32,17,836672
TinyStories-Instruct-28M,fp32,prefill,16,Softmax,fp32,8,163840
TinyStories-Instruct-28M,fp32,prefill,16,Embedding,fp32,2,0
TinyStories-Instruct-28M,bf16,prefill,16,Linear (lm_head),bf16,1,823410688
TinyStories-Instruct-28M,bf16,prefill,16,Linear,bf16,48,805699584
TinyStories-Instruct-28M,bf16,prefill,16,GroupedQueryAttention,bf16,8,4227072
TinyStories-Instruct-28M,bf16,prefill,16,GELU,bf16,8,2359296
TinyStories-Instruct-28M,bf16,prefill,16,LayerNorm,bf16,17,836672
TinyStories-Instruct-28M,bf16,prefill,16,Softmax,bf16,8,163840
TinyStories-Instruct-28M,bf16,prefill,16,Embedding,bf16,2,0
TinyStories-Instruct-28M,int8,prefill,16,Linear (lm_head),fp32,1,823410688
TinyStories-Instruct-28M,int8,prefill,16,Linear,int8,48,805699584
TinyStories-Instruct-28M,int8,prefill,16,GroupedQueryAttention,fp32,8,4227072
TinyStories-Instruct-28M,int8,prefill,16,Quantize,fp32,48,2359296
TinyStories-Instruct-28M,int8,prefill,16,GELU,fp32,8,2359296
TinyStories-Instruct-28M,int8,prefill,16,Dequantize,fp32,48,1179648
TinyStories-Instruct-28M,int8,prefill,16,LayerNorm,fp32,17,836672
TinyStories-Instruct-28M,int8,prefill,16,Softmax,fp32,8,163840
TinyStories-Instruct-28M,int8,prefill,16,Embedding,fp32,2,0
TinyStories-Instruct-28M,int4,prefill,16,Linear (lm_head),fp32,1,823410688
TinyStories-Instruct-28M,int4,prefill,16,Linear,fp32,48,805699584
TinyStories-Instruct-28M,int4,prefill,16,Dequantize,fp32,48,25165824
TinyStories-Instruct-28M,int4,prefill,16,GroupedQueryAttention,fp32,8,4227072
TinyStories-Instruct-28M,int4,prefill,16,GELU,fp32,8,2359296
TinyStories-Instruct-28M,int4,prefill,16,LayerNorm,fp32,17,836672
TinyStories-Instruct-28M,int4,prefill,16,Softmax,fp32,8,163840
TinyStories-Instruct-28M,int4,prefill,16,Embedding,fp32,2,0
TinyStories-Instruct-28M,fp32,prefill,32,Linear (lm_head),fp32,1,1646821376
TinyStories-Instruct-28M,fp32,prefill,32,Linear,fp32,48,1611399168
TinyStories-Instruct-28M,fp32,prefill,32,GroupedQueryAttention,fp32,8,16908288
TinyStories-Instruct-28M,fp32,prefill,32,GELU,fp32,8,4718592
TinyStories-Instruct-28M,fp32,prefill,32,LayerNorm,fp32,17,1673344
TinyStories-Instruct-28M,fp32,prefill,32,Softmax,fp32,8,655360
TinyStories-Instruct-28M,fp32,prefill,32,Embedding,fp32,2,0
TinyStories-Instruct-28M,bf16,prefill,32,Linear (lm_head),bf16,1,1646821376
TinyStories-Instruct-28M,bf16,prefill,32,Linear,bf16,48,1611399168
TinyStories-Instruct-28M,bf16,prefill,32,GroupedQueryAttention,bf16,8,16908288
TinyStories-Instruct-28M,bf16,prefill,32,GELU,bf16,8,4718592
TinyStories-Instruct-28M,bf16,prefill,32,LayerNorm,bf16,17,1673344
TinyStories-Instruct-28M,bf16,prefill,32,Softmax,bf16,8,655360
TinyStories-Instruct-28M,bf16,prefill,32,Embedding,bf16,2,0
TinyStories-Instruct-28M,int8,prefill,32,Linear (lm_head),fp32,1,1646821376
TinyStories-Instruct-28M,int8,prefill,32,Linear,int8,48,1611399168
TinyStories-Instruct-28M,int8,prefill,32,GroupedQueryAttention,fp32,8,16908288
TinyStories-Instruct-28M,int8,prefill,32,Quantize,fp32,48,4718592
TinyStories-Instruct-28M,int8,prefill,32,GELU,fp32,8,4718592
TinyStories-Instruct-28M,int8,prefill,32,Dequantize,fp32,48,2359296
TinyStories-Instruct-28M,int8,prefill,32,LayerNorm,fp32,17,1673344
TinyStories-Instruct-28M,int8,prefill,32,Softmax,fp32,8,655360
TinyStories-Instruct-28M,int8,prefill,32,Embedding,fp32,2,0
TinyStories-Instruct-28M,int4,prefill,32,Linear (lm_head),fp32,1,1646821376
TinyStories-Instruct-28M,int4,prefill,32,Linear,fp32,48,1611399168
TinyStories-Instruct-28M,int4,prefill,32,Dequantize,fp32,48,25165824
TinyStories-Instruct-28M,int4,prefill,32,GroupedQueryAttention,fp32,8,16908288
TinyStories-Instruct-28M,int4,prefill,32,GELU,fp32,8,4718592
TinyStories-Instruct-28M,int4,prefill,32,LayerNorm,fp32,17,1673344
TinyStories-Instruct-28M,int4,prefill,32,Softmax,fp32,8,655360
TinyStories-Instruct-28M,int4,prefill,32,Embedding,fp32,2,0
TinyStories-Instruct-28M,fp32,prefill,64,Linear (lm_head),fp32,1,3293642752
TinyStories-Instruct-28M,fp32,prefill,64,Linear,fp32,48,3222798336
TinyStories-Instruct-28M,fp32,prefill,64,GroupedQueryAttention,fp32,8,67633152
TinyStories-Instruct-28M,fp32,prefill,64,GELU,fp32,8,9437184
TinyStories-Instruct-28M,fp32,prefill,64,LayerNorm,fp32,17,3346688
TinyStories-Instruct-28M,fp32,prefill,64,Softmax,fp32,8,2621440
TinyStories-Instruct-28M,fp32,prefill,64,Embedding,fp32,2,0
TinyStories-Instruct-28M,bf16,prefill,64,Linear (lm_head),bf16,1,3293642752
TinyStories-Instruct-28M,bf16,prefill,64,Linear,bf16,48,3222798336
TinyStories-Instruct-28M,bf16,prefill,64,GroupedQueryAttention,bf16,8,67633152
TinyStories-Instruct-28M,bf16,prefill,64,GELU,bf16,8,9437184
TinyStories-Instruct-28M,bf16,prefill,64,LayerNorm,bf16,17,3346688
TinyStories-Instruct-28M,bf16,prefill,64,Softmax,bf16,8,2621440
TinyStories-Instruct-28M,bf16,prefill,64,Embedding,bf16,2,0
TinyStories-Instruct-28M,int8,prefill,64,Linear (lm_head),fp32,1,3293642752
TinyStories-Instruct-28M,int8,prefill,64,Linear,int8,48,3222798336
TinyStories-Instruct-28M,int8,prefill,64,GroupedQueryAttention,fp32,8,67633152
TinyStories-Instruct-28M,int8,prefill,64,Quantize,fp32,48,9437184
TinyStories-Instruct-28M,int8,prefill,64,GELU,fp32,8,9437184
TinyStories-Instruct-28M,int8,prefill,64,Dequantize,fp32,48,4718592
TinyStories-Instruct-28M,int8,prefill,64,LayerNorm,fp32,17,3346688
TinyStories-Instruct-28M,int8,prefill,64,Softmax,fp32,8,2621440
TinyStories-Instruct-28M,int8,prefill,64,Embedding,fp32,2,0
TinyStories-Instruct-28M,int4,prefill,64,Linear (lm_head),fp32,1,3293642752
TinyStories-Instruct-28M,int4,prefill,64,Linear,fp32,48,3222798336
TinyStories-Instruct-28M,int4,prefill,64,GroupedQueryAttention,fp32,8,67633152
TinyStories-Instruct-28M,int4,prefill,64,Dequantize,fp32,48,25165824
TinyStories-Instruct-28M,int4,prefill,64,GELU,fp32,8,9437184
TinyStories-Instruct-28M,int4,prefill,64,LayerNorm,fp32,17,3346688
TinyStories-Instruct-28M,int4,prefill,64,Softmax,fp32,8,2621440
TinyStories-Instruct-28M,int4,prefill,64,Embedding,fp32,2,0
TinyStories-Instruct-28M,fp32,prefill,128,Linear (lm_head),fp32,1,6587285504
TinyStories-Instruct-28M,fp32,prefill,128,Linear,fp32,48,6445596672
TinyStories-Instruct-28M,fp32,prefill,128,GroupedQueryAttention,fp32,8,270532608
TinyStories-Instruct-28M,fp32,prefill,128,GELU,fp32,8,18874368
TinyStories-Instruct-28M,fp32,prefill,128,Softmax,fp32,8,10485760
TinyStories-Instruct-28M,fp32,prefill,128,LayerNorm,fp32,17,6693376
TinyStories-Instruct-28M,fp32,prefill,128,Embedding,fp32,2,0
TinyStories-Instruct-28M,bf16,prefill,128,Linear (lm_head),bf16,1,6587285504
TinyStories-Instruct-28M,bf16,prefill,128,Linear,bf16,48,6445596672
TinyStories-Instruct-28M,bf16,prefill,128,GroupedQueryAttention,bf16,8,270532608
TinyStories-Instruct-28M,bf16,prefill,128,GELU,bf16,8,18874368
TinyStories-Instruct-28M,bf16,prefill,128,Softmax,bf16,8,10485760
TinyStories-Instruct-28M,bf16,prefill,128,LayerNorm,bf16,17,6693376
TinyStories-Instruct-28M,bf16,prefill,128,Embedding,bf16,2,0
TinyStories-Instruct-28M,int8,prefill,128,Linear (lm_head),fp32,1,6587285504
TinyStories-Instruct-28M,int8,prefill,128,Linear,int8,48,6445596672
TinyStories-Instruct-28M,int8,prefill,128,GroupedQueryAttention,fp32,8,270532608
TinyStories-Instruct-28M,int8,prefill,128,Quantize,fp32,48,18874368
TinyStories-Instruct-28M,int8,prefill,128,GELU,fp32,8,18874368
TinyStories-Instruct-28M,int8,prefill,128,Softmax,fp32,8,10485760
TinyStories-Instruct-28M,int8,prefill,128,Dequantize,fp32,48,9437184
TinyStories-Instruct-28M,int8,prefill,128,LayerNorm,fp32,17,6693376
TinyStories-Instruct-28M,int8,prefill,128,Embedding,fp32,2,0
TinyStories-Instruct-28M,int4,prefill,128,Linear (lm_head),fp32,1,6587285504
TinyStories-Instruct-28M,int4,prefill,128,Linear,fp32,48,6445596672
TinyStories-Instruct-28M,int4,prefill,128,GroupedQueryAttention,fp32,8,270532608
TinyStories-Instruct-28M,int4,prefill,128,Dequantize,fp32,48,25165824
TinyStories-Instruct-28M,int4,prefill,128,GELU,fp32,8,18874368
TinyStories-Instruct-28M,int4,prefill,128,Softmax,fp32,8,10485760
TinyStories-Instruct-28M,int4,prefill,128,LayerNorm,fp32,17,6693376
TinyStories-Instruct-28M,int4,prefill,128,Embedding,fp32,2,0
TinyStories-Instruct-28M,fp32,prefill,256,Linear (lm_head),fp32,1,13174571008
TinyStories-Instruct-28M,fp32,prefill,256,Linear,fp32,48,12891193344
TinyStories-Instruct-28M,fp32,prefill,256,GroupedQueryAttention,fp32,8,1082130432
TinyStories-Instruct-28M,fp32,prefill,256,Softmax,fp32,8,41943040
TinyStories-Instruct-28M,fp32,prefill,256,GELU,fp32,8,37748736
TinyStories-Instruct-28M,fp32,prefill,256,LayerNorm,fp32,17,13386752
TinyStories-Instruct-28M,fp32,prefill,256,Embedding,fp32,2,0
TinyStories-Instruct-28M,bf16,prefill,256,Linear (lm_head),bf16,1,13174571008
TinyStories-Instruct-28M,bf16,prefill,256,Linear,bf16,48,12891193344
TinyStories-Instruct-28M,bf16,prefill,256,GroupedQueryAttention,bf16,8,1082130432
TinyStories-Instruct-28M,bf16,prefill,256,Softmax,bf16,8,41943040
TinyStories-Instruct-28M,bf16,prefill,256,GELU,bf16,8,37748736
TinyStories-Instruct-28M,bf16,prefill,256,LayerNorm,bf16,17,13386752
TinyStories-Instruct-28M,bf16,prefill,256,Embedding,bf16,2,0
TinyStories-Instruct-28M,int8,prefill,256,Linear (lm_head),fp32,1,13174571008
TinyStories-Instruct-28M,int8,prefill,256,Linear,int8,48,12891193344
TinyStories-Instruct-28M,int8,prefill,256,GroupedQueryAttention,fp32,8,1082130432
TinyStories-Instruct-28M,int8,prefill,256,Softmax,fp32,8,41943040
TinyStories-Instruct-28M,int8,prefill,256,Quantize,fp32,48,37748736
TinyStories-Instruct-28M,int8,prefill,256,GELU,fp32,8,37748736
TinyStories-Instruct-28M,int8,prefill,256,Dequantize,fp32,48,18874368
TinyStories-Instruct-28M,int8,prefill,256,LayerNorm,fp32,17,13386752
TinyStories-Instruct-28M,int8,prefill,256,Embedding,fp32,2,0
TinyStories-Instruct-28M,int4,prefill,256,Linear (lm_head),fp32,1,13174571008
TinyStories-Instruct-28M,int4,prefill,256,Linear,fp32,48,12891193344
TinyStories-Instruct-28M,int4,prefill,256,GroupedQueryAttention,fp32,8,1082130432
TinyStories-Instruct-28M,int4,prefill,256,Softmax,fp32,8,41943040
TinyStories-Instruct-28M,int4,prefill,256,GELU,fp32,8,37748736
TinyStories-Instruct-28M,int4,prefill,256,Dequantize,fp32,48,25165824
TinyStories-Instruct-28M,int4,prefill,256,LayerNorm,fp32,17,13386752
TinyStories-Instruct-28M,int4,prefill,256,Embedding,fp32,2,0
TinyStories-Instruct-28M,fp32,prefill,512,Linear (lm_head),fp32,1,26349142016
TinyStories-Instruct-28M,fp32,prefill,512,Linear,fp32,48,25782386688
TinyStories-Instruct-28M,fp32,prefill,512,GroupedQueryAttention,fp32,8,4328521728
TinyStories-Instruct-28M,fp32,prefill,512,Softmax,fp32,8,167772160
TinyStories-Instruct-28M,fp32,prefill,512,GELU,fp32,8,75497472
TinyStories-Instruct-28M,fp32,prefill,512,LayerNorm,fp32,17,26773504
TinyStories-Instruct-28M,fp32,prefill,512,Embedding,fp32,2,0
TinyStories-Instruct-28M,bf16,prefill,512,Linear (lm_head),bf16,1,26349142016
TinyStories-Instruct-28M,bf16,prefill,512,Linear,bf16,48,25782386688
TinyStories-Instruct-28M,bf16,prefill,512,GroupedQueryAttention,bf16,8,4328521728
TinyStories-Instruct-28M,bf16,prefill,512,Softmax,bf16,8,167772160
TinyStories-Instruct-28M,bf16,prefill,512,GELU,bf16,8,75497472
TinyStories-Instruct-28M,bf16,prefill,512,LayerNorm,bf16,17,26773504
TinyStories-Instruct-28M,bf16,prefill,512,Embedding,bf16,2,0
TinyStories-Instruct-28M,int8,prefill,512,Linear (lm_head),fp32,1,26349142016
TinyStories-Instruct-28M,int8,prefill,512,Linear,int8,48,25782386688
TinyStories-Instruct-28M,int8,prefill,512,GroupedQueryAttention,fp32,8,4328521728
TinyStories-Instruct-28M,int8,prefill,512,Softmax,fp32,8,167772160
TinyStories-Instruct-28M,int8,prefill,512,Quantize,fp32,48,75497472
TinyStories-Instruct-28M,int8,prefill,512,GELU,fp32,8,75497472
TinyStories-Instruct-28M,int8,prefill,512,Dequantize,fp32,48,37748736
TinyStories-Instruct-28M,int8,prefill,512,LayerNorm,fp32,17,26773504
TinyStories-Instruct-28M,int8,prefill,512,Embedding,fp32,2,0
TinyStories-Instruct-28M,int4,prefill,512,Linear (lm_head),fp32,1,26349142016
TinyStories-Instruct-28M,int4,prefill,512,Linear,fp32,48,25782386688
TinyStories-Instruct-28M,int4,prefill,512,GroupedQueryAttention,fp32,8,4328521728
TinyStories-Instruct-28M,int4,prefill,512,Softmax,fp32,8,167772160
TinyStories-Instruct-28M,int4,prefill,512,GELU,fp32,8,75497472
TinyStories-Instruct-28M,int4,prefill,512,LayerNorm,fp32,17,26773504
TinyStories-Instruct-28M,int4,prefill,512,Dequantize,fp32,48,25165824
TinyStories-Instruct-28M,int4,prefill,512,Embedding,fp32,2,0
TinyStories-Instruct-28M,fp32,prefill,1024,Linear (lm_head),fp32,1,52698284032
TinyStories-Instruct-28M,fp32,prefill,1024,Linear,fp32,48,51564773376
TinyStories-Instruct-28M,fp32,prefill,1024,GroupedQueryAttention,fp32,8,17314086912
TinyStories-Instruct-28M,fp32,prefill,1024,Softmax,fp32,8,671088640
TinyStories-Instruct-28M,fp32,prefill,1024,GELU,fp32,8,150994944
TinyStories-Instruct-28M,fp32,prefill,1024,LayerNorm,fp32,17,53547008
TinyStories-Instruct-28M,fp32,prefill,1024,Embedding,fp32,2,0
TinyStories-Instruct-28M,bf16,prefill,1024,Linear (lm_head),bf16,1,52698284032
TinyStories-Instruct-28M,bf16,prefill,1024,Linear,bf16,48,51564773376
TinyStories-Instruct-28M,bf16,prefill,1024,GroupedQueryAttention,bf16,8,17314086912
TinyStories-Instruct-28M,bf16,prefill,1024,Softmax,bf16,8,671088640
TinyStories-Instruct-28M,bf16,prefill,1024,GELU,bf16,8,150994944
TinyStories-Instruct-28M,bf16,prefill,1024,LayerNorm,bf16,17,53547008
TinyStories-Instruct-28M,bf16,prefill,1024,Embedding,bf16,2,0
TinyStories-Instruct-28M,int8,prefill,1024,Linear (lm_head),fp32,1,52698284032
TinyStories-Instruct-28M,int8,prefill,1024,Linear,int8,48,51564773376
TinyStories-Instruct-28M,int8,prefill,1024,GroupedQueryAttention,fp32,8,17314086912
TinyStories-Instruct-28M,int8,prefill,1024,Softmax,fp32,8,671088640
TinyStories-Instruct-28M,int8,prefill,1024,Quantize,fp32,48,150994944
TinyStories-Instruct-28M,int8,prefill,1024,GELU,fp32,8,150994944
TinyStories-Instruct-28M,int8,prefill,1024,Dequantize,fp32,48,75497472
TinyStories-Instruct-28M,int8,prefill,1024,LayerNorm,fp32,17,53547008
TinyStories-Instruct-28M,int8,prefill,1024,Embedding,fp32,2,0
TinyStories-Instruct-28M,int4,prefill,1024,Linear (lm_head),fp32,1,52698284032
TinyStories-Instruct-28M,int4,prefill,1024,Linear,fp32,48,51564773376
TinyStories-Instruct-28M,int4,prefill,1024,GroupedQueryAttention,fp32,8,17314086912
TinyStories-Instruct-28M,int4,prefill,1024,Softmax,fp32,8,671088640
TinyStories-Instruct-28M,int4,prefill,1024,GELU,fp32,8,150994944
TinyStories-Instruct-28M,int4,prefill,1024,LayerNorm,fp32,17,53547008
TinyStories-Instruct-28M,int4,prefill,1024,Dequantize,fp32,48,25165824
TinyStories-Instruct-28M,int4,prefill,1024,Embedding,fp32,2,0
TinyStories-Instruct-28M,fp32,prefill,2048,Linear (lm_head),fp32,1,105396568064
TinyStories-Instruct-28M,fp32,prefill,2048,Linear,fp32,48,103129546752
TinyStories-Instruct-28M,fp32,prefill,2048,GroupedQueryAttention,fp32,8,69256347648
TinyStories-Instruct-28M,fp32,prefill,2048,Softmax,fp32,8,2684354560
TinyStories-Instruct-28M,fp32,prefill,2048,GELU,fp32,8,301989888
TinyStories-Instruct-28M,fp32,prefill,2048,LayerNorm,fp32,17,107094016
TinyStories-Instruct-28M,fp32,prefill,2048,Embedding,fp32,2,0
TinyStories-Instruct-28M,bf16,prefill,2048,Linear (lm_head),bf16,1,105396568064
TinyStories-Instruct-28M,bf16,prefill,2048,Linear,bf16,48,103129546752
TinyStories-Instruct-28M,bf16,prefill,2048,GroupedQueryAttention,bf16,8,69256347648
TinyStories-Instruct-28M,bf16,prefill,2048,Softmax,bf16,8,2684354560
TinyStories-Instruct-28M,bf16,prefill,2048,GELU,bf16,8,301989888
TinyStories-Instruct-28M,bf16,prefill,2048,LayerNorm,bf16,17,107094016
TinyStories-Instruct-28M,bf16,prefill,2048,Embedding,bf16,2,0
TinyStories-Instruct-28M,int8,prefill,2048,Linear (lm_head),fp32,1,105396568064
TinyStories-Instruct-28M,int8,prefill,2048,Linear,int8,48,103129546752
TinyStories-Instruct-28M,int8,prefill,2048,GroupedQueryAttention,fp32,8,69256347648
TinyStories-Instruct-28M,int8,prefill,2048,Softmax,fp32,8,2684354560
TinyStories-Instruct-28M,int8,prefill,2048,Quantize,fp32,48,301989888
TinyStories-Instruct-28M,int8,prefill,2048,GELU,fp32,8,301989888
TinyStories-Instruct-28M,int8,prefill,2048,Dequantize,fp32,48,150994944
TinyStories-Instruct-28M,int8,prefill,2048,LayerNorm,fp32,17,107094016
TinyStories-Instruct-28M,int8,prefill,2048,Embedding,fp32,2,0
TinyStories-Instruct-28M,int4,prefill,2048,Linear (lm_head),fp32,1,105396568064
TinyStories-Instruct-28M,int4,prefill,2048,Linear,fp32,48,103129546752
TinyStories-Instruct-28M,int4,prefill,2048,GroupedQueryAttention,fp32,8,69256347648
TinyStories-Instruct-28M,int4,prefill,2048,Softmax,fp32,8,2684354560
TinyStories-Instruct-28M,int4,prefill,2048,GELU,fp32,8,301989888
TinyStories-Instruct-28M,int4,prefill,2048,LayerNorm,fp32,17,107094016
TinyStories-Instruct-28M,int4,prefill,2048,Dequantize,fp32,48,25165824
TinyStories-Instruct-28M,int4,prefill,2048,Embedding,fp32,2,0
TinyStories-Instruct-28M,fp32,decode,2,Linear (lm_head),fp32,1,51463168
TinyStories-Instruct-28M,fp32,decode,2,Linear,fp32,48,50356224
TinyStories-Instruct-28M,fp32,decode,2,GELU,fp32,8,147456
TinyStories-Instruct-28M,fp32,decode,2,LayerNorm,fp32,17,52292
TinyStories-Instruct-28M,fp32,decode,2,GroupedQueryAttention,fp32,8,33024
TinyStories-Instruct-28M,fp32,decode,2,Softmax,fp32,8,1280
TinyStories-Instruct-28M,fp32,decode,2,Embedding,fp32,2,0
TinyStories-Instruct-28M,bf16,decode,2,Linear (lm_head),bf16,1,51463168
TinyStories-Instruct-28M,bf16,decode,2,Linear,bf16,48,50356224
TinyStories-Instruct-28M,bf16,decode,2,GELU,bf16,8,147456
TinyStories-Instruct-28M,bf16,decode,2,LayerNorm,bf16,17,52292
TinyStories-Instruct-28M,bf16,decode,2,GroupedQueryAttention,bf16,8,33024
TinyStories-Instruct-28M,bf16,decode,2,Softmax,bf16,8,1280
TinyStories-Instruct-28M,bf16,decode,2,Embedding,bf16,2,0
TinyStories-Instruct-28M,int8,decode,2,Linear (lm_head),fp32,1,51463168
TinyStories-Instruct-28M,int8,decode,2,Linear,int8,48,50356224
TinyStories-Instruct-28M,int8,decode,2,Quantize,fp32,48,147456
TinyStories-Instruct-28M,int8,decode,2,GELU,fp32,8,147456
TinyStories-Instruct-28M,int8,decode,2,Dequantize,fp32,48,73728
TinyStories-Instruct-28M,int8,decode,2,LayerNorm,fp32,17,52292
TinyStories-Instruct-28M,int8,decode,2,GroupedQueryAttention,fp32,8,33024
TinyStories-Instruct-28M,int8,decode,2,Softmax,fp32,8,1280
TinyStories-Instruct-28M,int8,decode,2,Embedding,fp32,2,0
TinyStories-Instruct-28M,int4,decode,2,Linear (lm_head),fp32,1,51463168
TinyStories-Instruct-28M,int4,decode,2,Linear,fp32,48,50356224
TinyStories-Instruct-28M,int4,decode,2,Dequantize,fp32,48,25165824
TinyStories-Instruct-28M,int4,decode,2,GELU,fp32,8,147456
TinyStories-Instruct-28M,int4,decode,2,LayerNorm,fp32,17,52292
TinyStories-Instruct-28M,int4,decode,2,GroupedQueryAttention,fp32,8,33024
TinyStories-Instruct-28M,int4,decode,2,Softmax,fp32,8,1280
TinyStories-Instruct-28M,int4,decode,2,Embedding,fp32,2,0
TinyStories-Instruct-28M,fp32,decode,4,Linear (lm_head),fp32,1,51463168
TinyStories-Instruct-28M,fp32,decode,4,Linear,fp32,48,50356224
TinyStories-Instruct-28M,fp32,decode,4,GELU,fp32,8,147456
TinyStories-Instruct-28M,fp32,decode,4,GroupedQueryAttention,fp32,8,66048
TinyStories-Instruct-28M,fp32,decode,4,LayerNorm,fp32,17,52292
TinyStories-Instruct-28M,fp32,decode,4,Softmax,fp32,8,2560
TinyStories-Instruct-28M,fp32,decode,4,Embedding,fp32,2,0
TinyStories-Instruct-28M,bf16,decode,4,Linear (lm_head),bf16,1,51463168
TinyStories-Instruct-28M,bf16,decode,4,Linear,bf16,48,50356224
TinyStories-Instruct-28M,bf16,decode,4,GELU,bf16,8,147456
TinyStories-Instruct-28M,bf16,decode,4,GroupedQueryAttention,bf16,8,66048
TinyStories-Instruct-28M,bf16,decode,4,LayerNorm,bf16,17,52292
TinyStories-Instruct-28M,bf16,decode,4,Softmax,bf16,8,2560
TinyStories-Instruct-28M,bf16,decode,4,Embedding,bf16,2,0
TinyStories-Instruct-28M,int8,decode,4,Linear (lm_head),fp32,1,51463168
TinyStories-Instruct-28M,int8,decode,4,Linear,int8,48,50356224
TinyStories-Instruct-28M,int8,decode,4,Quantize,fp32,48,147456
TinyStories-Instruct-28M,int8,decode,4,GELU,fp32,8,147456
TinyStories-Instruct-28M,int8,decode,4,Dequantize,fp32,48,73728
TinyStories-Instruct-28M,int8,decode,4,GroupedQueryAttention,fp32,8,66048
TinyStories-Instruct-28M,int8,decode,4,LayerNorm,fp32,17,52292
TinyStories-Instruct-28M,int8,decode,4,Softmax,fp32,8,2560
TinyStories-Instruct-28M,int8,decode,4,Embedding,fp32,2,0
TinyStories-Instruct-28M,int4,decode,4,Linear (lm_head),fp32,1,51463168
TinyStories-Instruct-28M,int4,decode,4,Linear,fp32,48,50356224
TinyStories-Instruct-28M,int4,decode,4,Dequantize,fp32,48,25165824
TinyStories-Instruct-28M,int4,decode,4,GELU,fp32,8,147456
TinyStories-Instruct-28M,int4,decode,4,GroupedQueryAttention,fp32,8,66048
TinyStories-Instruct-28M,int4,decode,4,LayerNorm,fp32,17,52292
TinyStories-Instruct-28M,int4,decode,4,Softmax,fp32,8,2560
TinyStories-Instruct-28M,int4,decode,4,Embedding,fp32,2,0
TinyStories-Instruct-28M,fp32,decode,8,Linear (lm_head),fp32,1,51463168
TinyStories-Instruct-28M,fp32,decode,8,Linear,fp32,48,50356224
TinyStories-Instruct-28M,fp32,decode,8,GELU,fp32,8,147456
TinyStories-Instruct-28M,fp32,decode,8,GroupedQueryAttention,fp32,8,132096
TinyStories-Instruct-28M,fp32,decode,8,LayerNorm,fp32,17,52292
TinyStories-Instruct-28M,fp32,decode,8,Softmax,fp32,8,5120
TinyStories-Instruct-28M,fp32,decode,8,Embedding,fp32,2,0
TinyStories-Instruct-28M,bf16,decode,8,Linear (lm_head),bf16,1,51463168
TinyStories-Instruct-28M,bf16,decode,8,Linear,bf16,48,50356224
TinyStories-Instruct-28M,bf16,decode,8,GELU,bf16,8,147456
TinyStories-Instruct-28M,bf16,decode,8,GroupedQueryAttention,bf16,8,132096
TinyStories-Instruct-28M,bf16,decode,8,LayerNorm,bf16,17,52292
TinyStories-Instruct-28M,bf16,decode,8,Softmax,bf16,8,5120
TinyStories-Instruct-28M,bf16,decode,8,Embedding,bf16,2,0
TinyStories-Instruct-28M,int8,decode,8,Linear (lm_head),fp32,1,51463168
TinyStories-Instruct-28M,int8,decode,8,Linear,int8,48,50356224
TinyStories-Instruct-28M,int8,decode,8,Quantize,fp32,48,147456
TinyStories-Instruct-28M,int8,decode,8,GELU,fp32,8,147456
TinyStories-Instruct-28M,int8,decode,8,GroupedQueryAttention,fp32,8,132096
TinyStories-Instruct-28M,int8,decode,8,Dequantize,fp32,48,73728
TinyStories-Instruct-28M,int8,decode,8,LayerNorm,fp32,17,52292
TinyStories-Instruct-28M,int8,decode,8,Softmax,fp32,8,5120
TinyStories-Instruct-28M,int8,decode,8,Embedding,fp32,2,0
TinyStories-Instruct-28M,int4,decode,8,Linear (lm_head),fp32,1,51463168
TinyStories-Instruct-28M,int4,decode,8,Linear,fp32,48,50356224
TinyStories-Instruct-28M,int4,decode,8,Dequantize,fp32,48,25165824
TinyStories-Instruct-28M,int4,decode,8,GELU,fp32,8,147456
TinyStories-Instruct-28M,int4,decode,8,GroupedQueryAttention,fp32,8,132096
TinyStories-Instruct-28M,int4,decode,8,LayerNorm,fp32,17,52292
TinyStories-Instruct-28M,int4,decode,8,Softmax,fp32,8,5120
TinyStories-Instruct-28M,int4,decode,8,Embedding,fp32,2,0
TinyStories-Instruct-28M,fp32,decode,16,Linear (lm_head),fp32,1,51463168
TinyStories-Instruct-28M,fp32,decode,16,Linear,fp32,48,50356224
TinyStories-Instruct-28M,fp32,decode,16,GroupedQueryAttention,fp32,8,264192
TinyStories-Instruct-28M,fp32,decode,16,GELU,fp32,8,147456
TinyStories-Instruct-28M,fp32,decode,16,LayerNorm,fp32,17,52292
TinyStories-Instruct-28M,fp32,decode,16,Softmax,fp32,8,10240
TinyStories-Instruct-28M,fp32,decode,16,Embedding,fp32,2,0
TinyStories-Instruct-28M,bf16,decode,16,Linear (lm_head),bf16,1,51463168
TinyStories-Instruct-28M,bf16,decode,16,Linear,bf16,48,50356224
TinyStories-Instruct-28M,bf16,decode,16,GroupedQueryAttention,bf16,8,264192
TinyStories-Instruct-28M,bf16,decode,16,GELU,bf16,8,147456
TinyStories-Instruct-28M,bf16,decode,16,LayerNorm,bf16,17,52292
TinyStories-Instruct-28M,bf16,decode,16,Softmax,bf16,8,10240
TinyStories-Instruct-28M,bf16,decode,16,Embedding,bf16,2,0
TinyStories-Instruct-28M,int8,decode,16,Linear (lm_head),fp32,1,51463168
TinyStories-Instruct-28M,int8,decode,16,Linear,int8,48,50356224
TinyStories-Instruct-28M,int8,decode,16,GroupedQueryAttention,fp32,8,264192
TinyStories-Instruct-28M,int8,decode,16,Quantize,fp32,48,147456
TinyStories-Instruct-28M,int8,decode,16,GELU,fp32,8,147456
TinyStories-Instruct-28M,int8,decode,16,Dequantize,fp32,48,73728
TinyStories-Instruct-28M,int8,decode,16,LayerNorm,fp32,17,52292
TinyStories-Instruct-28M,int8,decode,16,Softmax,fp32,8,10240
TinyStories-Instruct-28M,int8,decode,16,Embedding,fp32,2,0
TinyStories-Instruct-28M,int4,decode,16,Linear (lm_head),fp32,1,51463168
TinyStories-Instruct-28M,int4,decode,16,Linear,fp32,48,50356224
TinyStories-Instruct-28M,int4,decode,16,Dequantize,fp32,48,25165824
TinyStories-Instruct-28M,int4,decode,16,GroupedQueryAttention,fp32,8,264192
TinyStories-Instruct-28M,int4,decode,16,GELU,fp32,8,147456
TinyStories-Instruct-28M,int4,decode,16,LayerNorm,fp32,17,52292
TinyStories-Instruct-28M,int4,decode,16,Softmax,fp32,8,10240
TinyStories-Instruct-28M,int4,decode,16,Embedding,fp32,2,0
TinyStories-Instruct-28M,fp32,decode,32,Linear (lm_head),fp32,1,51463168
TinyStories-Instruct-28M,fp32,decode,32,Linear,fp32,48,50356224
TinyStories-Instruct-28M,fp32,decode,32,GroupedQueryAttention,fp32,8,528384
TinyStories-Instruct-28M,fp32,decode,32,GELU,fp32,8,147456
TinyStories-Instruct-28M,fp32,decode,32,LayerNorm,fp32,17,52292
TinyStories-Instruct-28M,fp32,decode,32,Softmax,fp32,8,20480
TinyStories-Instruct-28M,fp32,decode,32,Embedding,fp32,2,0
TinyStories-Instruct-28M,bf16,decode,32,Linear (lm_head),bf16,1,51463168
TinyStories-Instruct-28M,bf16,decode,32,Linear,bf16,48,50356224
TinyStories-Instruct-28M,bf16,decode,32,GroupedQueryAttention,bf16,8,528384
TinyStories-Instruct-28M,bf16,decode,32,GELU,bf16,8,147456
TinyStories-Instruct-28M,bf16,decode,32,LayerNorm,bf16,17,52292
TinyStories-Instruct-28M,bf16,decode,32,Softmax,bf16,8,20480
TinyStories-Instruct-28M,bf16,decode,32,Embedding,bf16,2,0
TinyStories-Instruct-28M,int8,decode,32,Linear (lm_head),fp32,1,51463168
TinyStories-Instruct-28M,int8,decode,32,Linear,int8,48,50356224
TinyStories-Instruct-28M,int8,decode,32,GroupedQueryAttention,fp32,8,528384
TinyStories-Instruct-28M,int8,decode,32,Quantize,fp32,48,147456
TinyStories-Instruct-28M,int8,decode,32,GELU,fp32,8,147456
TinyStories-Instruct-28M,int8,decode,32,Dequantize,fp32,48,73728
TinyStories-Instruct-28M,int8,decode,32,LayerNorm,fp32,17,52292
TinyStories-Instruct-28M,int8,decode,32,Softmax,fp32,8,20480
TinyStories-Instruct-28M,int8,decode,32,Embedding,fp32,2,0
TinyStories-Instruct-28M,int4,decode,32,Linear (lm_head),fp32,1,51463168
TinyStories-Instruct-28M,int4,decode,32,Linear,fp32,48,50356224
TinyStories-Instruct-28M,int4,decode,32,Dequantize,fp32,48,25165824
TinyStories-Instruct-28M,int4,decode,32,GroupedQueryAttention,fp32,8,528384
TinyStories-Instruct-28M,int4,decode,32,GELU,fp32,8,147456
TinyStories-Instruct-28M,int4,decode,32,LayerNorm,fp32,17,52292
TinyStories-Instruct-28M,int4,decode,32,Softmax,fp32,8,20480
TinyStories-Instruct-28M,int4,decode,32,Embedding,fp32,2,0
TinyStories-Instruct-28M,fp32,decode,64,Linear (lm_head),fp32,1,51463168
TinyStories-Instruct-28M,fp32,decode,64,Linear,fp32,48,50356224
TinyStories-Instruct-28M,fp32,decode,64,GroupedQueryAttention,fp32,8,1056768
TinyStories-Instruct-28M,fp32,decode,64,GELU,fp32,8,147456
TinyStories-Instruct-28M,fp32,decode,64,LayerNorm,fp32,17,52292
TinyStories-Instruct-28M,fp32,decode,64,Softmax,fp32,8,40960
TinyStories-Instruct-28M,fp32,decode,64,Embedding,fp32,2,0
TinyStories-Instruct-28M,bf16,decode,64,Linear (lm_head),bf16,1,51463168
TinyStories-Instruct-28M,bf16,decode,64,Linear,bf16,48,50356224
TinyStories-Instruct-28M,bf16,decode,64,GroupedQueryAttention,bf16,8,1056768
TinyStories-Instruct-28M,bf16,decode,64,GELU,bf16,8,147456
TinyStories-Instruct-28M,bf16,decode,64,LayerNorm,bf16,17,52292
TinyStories-Instruct-28M,bf16,decode,64,Softmax,bf16,8,40960
TinyStories-Instruct-28M,bf16,decode,64,Embedding,bf16,2,0
TinyStories-Instruct-28M,int8,decode,64,Linear (lm_head),fp32,1,51463168
TinyStories-Instruct-28M,int8,decode,64,Linear,int8,48,50356224
TinyStories-Instruct-28M,int8,decode,64,GroupedQueryAttention,fp32,8,1056768
TinyStories-Instruct-28M,int8,decode,64,Quantize,fp32,48,147456
TinyStories-Instruct-28M,int8,decode,64,GELU,fp32,8,147456
TinyStories-Instruct-28M,int8,decode,64,Dequantize,fp32,48,73728
TinyStories-Instruct-28M,int8,decode,64,LayerNorm,fp32,17,52292
TinyStories-Instruct-28M,int8,decode,64,Softmax,fp32,8,40960
TinyStories-Instruct-28M,int8,decode,64,Embedding,fp32,2,0
TinyStories-Instruct-28M,int4,decode,64,Linear (lm_head),fp32,1,51463168
TinyStories-Instruct-28M,int4,decode,64,Linear,fp32,48,50356224
TinyStories-Instruct-28M,int4,decode,64,Dequantize,fp32,48,25165824
TinyStories-Instruct-28M,int4,decode,64,GroupedQueryAttention,fp32,8,1056768
TinyStories-Instruct-28M,int4,decode,64,GELU,fp32,8,147456
TinyStories-Instruct-28M,int4,decode,64,LayerNorm,fp32,17,52292
TinyStories-Instruct-28M,int4,decode,64,Softmax,fp32,8,40960
TinyStories-Instruct-28M,int4,decode,64,Embedding,fp32,2,0
TinyStories-Instruct-28M,fp32,decode,128,Linear (lm_head),fp32,1,51463168
TinyStories-Instruct-28M,fp32,decode,128,Linear,fp32,48,50356224
TinyStories-Instruct-28M,fp32,decode,128,GroupedQueryAttention,fp32,8,2113536
TinyStories-Instruct-28M,fp32,decode,128,GELU,fp32,8,147456
TinyStories-Instruct-28M,fp32,decode,128,Softmax,fp32,8,81920
TinyStories-Instruct-28M,fp32,decode,128,LayerNorm,fp32,17,52292
TinyStories-Instruct-28M,fp32,decode,128,Embedding,fp32,2,0
TinyStories-Instruct-28M,bf16,decode,128,Linear (lm_head),bf16,1,51463168
TinyStories-Instruct-28M,bf16,decode,128,Linear,bf16,48,50356224
TinyStories-Instruct-28M,bf16,decode,128,GroupedQueryAttention,bf16,8,2113536
TinyStories-Instruct-28M,bf16,decode,128,GELU,bf16,8,147456
TinyStories-Instruct-28M,bf16,decode,128,Softmax,bf16,8,81920
TinyStories-Instruct-28M,bf16,decode,128,LayerNorm,bf16,17,52292
TinyStories-Instruct-28M,bf16,decode,128,Embedding,bf16,2,0
TinyStories-Instruct-28M,int8,decode,128,Linear (lm_head),fp32,1,51463168
TinyStories-Instruct-28M,int8,decode,128,Linear,int8,48,50356224
TinyStories-Instruct-28M,int8,decode,128,GroupedQueryAttention,fp32,8,2113536
TinyStories-Instruct-28M,int8,decode,128,Quantize,fp32,48,147456
TinyStories-Instruct-28M,int8,decode,128,GELU,fp32,8,147456
TinyStories-Instruct-28M,int8,decode,128,Softmax,fp32,8,81920
TinyStories-Instruct-28M,int8,decode,128,Dequantize,fp32,48,73728
TinyStories-Instruct-28M,int8,decode,128,LayerNorm,fp32,17,52292
TinyStories-Instruct-28M,int8,decode,128,Embedding,fp32,2,0
TinyStories-Instruct-28M,int4,decode,128,Linear (lm_head),fp32,1,51463168
TinyStories-Instruct-28M,int4,decode,128,Linear,fp32,48,50356224
TinyStories-Instruct-28M,int4,decode,128,Dequantize,fp32,48,25165824
TinyStories-Instruct-28M,int4,decode,128,GroupedQueryAttention,fp32,8,2113536
TinyStories-Instruct-28M,int4,decode,128,GELU,fp32,8,147456
TinyStories-Instruct-28M,int4,decode,128,Softmax,fp32,8,81920
TinyStories-Instruct-28M,int4,decode,128,LayerNorm,fp32,17,52292
TinyStories-Instruct-28M,int4,decode,128,Embedding,fp32,2,0
TinyStories-Instruct-28M,fp32,decode,256,Linear (lm_head),fp32,1,51463168
TinyStories-Instruct-28M,fp32,decode,256,Linear,fp32,48,50356224
TinyStories-Instruct-28M,fp32,decode,256,GroupedQueryAttention,fp32,8,4227072
TinyStories-Instruct-28M,fp32,decode,256,Softmax,fp32,8,163840
TinyStories-Instruct-28M,fp32,decode,256,GELU,fp32,8,147456
TinyStories-Instruct-28M,fp32,decode,256,LayerNorm,fp32,17,52292
TinyStories-Instruct-28M,fp32,decode,256,Embedding,fp32,2,0
TinyStories-Instruct-28M,bf16,decode,256,Linear (lm_head),bf16,1,51463168
TinyStories-Instruct-28M,bf16,decode,256,Linear,bf16,48,50356224
TinyStories-Instruct-28M,bf16,decode,256,GroupedQueryAttention,bf16,8,4227072
TinyStories-Instruct-28M,bf16,decode,256,Softmax,bf16,8,163840
TinyStories-Instruct-28M,bf16,decode,256,GELU,bf16,8,147456
TinyStories-Instruct-28M,bf16,decode,256,LayerNorm,bf16,17,52292
TinyStories-Instruct-28M,bf16,decode,256,Embedding,bf16,2,0
TinyStories-Instruct-28M,int8,decode,256,Linear (lm_head),fp32,1,51463168
TinyStories-Instruct-28M,int8,decode,256,Linear,int8,48,50356224
TinyStories-Instruct-28M,int8,decode,256,GroupedQueryAttention,fp32,8,4227072
TinyStories-Instruct-28M,int8,decode,256,Softmax,fp32,8,163840
TinyStories-Instruct-28M,int8,decode,256,Quantize,fp32,48,147456
TinyStories-Instruct-28M,int8,decode,256,GELU,fp32,8,147456
TinyStories-Instruct-28M,int8,decode,256,Dequantize,fp32,48,73728
TinyStories-Instruct-28M,int8,decode,256,LayerNorm,fp32,17,52292
TinyStories-Instruct-28M,int8,decode,256,Embedding,fp32,2,0
TinyStories-Instruct-28M,int4,decode,256,Linear (lm_head),fp32,1,51463168
TinyStories-Instruct-28M,int4,decode,256,Linear,fp32,48,50356224
TinyStories-Instruct-28M,int4,decode,256,Dequantize,fp32,48,25165824
TinyStories-Instruct-28M,int4,decode,256,GroupedQueryAttention,fp32,8,4227072
TinyStories-Instruct-28M,int4,decode,256,Softmax,fp32,8,163840
TinyStories-Instruct-28M,int4,decode,256,GELU,fp32,8,147456
TinyStories-Instruct-28M,int4,decode,256,LayerNorm,fp32,17,52292
TinyStories-Instruct-28M,int4,decode,256,Embedding,fp32,2,0
TinyStories-Instruct-28M,fp32,decode,512,Linear (lm_head),fp32,1,51463168
TinyStories-Instruct-28M,fp32,decode,512,Linear,fp32,48,50356224
TinyStories-Instruct-28M,fp32,decode,512,GroupedQueryAttention,fp32,8,8454144
TinyStories-Instruct-28M,fp32,decode,512,Softmax,fp32,8,327680
TinyStories-Instruct-28M,fp32,decode,512,GELU,fp32,8,147456
TinyStories-Instruct-28M,fp32,decode,512,LayerNorm,fp32,17,52292
TinyStories-Instruct-28M,fp32,decode,512,Embedding,fp32,2,0
TinyStories-Instruct-28M,bf16,decode,512,Linear (lm_head),bf16,1,51463168
TinyStories-Instruct-28M,bf16,decode,512,Linear,bf16,48,50356224
TinyStories-Instruct-28M,bf16,decode,512,GroupedQueryAttention,bf16,8,8454144
TinyStories-Instruct-28M,bf16,decode,512,Softmax,bf16,8,327680
TinyStories-Instruct-28M,bf16,decode,512,GELU,bf16,8,147456
TinyStories-Instruct-28M,bf16,decode,512,LayerNorm,bf16,17,52292
TinyStories-Instruct-28M,bf16,decode,512,Embedding,bf16,2,0
TinyStories-Instruct-28M,int8,decode,512,Linear (lm_head),fp32,1,51463168
TinyStories-Instruct-28M,int8,decode,512,Linear,int8,48,50356224
TinyStories-Instruct-28M,int8,decode,512,GroupedQueryAttention,fp32,8,8454144
TinyStories-Instruct-28M,int8,decode,512,Softmax,fp32,8,327680
TinyStories-Instruct-28M,int8,decode,512,Quantize,fp32,48,147456
TinyStories-Instruct-28M,int8,decode,512,GELU,fp32,8,147456
TinyStories-Instruct-28M,int8,decode,512,Dequantize,fp32,48,73728
TinyStories-Instruct-28M,int8,decode,512,LayerNorm,fp32,17,52292
TinyStories-Instruct-28M,int8,decode,512,Embedding,fp32,2,0
TinyStories-Instruct-28M,int4,decode,512,Linear (lm_head),fp32,1,51463168
TinyStories-Instruct-28M,int4,decode,512,Linear,fp32,48,50356224
TinyStories-Instruct-28M,int4,decode,512,Dequantize,fp32,48,25165824
TinyStories-Instruct-28M,int4,decode,512,GroupedQueryAttention,fp32,8,8454144
TinyStories-Instruct-28M,int4,decode,512,Softmax,fp32,8,327680
TinyStories-Instruct-28M,int4,decode,512,GELU,fp32,8,147456
TinyStories-Instruct-28M,int4,decode,512,LayerNorm,fp32,17,52292
TinyStories-Instruct-28M,int4,decode,512,Embedding,fp32,2,0
TinyStories-Instruct-28M,fp32,decode,1024,Linear (lm_head),fp32,1,51463168
TinyStories-Instruct-28M,fp32,decode,1024,Linear,fp32,48,50356224
TinyStories-Instruct-28M,fp32,decode,1024,GroupedQueryAttention,fp32,8,16908288
TinyStories-Instruct-28M,fp32,decode,1024,Softmax,fp32,8,655360
TinyStories-Instruct-28M,fp32,decode,1024,GELU,fp32,8,147456
TinyStories-Instruct-28M,fp32,decode,1024,LayerNorm,fp32,17,52292
TinyStories-Instruct-28M,fp32,decode,1024,Embedding,fp32,2,0
TinyStories-Instruct-28M,bf16,decode,1024,Linear (lm_head),bf16,1,51463168
TinyStories-Instruct-28M,bf16,decode,1024,Linear,bf16,48,50356224
TinyStories-Instruct-28M,bf16,decode,1024,GroupedQueryAttention,bf16,8,16908288
TinyStories-Instruct-28M,bf16,decode,1024,Softmax,bf16,8,655360
TinyStories-Instruct-28M,bf16,decode,1024,GELU,bf16,8,147456
TinyStories-Instruct-28M,bf16,decode,1024,LayerNorm,bf16,17,52292
TinyStories-Instruct-28M,bf16,decode,1024,Embedding,bf16,2,0
TinyStories-Instruct-28M,int8,decode,1024,Linear (lm_head),fp32,1,51463168
TinyStories-Instruct-28M,int8,decode,1024,Linear,int8,48,50356224
TinyStories-Instruct-28M,int8,decode,1024,GroupedQueryAttention,fp32,8,16908288
TinyStories-Instruct-28M,int8,decode,1024,Softmax,fp32,8,655360
TinyStories-Instruct-28M,int8,decode,1024,Quantize,fp32,48,147456
TinyStories-Instruct-28M,int8,decode,1024,GELU,fp32,8,147456
TinyStories-Instruct-28M,int8,decode,1024,Dequantize,fp32,48,73728
TinyStories-Instruct-28M,int8,decode,1024,LayerNorm,fp32,17,52292
TinyStories-Instruct-28M,int8,decode,1024,Embedding,fp32,2,0
TinyStories-Instruct-28M,int4,decode,1024,Linear (lm_head),fp32,1,51463168
TinyStories-Instruct-28M,int4,decode,1024,Linear,fp32,48,50356224
TinyStories-Instruct-28M,int4,decode,1024,Dequantize,fp32,48,25165824
TinyStories-Instruct-28M,int4,decode,1024,GroupedQueryAttention,fp32,8,16908288
TinyStories-Instruct-28M,int4,decode,1024,Softmax,fp32,8,655360
TinyStories-Instruct-28M,int4,decode,1024,GELU,fp32,8,147456
TinyStories-Instruct-28M,int4,decode,1024,LayerNorm,fp32,17,52292
TinyStories-Instruct-28M,int4,decode,1024,Embedding,fp32,2,0
TinyStories-Instruct-28M,fp32,decode,2048,Linear (lm_head),fp32,1,51463168
TinyStories-Instruct-28M,fp32,decode,2048,Linear,fp32,48,50356224
TinyStories-Instruct-28M,fp32,decode,2048,GroupedQueryAttention,fp32,8,33816576
TinyStories-Instruct-28M,fp32,decode,2048,Softmax,fp32,8,1310720
TinyStories-Instruct-28M,fp32,decode,2048,GELU,fp32,8,147456
TinyStories-Instruct-28M,fp32,decode,2048,LayerNorm,fp32,17,52292
TinyStories-Instruct-28M,fp32,decode,2048,Embedding,fp32,2,0
TinyStories-Instruct-28M,bf16,decode,2048,Linear (lm_head),bf16,1,51463168
TinyStories-Instruct-28M,bf16,decode,2048,Linear,bf16,48,50356224
TinyStories-Instruct-28M,bf16,decode,2048,GroupedQueryAttention,bf16,8,33816576
TinyStories-Instruct-28M,bf16,decode,2048,Softmax,bf16,8,1310720
TinyStories-Instruct-28M,bf16,decode,2048,GELU,bf16,8,147456
TinyStories-Instruct-28M,bf16,decode,2048,LayerNorm,bf16,17,52292
TinyStories-Instruct-28M,bf16,decode,2048,Embedding,bf16,2,0
TinyStories-Instruct-28M,int8,decode,2048,Linear (lm_head),fp32,1,51463168
TinyStories-Instruct-28M,int8,decode,2048,Linear,int8,48,50356224
TinyStories-Instruct-28M,int8,decode,2048,GroupedQueryAttention,fp32,8,33816576
TinyStories-Instruct-28M,int8,decode,2048,Softmax,fp32,8,1310720
TinyStories-Instruct-28M,int8,decode,2048,Quantize,fp32,48,147456
TinyStories-Instruct-28M,int8,decode,2048,GELU,fp32,8,147456
TinyStories-Instruct-28M,int8,decode,2048,Dequantize,fp32,48,73728
TinyStories-Instruct-28M,int8,decode,2048,LayerNorm,fp32,17,52292
TinyStories-Instruct-28M,int8,decode,2048,Embedding,fp32,2,0
TinyStories-Instruct-28M,int4,decode,2048,Linear (lm_head),fp32,1,51463168
TinyStories-Instruct-28M,int4,decode,2048,Linear,fp32,48,50356224
TinyStories-Instruct-28M,int4,decode,2048,GroupedQueryAttention,fp32,8,33816576
TinyStories-Instruct-28M,int4,decode,2048,Dequantize,fp32,48,25165824
TinyStories-Instruct-28M,int4,decode,2048,Softmax,fp32,8,1310720
TinyStories-Instruct-28M,int4,decode,2048,GELU,fp32,8,147456
TinyStories-Instruct-28M,int4,decode,2048,LayerNorm,fp32,17,52292
TinyStories-Instruct-28M,int4,decode,2048,Embedding,fp32,2,0
TinyStories-Instruct-33M,fp32,prefill,1,Linear (lm_head),fp32,1,77194752
TinyStories-Instruct-33M,fp32,prefill,1,Linear,fp32,24,56641536
TinyStories-Instruct-33M,fp32,prefill,1,GELU,fp32,4,110592
TinyStories-Instruct-33M,fp32,prefill,1,LayerNorm,fp32,9,41508
TinyStories-Instruct-33M,fp32,prefill,1,GroupedQueryAttention,fp32,4,12352
TinyStories-Instruct-33M,fp32,prefill,1,Softmax,fp32,4,320
TinyStories-Instruct-33M,fp32,prefill,1,Embedding,fp32,2,0
TinyStories-Instruct-33M,bf16,prefill,1,Linear (lm_head),bf16,1,77194752
TinyStories-Instruct-33M,bf16,prefill,1,Linear,bf16,24,56641536
TinyStories-Instruct-33M,bf16,prefill,1,GELU,bf16,4,110592
TinyStories-Instruct-33M,bf16,prefill,1,LayerNorm,bf16,9,41508
TinyStories-Instruct-33M,bf16,prefill,1,GroupedQueryAttention,bf16,4,12352
TinyStories-Instruct-33M,bf16,prefill,1,Softmax,bf16,4,320
TinyStories-Instruct-33M,bf16,prefill,1,Embedding,bf16,2,0
TinyStories-Instruct-33M,int8,prefill,1,Linear (lm_head),fp32,1,77194752
TinyStories-Instruct-33M,int8,prefill,1,Linear,int8,24,56641536
TinyStories-Instruct-33M,int8,prefill,1,Quantize,fp32,24,110592
TinyStories-Instruct-33M,int8,prefill,1,GELU,fp32,4,110592
TinyStories-Instruct-33M,int8,prefill,1,Dequantize,fp32,24,55296
TinyStories-Instruct-33M,int8,prefill,1,LayerNorm,fp32,9,41508
TinyStories-Instruct-33M,int8,prefill,1,GroupedQueryAttention,fp32,4,12352
TinyStories-Instruct-33M,int8,prefill,1,Softmax,fp32,4,320
TinyStories-Instruct-33M,int8,prefill,1,Embedding,fp32,2,0
TinyStories-Instruct-33M,int4,prefill,1,Linear (lm_head),fp32,1,77194752
TinyStories-Instruct-33M,int4,prefill,1,Linear,fp32,24,56641536
TinyStories-Instruct-33M,int4,prefill,1,Dequantize,fp32,24,28311552
TinyStories-Instruct-33M,int4,prefill,1,GELU,fp32,4,110592
TinyStories-Instruct-33M,int4,prefill,1,LayerNorm,fp32,9,41508
TinyStories-Instruct-33M,int4,prefill,1,GroupedQueryAttention,fp32,4,12352
TinyStories-Instruct-33M,int4,prefill,1,Softmax,fp32,4,320
TinyStories-Instruct-33M,int4,prefill,1,Embedding,fp32,2,0
TinyStories-Instruct-33M,fp32,prefill,2,Linear (lm_head),fp32,1,154389504
TinyStories-Instruct-33M,fp32,prefill,2,Linear,fp32,24,113283072
TinyStories-Instruct-33M,fp32,prefill,2,GELU,fp32,4,221184
TinyStories-Instruct-33M,fp32,prefill,2,LayerNorm,fp32,9,83016
TinyStories-Instruct-33M,fp32,prefill,2,GroupedQueryAttention,fp32,4,49408
TinyStories-Instruct-33M,fp32,prefill,2,Softmax,fp32,4,1280
TinyStories-Instruct-33M,fp32,prefill,2,Embedding,fp32,2,0
TinyStories-Instruct-33M,bf16,prefill,2,Linear (lm_head),bf16,1,154389504
TinyStories-Instruct-33M,bf16,prefill,2,Linear,bf16,24,113283072
TinyStories-Instruct-33M,bf16,prefill,2,GELU,bf16,4,221184
TinyStories-Instruct-33M,bf16,prefill,2,LayerNorm,bf16,9,83016
TinyStories-Instruct-33M,bf16,prefill,2,GroupedQueryAttention,bf16,4,49408
TinyStories-Instruct-33M,bf16,prefill,2,Softmax,bf16,4,1280
TinyStories-Instruct-33M,bf16,prefill,2,Embedding,bf16,2,0
TinyStories-Instruct-33M,int8,prefill,2,Linear (lm_head),fp32,1,154389504
TinyStories-Instruct-33M,int8,prefill,2,Linear,int8,24,113283072
TinyStories-Instruct-33M,int8,prefill,2,Quantize,fp32,24,221184
TinyStories-Instruct-33M,int8,prefill,2,GELU,fp32,4,221184
TinyStories-Instruct-33M,int8,prefill,2,Dequantize,fp32,24,110592
TinyStories-Instruct-33M,int8,prefill,2,LayerNorm,fp32,9,83016
TinyStories-Instruct-33M,int8,prefill,2,GroupedQueryAttention,fp32,4,49408
TinyStories-Instruct-33M,int8,prefill,2,Softmax,fp32,4,1280
TinyStories-Instruct-33M,int8,prefill,2,Embedding,fp32,2,0
TinyStories-Instruct-33M,int4,prefill,2,Linear (lm_head),fp32,1,154389504
TinyStories-Instruct-33M,int4,prefill,2,Linear,fp32,24,113283072
TinyStories-Instruct-33M,int4,prefill,2,Dequantize,fp32,24,28311552
TinyStories-Instruct-33M,int4,prefill,2,GELU,fp32,4,221184
TinyStories-Instruct-33M,int4,prefill,2,LayerNorm,fp32,9,83016
TinyStories-Instruct-33M,int4,prefill,2,GroupedQueryAttention,fp32,4,49408
TinyStories-Instruct-33M,int4,prefill,2,Softmax,fp32,4,1280
TinyStories-Instruct-33M,int4,prefill,2,Embedding,fp32,2,0
TinyStories-Instruct-33M,fp32,prefill,4,Linear (lm_head),fp32,1,308779008
TinyStories-Instruct-33M,fp32,prefill,4,Linear,fp32,24,226566144
TinyStories-Instruct-33M,fp32,prefill,4,GELU,fp32,4,442368
TinyStories-Instruct-33M,fp32,prefill,4,GroupedQueryAttention,fp32,4,197632
TinyStories-Instruct-33M,fp32,prefill,4,LayerNorm,fp32,9,166032
TinyStories-Instruct-33M,fp32,prefill,4,Softmax,fp32,4,5120
TinyStories-Instruct-33M,fp32,prefill,4,Embedding,fp32,2,0
TinyStories-Instruct-33M,bf16,prefill,4,Linear (lm_head),bf16,1,308779008
TinyStories-Instruct-33M,bf16,prefill,4,Linear,bf16,24,226566144
TinyStories-Instruct-33M,bf16,prefill,4,GELU,bf16,4,442368
TinyStories-Instruct-33M,bf16,prefill,4,GroupedQueryAttention,bf16,4,197632
TinyStories-Instruct-33M,bf16,prefill,4,LayerNorm,bf16,9,166032
TinyStories-Instruct-33M,bf16,prefill,4,Softmax,bf16,4,5120
TinyStories-Instruct-33M,bf16,prefill,4,Embedding,bf16,2,0
TinyStories-Instruct-33M,int8,prefill,4,Linear (lm_head),fp32,1,308779008
TinyStories-Instruct-33M,int8,prefill,4,Linear,int8,24,226566144
TinyStories-Instruct-33M,int8,prefill,4,Quantize,fp32,24,442368
TinyStories-Instruct-33M,int8,prefill,4,GELU,fp32,4,442368
TinyStories-Instruct-33M,int8,prefill,4,Dequantize,fp32,24,221184
TinyStories-Instruct-33M,int8,prefill,4,GroupedQueryAttention,fp32,4,197632
TinyStories-Instruct-33M,int8,prefill,4,LayerNorm,fp32,9,166032
TinyStories-Instruct-33M,int8,prefill,4,Softmax,fp32,4,5120
TinyStories-Instruct-33M,int8,prefill,4,Embedding,fp32,2,0
TinyStories-Instruct-33M,int4,prefill,4,Linear (lm_head),fp32,1,308779008
TinyStories-Instruct-33M,int4,prefill,4,Linear,fp32,24,226566144
TinyStories-Instruct-33M,int4,prefill,4,Dequantize,fp32,24,28311552
TinyStories-Instruct-33M,int4,prefill,4,GELU,fp32,4,442368
TinyStories-Instruct-33M,int4,prefill,4,GroupedQueryAttention,fp32,4,197632
TinyStories-Instruct-33M,int4,prefill,4,LayerNorm,fp32,9,166032
TinyStories-Instruct-33M,int4,prefill,4,Softmax,fp32,4,5120
TinyStories-Instruct-33M,int4,prefill,4,Embedding,fp32,2,0
TinyStories-Instruct-33M,fp32,prefill,8,Linear (lm_head),fp32,1,617558016
TinyStories-Instruct-33M,fp32,prefill,8,Linear,fp32,24,453132288
TinyStories-Instruct-33M,fp32,prefill,8,GELU,fp32,4,884736
TinyStories-Instruct-33M,fp32,prefill,8,GroupedQueryAttention,fp32,4,790528
TinyStories-Instruct-33M,fp32,prefill,8,LayerNorm,fp32,9,332064
TinyStories-Instruct-33M,fp32,prefill,8,Softmax,fp32,4,20480
TinyStories-Instruct-33M,fp32,prefill,8,Embedding,fp32,2,0
TinyStories-Instruct-33M,bf16,prefill,8,Linear (lm_head),bf16,1,617558016
TinyStories-Instruct-33M,bf16,prefill,8,Linear,bf16,24,453132288
TinyStories-Instruct-33M,bf16,prefill,8,GELU,bf16,4,884736
TinyStories-Instruct-33M,bf16,prefill,8,GroupedQueryAttention,bf16,4,790528
TinyStories-Instruct-33M,bf16,prefill,8,LayerNorm,bf16,9,332064
TinyStories-Instruct-33M,bf16,prefill,8,Softmax,bf16,4,20480
TinyStories-Instruct-33M,bf16,prefill,8,Embedding,bf16,2,0
TinyStories-Instruct-33M,int8,prefill,8,Linear (lm_head),fp32,1,617558016
TinyStories-Instruct-33M,int8,prefill,8,Linear,int8,24,453132288
TinyStories-Instruct-33M,int8,prefill,8,Quantize,fp32,24,884736
TinyStories-Instruct-33M,int8,prefill,8,GELU,fp32,4,884736
TinyStories-Instruct-33M,int8,prefill,8,GroupedQueryAttention,fp32,4,790528
TinyStories-Instruct-33M,int8,prefill,8,Dequantize,fp32,24,442368
TinyStories-Instruct-33M,int8,prefill,8,LayerNorm,fp32,9,332064
TinyStories-Instruct-33M,int8,prefill,8,Softmax,fp32,4,20480
TinyStories-Instruct-33M,int8,prefill,8,Embedding,fp32,2,0
TinyStories-Instruct-33M,int4,prefill,8,Linear (lm_head),fp32,1,617558016
TinyStories-Instruct-33M,int4,prefill,8,Linear,fp32,24,453132288
TinyStories-Instruct-33M,int4,prefill,8,Dequantize,fp32,24,28311552
TinyStories-Instruct-33M,int4,prefill,8,GELU,fp32,4,884736
TinyStories-Instruct-33M,int4,prefill,8,GroupedQueryAttention,fp32,4,790528
TinyStories-Instruct-33M,int4,prefill,8,LayerNorm,fp32,9,332064
TinyStories-Instruct-33M,int4,prefill,8,Softmax,fp32,4,20480
TinyStories-Instruct-33M,int4,prefill,8,Embedding,fp32,2,0
TinyStories-Instruct-33M,fp32,prefill,16,Linear (lm_head),fp32,1,1235116032
TinyStories-Instruct-33M,fp32,prefill,16,Linear,fp32,24,906264576
TinyStories-Instruct-33M,fp32,prefill,16,GroupedQueryAttention,fp32,4,3162112
TinyStories-Instruct-33M,fp32,prefill,16,GELU,fp32,4,1769472
TinyStories-Instruct-33M,fp32,prefill,16,LayerNorm,fp32,9,664128
TinyStories-Instruct-33M,fp32,prefill,16,Softmax,fp32,4,81920
TinyStories-Instruct-33M,fp32,prefill,16,Embedding,fp32,2,0
TinyStories-Instruct-33M,bf16,prefill,16,Linear (lm_head),bf16,1,1235116032
TinyStories-Instruct-33M,bf16,prefill,16,Linear,bf16,24,906264576
TinyStories-Instruct-33M,bf16,prefill,16,GroupedQueryAttention,bf16,4,3162112
TinyStories-Instruct-33M,bf16,prefill,16,GELU,bf16,4,1769472
TinyStories-Instruct-33M,bf16,prefill,16,LayerNorm,bf16,9,664128
TinyStories-Instruct-33M,bf16,prefill,16,Softmax,bf16,4,81920
TinyStories-Instruct-33M,bf16,prefill,16,Embedding,bf16,2,0
TinyStories-Instruct-33M,int8,prefill,16,Linear (lm_head),fp32,1,1235116032
TinyStories-Instruct-33M,int8,prefill,16,Linear,int8,24,906264576
TinyStories-Instruct-33M,int8,prefill,16,GroupedQueryAttention,fp32,4,3162112
TinyStories-Instruct-33M,int8,prefill,16,Quantize,fp32,24,1769472
TinyStories-Instruct-33M,int8,prefill,16,GELU,fp32,4,1769472
TinyStories-Instruct-33M,int8,prefill,16,Dequantize,fp32,24,884736
TinyStories-Instruct-33M,int8,prefill,16,LayerNorm,fp32,9,664128
TinyStories-Instruct-33M,int8,prefill,16,Softmax,fp32,4,81920
TinyStories-Instruct-33M,int8,prefill,16,Embedding,fp32,2,0
TinyStories-Instruct-33M,int4,prefill,16,Linear (lm_head),fp32,1,1235116032
TinyStories-Instruct-33M,int4,prefill,16,Linear,fp32,24,906264576
TinyStories-Instruct-33M,int4,prefill,16,Dequantize,fp32,24,28311552
TinyStories-Instruct-33M,int4,prefill,16,GroupedQueryAttention,fp32,4,3162112
TinyStories-Instruct-33M,int4,prefill,16,GELU,fp32,4,1769472
TinyStories-Instruct-33M,int4,prefill,16,LayerNorm,fp32,9,664128
TinyStories-Instruct-33M,int4,prefill,16,Softmax,fp32,4,81920
TinyStories-Instruct-33M,int4,prefill,16,Embedding,fp32,2,0
TinyStories-Instruct-33M,fp32,prefill,32,Linear (lm_head),fp32,1,2470232064
TinyStories-Instruct-33M,fp32,prefill,32,Linear,fp32,24,1812529152
TinyStories-Instruct-33M,fp32,prefill,32,GroupedQueryAttention,fp32,4,12648448
TinyStories-Instruct-33M,fp32,prefill,32,GELU,fp32,4,3538944
TinyStories-Instruct-33M,fp32,prefill,32,LayerNorm,fp32,9,1328256
TinyStories-Instruct-33M,fp32,prefill,32,Softmax,fp32,4,327680
TinyStories-Instruct-33M,fp32,prefill,32,Embedding,fp32,2,0
TinyStories-Instruct-33M,bf16,prefill,32,Linear (lm_head),bf16,1,2470232064
TinyStories-Instruct-33M,bf16,prefill,32,Linear,bf16,24,1812529152
TinyStories-Instruct-33M,bf16,prefill,32,GroupedQueryAttention,bf16,4,12648448
TinyStories-Instruct-33M,bf16,prefill,32,GELU,bf16,4,3538944
TinyStories-Instruct-33M,bf16,prefill,32,LayerNorm,bf16,9,1328256
TinyStories-Instruct-33M,bf16,prefill,32,Softmax,bf16,4,327680
TinyStories-Instruct-33M,bf16,prefill,32,Embedding,bf16,2,0
TinyStories-Instruct-33M,int8,prefill,32,Linear (lm_head),fp32,1,2470232064
TinyStories-Instruct-33M,int8,prefill,32,Linear,int8,24,1812529152
TinyStories-Instruct-33M,int8,prefill,32,GroupedQueryAttention,fp32,4,12648448
TinyStories-Instruct-33M,int8,prefill,32,Quantize,fp32,24,3538944
TinyStories-Instruct-33M,int8,prefill,32,GELU,fp32,4,3538944
TinyStories-Instruct-33M,int8,prefill,32,Dequantize,fp32,24,1769472
TinyStories-Instruct-33M,int8,prefill,32,LayerNorm,fp32,9,1328256
TinyStories-Instruct-33M,int8,prefill,32,Softmax,fp32,4,327680
TinyStories-Instruct-33M,int8,prefill,32,Embedding,fp32,2,0
TinyStories-Instruct-33M,int4,prefill,32,Linear (lm_head),fp32,1,2470232064
TinyStories-Instruct-33M,int4,prefill,32,Linear,fp32,24,1812529152
TinyStories-Instruct-33M,int4,prefill,32,Dequantize,fp32,24,28311552
TinyStories-Instruct-33M,int4,prefill,32,GroupedQueryAttention,fp32,4,12648448
TinyStories-Instruct-33M,int4,prefill,32,GELU,fp32,4,3538944
TinyStories-Instruct-33M,int4,prefill,32,LayerNorm,fp32,9,1328256
TinyStories-Instruct-33M,int4,prefill,32,Softmax,fp32,4,327680
TinyStories-Instruct-33M,int4,prefill,32,Embedding,fp32,2,0
TinyStories-Instruct-33M,fp32,prefill,64,Linear (lm_head),fp32,1,4940464128
TinyStories-Instruct-33M,fp32,prefill,64,Linear,fp32,24,3625058304
TinyStories-Instruct-33M,fp32,prefill,64,GroupedQueryAttention,fp32,4,50593792
TinyStories-Instruct-33M,fp32,prefill,64,GELU,fp32,4,7077888
TinyStories-Instruct-33M,fp32,prefill,64,LayerNorm,fp32,9,2656512
TinyStories-Instruct-33M,fp32,prefill,64,Softmax,fp32,4,1310720
TinyStories-Instruct-33M,fp32,prefill,64,Embedding,fp32,2,0
TinyStories-Instruct-33M,bf16,prefill,64,Linear (lm_head),bf16,1,4940464128
TinyStories-Instruct-33M,bf16,prefill,64,Linear,bf16,24,3625058304
TinyStories-Instruct-33M,bf16,prefill,64,GroupedQueryAttention,bf16,4,50593792
TinyStories-Instruct-33M,bf16,prefill,64,GELU,bf16,4,7077888
TinyStories-Instruct-33M,bf16,prefill,64,LayerNorm,bf16,9,2656512
TinyStories-Instruct-33M,bf16,prefill,64,Softmax,bf16,4,1310720
TinyStories-Instruct-33M,bf16,prefill,64,Embedding,bf16,2,0
TinyStories-Instruct-33M,int8,prefill,64,Linear (lm_head),fp32,1,4940464128
TinyStories-Instruct-33M,int8,prefill,64,Linear,int8,24,3625058304
TinyStories-Instruct-33M,int8,prefill,64,GroupedQueryAttention,fp32,4,50593792
TinyStories-Instruct-33M,int8,prefill,64,Quantize,fp32,24,7077888
TinyStories-Instruct-33M,int8,prefill,64,GELU,fp32,4,7077888
TinyStories-Instruct-33M,int8,prefill,64,Dequantize,fp32,24,3538944
TinyStories-Instruct-33M,int8,prefill,64,LayerNorm,fp32,9,2656512
TinyStories-Instruct-33M,int8,prefill,64,Softmax,fp32,4,1310720
TinyStories-Instruct-33M,int8,prefill,64,Embedding,fp32,2,0
TinyStories-Instruct-33M,int4,prefill,64,Linear (lm_head),fp32,1,4940464128
TinyStories-Instruct-33M,int4,prefill,64,Linear,fp32,24,3625058304
TinyStories-Instruct-33M,int4,prefill,64,GroupedQueryAttention,fp32,4,50593792
TinyStories-Instruct-33M,int4,prefill,64,Dequantize,fp32,24,28311552
TinyStories-Instruct-33M,int4,prefill,64,GELU,fp32,4,7077888
TinyStories-Instruct-33M,int4,prefill,64,LayerNorm,fp32,9,2656512
TinyStories-Instruct-33M,int4,prefill,64,Softmax,fp32,4,1310720
TinyStories-Instruct-33M,int4,prefill,64,Embedding,fp32,2,0
TinyStories-Instruct-33M,fp32,prefill,128,Linear (lm_head),fp32,1,9880928256
TinyStories-Instruct-33M,fp32,prefill,128,Linear,fp32,24,7250116608
TinyStories-Instruct-33M,fp32,prefill,128,GroupedQueryAttention,fp32,4,202375168
TinyStories-Instruct-33M,fp32,prefill,128,GELU,fp32,4,14155776
TinyStories-Instruct-33M,fp32,prefill,128,LayerNorm,fp32,9,5313024
TinyStories-Instruct-33M,fp32,prefill,128,Softmax,fp32,4,5242880
TinyStories-Instruct-33M,fp32,prefill,128,Embedding,fp32,2,0
TinyStories-Instruct-33M,bf16,prefill,128,Linear (lm_head),bf16,1,9880928256
TinyStories-Instruct-33M,bf16,prefill,128,Linear,bf16,24,7250116608
TinyStories-Instruct-33M,bf16,prefill,128,GroupedQueryAttention,bf16,4,202375168
TinyStories-Instruct-33M,bf16,prefill,128,GELU,bf16,4,14155776
TinyStories-Instruct-33M,bf16,prefill,128,LayerNorm,bf16,9,5313024
TinyStories-Instruct-33M,bf16,prefill,128,Softmax,bf16,4,5242880
TinyStories-Instruct-33M,bf16,prefill,128,Embedding,bf16,2,0
TinyStories-Instruct-33M,int8,prefill,128,Linear (lm_head),fp32,1,9880928256
TinyStories-Instruct-33M,int8,prefill,128,Linear,int8,24,7250116608
TinyStories-Instruct-33M,int8,prefill,128,GroupedQueryAttention,fp32,4,202375168
TinyStories-Instruct-33M,int8,prefill,128,Quantize,fp32,24,14155776
TinyStories-Instruct-33M,int8,prefill,128,GELU,fp32,4,14155776
TinyStories-Instruct-33M,int8,prefill,128,Dequantize,fp32,24,7077888
TinyStories-Instruct-33M,int8,prefill,128,LayerNorm,fp32,9,5313024
TinyStories-Instruct-33M,int8,prefill,128,Softmax,fp32,4,5242880
TinyStories-Instruct-33M,int8,prefill,128,Embedding,fp32,2,0
TinyStories-Instruct-33M,int4,prefill,128,Linear (lm_head),fp32,1,9880928256
TinyStories-Instruct-33M,int4,prefill,128,Linear,fp32,24,7250116608
TinyStories-Instruct-33M,int4,prefill,128,GroupedQueryAttention,fp32,4,202375168
TinyStories-Instruct-33M,int4,prefill,128,Dequantize,fp32,24,28311552
TinyStories-Instruct-33M,int4,prefill,128,GELU,fp32,4,14155776
TinyStories-Instruct-33M,int4,prefill,128,LayerNorm,fp32,9,5313024
TinyStories-Instruct-33M,int4,prefill,128,Softmax,fp32,4,5242880
TinyStories-Instruct-33M,int4,prefill,128,Embedding,fp32,2,0
TinyStories-Instruct-33M,fp32,prefill,256,Linear (lm_head),fp32,1,19761856512
TinyStories-Instruct-33M,fp32,prefill,256,Linear,fp32,24,14500233216
TinyStories-Instruct-33M,fp32,prefill,256,GroupedQueryAttention,fp32,4,809500672
TinyStories-Instruct-33M,fp32,prefill,256,GELU,fp32,4,28311552
TinyStories-Instruct-33M,fp32,prefill,256,Softmax,fp32,4,20971520
TinyStories-Instruct-33M,fp32,prefill,256,LayerNorm,fp32,9,10626048
TinyStories-Instruct-33M,fp32,prefill,256,Embedding,fp32,2,0
TinyStories-Instruct-33M,bf16,prefill,256,Linear (lm_head),bf16,1,19761856512
TinyStories-Instruct-33M,bf16,prefill,256,Linear,bf16,24,14500233216
TinyStories-Instruct-33M,bf16,prefill,256,GroupedQueryAttention,bf16,4,809500672
TinyStories-Instruct-33M,bf16,prefill,256,GELU,bf16,4,28311552
TinyStories-Instruct-33M,bf16,prefill,256,Softmax,bf16,4,20971520
TinyStories-Instruct-33M,bf16,prefill,256,LayerNorm,bf16,9,10626048
TinyStories-Instruct-33M,bf16,prefill,256,Embedding,bf16,2,0
TinyStories-Instruct-33M,int8,prefill,256,Linear (lm_head),fp32,1,19761856512
TinyStories-Instruct-33M,int8,prefill,256,Linear,int8,24,14500233216
TinyStories-Instruct-33M,int8,prefill,256,GroupedQueryAttention,fp32,4,809500672
TinyStories-Instruct-33M,int8,prefill,256,Quantize,fp32,24,28311552
TinyStories-Instruct-33M,int8,prefill,256,GELU,fp32,4,28311552
TinyStories-Instruct-33M,int8,prefill,256,Softmax,fp32,4,20971520
TinyStories-Instruct-33M,int8,prefill,256,Dequantize,fp32,24,14155776
TinyStories-Instruct-33M,int8,prefill,256,LayerNorm,fp32,9,10626048
TinyStories-Instruct-33M,int8,prefill,256,Embedding,fp32,2,0
TinyStories-Instruct-33M,int4,prefill,256,Linear (lm_head),fp32,1,19761856512
TinyStories-Instruct-33M,int4,prefill,256,Linear,fp32,24,14500233216
TinyStories-Instruct-33M,int4,prefill,256,GroupedQueryAttention,fp32,4,809500672
TinyStories-Instruct-33M,int4,prefill,256,Dequantize,fp32,24,28311552
TinyStories-Instruct-33M,int4,prefill,256,GELU,fp32,4,28311552
TinyStories-Instruct-33M,int4,prefill,256,Softmax,fp32,4,20971520
TinyStories-Instruct-33M,int4,prefill,256,LayerNorm,fp32,9,10626048
TinyStories-Instruct-33M,int4,prefill,256,Embedding,fp32,2,0
TinyStories-Instruct-33M,fp32,prefill,512,Linear (lm_head),fp32,1,39523713024
TinyStories-Instruct-33M,fp32,prefill,512,Linear,fp32,24,29000466432
TinyStories-Instruct-33M,fp32,prefill,512,GroupedQueryAttention,fp32,4,3238002688
TinyStories-Instruct-33M,fp32,prefill,512,Softmax,fp32,4,83886080
TinyStories-Instruct-33M,fp32,prefill,512,GELU,fp32,4,56623104
TinyStories-Instruct-33M,fp32,prefill,512,LayerNorm,fp32,9,21252096
TinyStories-Instruct-33M,fp32,prefill,512,Embedding,fp32,2,0
TinyStories-Instruct-33M,bf16,prefill,512,Linear (lm_head),bf16,1,39523713024
TinyStories-Instruct-33M,bf16,prefill,512,Linear,bf16,24,29000466432
TinyStories-Instruct-33M,bf16,prefill,512,GroupedQueryAttention,bf16,4,3238002688
TinyStories-Instruct-33M,bf16,prefill,512,Softmax,bf16,4,83886080
TinyStories-Instruct-33M,bf16,prefill,512,GELU,bf16,4,56623104
TinyStories-Instruct-33M,bf16,prefill,512,LayerNorm,bf16,9,21252096
TinyStories-Instruct-33M,bf16,prefill,512,Embedding,bf16,2,0
TinyStories-Instruct-33M,int8,prefill,512,Linear (lm_head),fp32,1,39523713024
TinyStories-Instruct-33M,int8,prefill,512,Linear,int8,24,29000466432
TinyStories-Instruct-33M,int8,prefill,512,GroupedQueryAttention,fp32,4,3238002688
TinyStories-Instruct-33M,int8,prefill,512,Softmax,fp32,4,83886080
TinyStories-Instruct-33M,int8,prefill,512,Quantize,fp32,24,56623104
TinyStories-Instruct-33M,int8,prefill,512,GELU,fp32,4,56623104
TinyStories-Instruct-33M,int8,prefill,512,Dequantize,fp32,24,28311552
TinyStories-Instruct-33M,int8,prefill,512,LayerNorm,fp32,9,21252096
TinyStories-Instruct-33M,int8,prefill,512,Embedding,fp32,2,0
TinyStories-Instruct-33M,int4,prefill,512,Linear (lm_head),fp32,1,39523713024
TinyStories-Instruct-33M,int4,prefill,512,Linear,fp32,24,29000466432
TinyStories-Instruct-33M,int4,prefill,512,GroupedQueryAttention,fp32,4,3238002688
TinyStories-Instruct-33M,int4,prefill,512,Softmax,fp32,4,83886080
TinyStories-Instruct-33M,int4,prefill,512,GELU,fp32,4,56623104
TinyStories-Instruct-33M,int4,prefill,512,Dequantize,fp32,24,28311552
TinyStories-Instruct-33M,int4,prefill,512,LayerNorm,fp32,9,21252096
TinyStories-Instruct-33M,int4,prefill,512,Embedding,fp32,2,0
TinyStories-Instruct-33M,fp32,prefill,1024,Linear (lm_head),fp32,1,79047426048
TinyStories-Instruct-33M,fp32,prefill,1024,Linear,fp32,24,58000932864
TinyStories-Instruct-33M,fp32,prefill,1024,GroupedQueryAttention,fp32,4,12952010752
TinyStories-Instruct-33M,fp32,prefill,1024,Softmax,fp32,4,335544320
TinyStories-Instruct-33M,fp32,prefill,1024,GELU,fp32,4,113246208
TinyStories-Instruct-33M,fp32,prefill,1024,LayerNorm,fp32,9,42504192
TinyStories-Instruct-33M,fp32,prefill,1024,Embedding,fp32,2,0
TinyStories-Instruct-33M,bf16,prefill,1024,Linear (lm_head),bf16,1,79047426048
TinyStories-Instruct-33M,bf16,prefill,1024,Linear,bf16,24,58000932864
TinyStories-Instruct-33M,bf16,prefill,1024,GroupedQueryAttention,bf16,4,12952010752
TinyStories-Instruct-33M,bf16,prefill,1024,Softmax,bf16,4,335544320
TinyStories-Instruct-33M,bf16,prefill,1024,GELU,bf16,4,113246208
TinyStories-Instruct-33M,bf16,prefill,1024,LayerNorm,bf16,9,42504192
TinyStories-Instruct-33M,bf16,prefill,1024,Embedding,bf16,2,0
TinyStories-Instruct-33M,int8,prefill,1024,Linear (lm_head),fp32,1,79047426048
TinyStories-Instruct-33M,int8,prefill,1024,Linear,int8,24,58000932864
TinyStories-Instruct-33M,int8,prefill,1024,GroupedQueryAttention,fp32,4,12952010752
TinyStories-Instruct-33M,int8,prefill,1024,Softmax,fp32,4,335544320
TinyStories-Instruct-33M,int8,prefill,1024,Quantize,fp32,24,113246208
TinyStories-Instruct-33M,int8,prefill,1024,GELU,fp32,4,113246208
TinyStories-Instruct-33M,int8,prefill,1024,Dequantize,fp32,24,56623104
TinyStories-Instruct-33M,int8,prefill,1024,LayerNorm,fp32,9,42504192
TinyStories-Instruct-33M,int8,prefill,1024,Embedding,fp32,2,0
TinyStories-Instruct-33M,int4,prefill,1024,Linear (lm_head),fp32,1,79047426048
TinyStories-Instruct-33M,int4,prefill,1024,Linear,fp32,24,58000932864
TinyStories-Instruct-33M,int4,prefill,1024,GroupedQueryAttention,fp32,4,12952010752
TinyStories-Instruct-33M,int4,prefill,1024,Softmax,fp32,4,335544320
TinyStories-Instruct-33M,int4,prefill,1024,GELU,fp32,4,113246208
TinyStories-Instruct-33M,int4,prefill,1024,LayerNorm,fp32,9,42504192
TinyStories-Instruct-33M,int4,prefill,1024,Dequantize,fp32,24,28311552
TinyStories-Instruct-33M,int4,prefill,1024,Embedding,fp32,2,0
TinyStories-Instruct-33M,fp32,prefill,2048,Linear (lm_head),fp32,1,158094852096
TinyStories-Instruct-33M,fp32,prefill,2048,Linear,fp32,24,116001865728
TinyStories-Instruct-33M,fp32,prefill,2048,GroupedQueryAttention,fp32,4,51808043008
TinyStories-Instruct-33M,fp32,prefill,2048,Softmax,fp32,4,1342177280
TinyStories-Instruct-33M,fp32,prefill,2048,GELU,fp32,4,226492416
TinyStories-Instruct-33M,fp32,prefill,2048,LayerNorm,fp32,9,85008384
TinyStories-Instruct-33M,fp32,prefill,2048,Embedding,fp32,2,0
TinyStories-Instruct-33M,bf16,prefill,2048,Linear (lm_head),bf16,1,158094852096
TinyStories-Instruct-33M,bf16,prefill,2048,Linear,bf16,24,116001865728
TinyStories-Instruct-33M,bf16,prefill,2048,GroupedQueryAttention,bf16,4,51808043008
TinyStories-Instruct-33M,bf16,prefill,2048,Softmax,bf16,4,1342177280
TinyStories-Instruct-33M,bf16,prefill,2048,GELU,bf16,4,226492416
TinyStories-Instruct-33M,bf16,prefill,2048,LayerNorm,bf16,9,85008384
TinyStories-Instruct-33M,bf16,prefill,2048,Embedding,bf16,2,0
TinyStories-Instruct-33M,int8,prefill,2048,Linear (lm_head),fp32,1,158094852096
TinyStories-Instruct-33M,int8,prefill,2048,Linear,int8,24,116001865728
TinyStories-Instruct-33M,int8,prefill,2048,GroupedQueryAttention,fp32,4,51808043008
TinyStories-Instruct-33M,int8,prefill,2048,Softmax,fp32,4,1342177280
TinyStories-Instruct-33M,int8,prefill,2048,Quantize,fp32,24,226492416
TinyStories-Instruct-33M,int8,prefill,2048,GELU,fp32,4,226492416
TinyStories-Instruct-33M,int8,prefill,2048,Dequantize,fp32,24,113246208
TinyStories-Instruct-33M,int8,prefill,2048,LayerNorm,fp32,9,85008384
TinyStories-Instruct-33M,int8,prefill,2048,Embedding,fp32,2,0
TinyStories-Instruct-33M,int4,prefill,2048,Linear (lm_head),fp32,1,158094852096
TinyStories-Instruct-33M,int4,prefill,2048,Linear,fp32,24,116001865728
TinyStories-Instruct-33M,int4,prefill,2048,GroupedQueryAttention,fp32,4,51808043008
TinyStories-Instruct-33M,int4,prefill,2048,Softmax,fp32,4,1342177280
TinyStories-Instruct-33M,int4,prefill,2048,GELU,fp32,4,226492416
TinyStories-Instruct-33M,int4,prefill,2048,LayerNorm,fp32,9,85008384
TinyStories-Instruct-33M,int4,prefill,2048,Dequantize,fp32,24,28311552
TinyStories-Instruct-33M,int4,prefill,2048,Embedding,fp32,2,0
TinyStories-Instruct-33M,fp32,decode,2,Linear (lm_head),fp32,1,77194752
TinyStories-Instruct-33M,fp32,decode,2,Linear,fp32,24,56641536
TinyStories-Instruct-33M,fp32,decode,2,GELU,fp32,4,110592
TinyStories-Instruct-33M,fp32,decode,2,LayerNorm,fp32,9,41508
TinyStories-Instruct-33M,fp32,decode,2,GroupedQueryAttention,fp32,4,24704
TinyStories-Instruct-33M,fp32,decode,2,Softmax,fp32,4,640
TinyStories-Instruct-33M,fp32,decode,2,Embedding,fp32,2,0
TinyStories-Instruct-33M,bf16,decode,2,Linear (lm_head),bf16,1,77194752
TinyStories-Instruct-33M,bf16,decode,2,Linear,bf16,24,56641536
TinyStories-Instruct-33M,bf16,decode,2,GELU,bf16,4,110592
TinyStories-Instruct-33M,bf16,decode,2,LayerNorm,bf16,9,41508
TinyStories-Instruct-33M,bf16,decode,2,GroupedQueryAttention,bf16,4,24704
TinyStories-Instruct-33M,bf16,decode,2,Softmax,bf16,4,640
TinyStories-Instruct-33M,bf16,decode,2,Embedding,bf16,2,0
TinyStories-Instruct-33M,int8,decode,2,Linear (lm_head),fp32,1,77194752
TinyStories-Instruct-33M,int8,decode,2,Linear,int8,24,56641536
TinyStories-Instruct-33M,int8,decode,2,Quantize,fp32,24,110592
TinyStories-Instruct-33M,int8,decode,2,GELU,fp32,4,110592
TinyStories-Instruct-33M,int8,decode,2,Dequantize,fp32,24,55296
TinyStories-Instruct-33M,int8,decode,2,LayerNorm,fp32,9,41508
TinyStories-Instruct-33M,int8,decode,2,GroupedQueryAttention,fp32,4,24704
TinyStories-Instruct-33M,int8,decode,2,Softmax,fp32,4,640
TinyStories-Instruct-33M,int8,decode,2,Embedding,fp32,2,0
TinyStories-Instruct-33M,int4,decode,2,Linear (lm_head),fp32,1,77194752
TinyStories-Instruct-33M,int4,decode,2,Linear,fp32,24,56641536
TinyStories-Instruct-33M,int4,decode,2,Dequantize,fp32,24,28311552
TinyStories-Instruct-33M,int4,decode,2,GELU,fp32,4,110592
TinyStories-Instruct-33M,int4,decode,2,LayerNorm,fp32,9,41508
TinyStories-Instruct-33M,int4,decode,2,GroupedQueryAttention,fp32,4,24704
TinyStories-Instruct-33M,int4,decode,2,Softmax,fp32,4,640
TinyStories-Instruct-33M,int4,decode,2,Embedding,fp32,2,0
TinyStories-Instruct-33M,fp32,decode,4,Linear (lm_head),fp32,1,77194752
TinyStories-Instruct-33M,fp32,decode,4,Linear,fp32,24,56641536
TinyStories-Instruct-33M,fp32,decode,4,GELU,fp32,4,110592
TinyStories-Instruct-33M,fp32,decode,4,GroupedQueryAttention,fp32,4,49408
TinyStories-Instruct-33M,fp32,decode,4,LayerNorm,fp32,9,41508
TinyStories-Instruct-33M,fp32,decode,4,Softmax,fp32,4,1280
TinyStories-Instruct-33M,fp32,decode,4,Embedding,fp32,2,0
TinyStories-Instruct-33M,bf16,decode,4,Linear (lm_head),bf16,1,77194752
TinyStories-Instruct-33M,bf16,decode,4,Linear,bf16,24,56641536
TinyStories-Instruct-33M,bf16,decode,4,GELU,bf16,4,110592
TinyStories-Instruct-33M,bf16,decode,4,GroupedQueryAttention,bf16,4,49408
TinyStories-Instruct-33M,bf16,decode,4,LayerNorm,bf16,9,41508
TinyStories-Instruct-33M,bf16,decode,4,Softmax,bf16,4,1280
TinyStories-Instruct-33M,bf16,decode,4,Embedding,bf16,2,0
TinyStories-Instruct-33M,int8,decode,4,Linear (lm_head),fp32,1,77194752
TinyStories-Instruct-33M,int8,decode,4,Linear,int8,24,56641536
TinyStories-Instruct-33M,int8,decode,4,Quantize,fp32,24,110592
TinyStories-Instruct-33M,int8,decode,4,GELU,fp32,4,110592
TinyStories-Instruct-33M,int8,decode,4,Dequantize,fp32,24,55296
TinyStories-Instruct-33M,int8,decode,4,GroupedQueryAttention,fp32,4,49408
TinyStories-Instruct-33M,int8,decode,4,LayerNorm,fp32,9,41508
TinyStories-Instruct-33M,int8,decode,4,Softmax,fp32,4,1280
TinyStories-Instruct-33M,int8,decode,4,Embedding,fp32,2,0
TinyStories-Instruct-33M,int4,decode,4,Linear (lm_head),fp32,1,77194752
TinyStories-Instruct-33M,int4,decode,4,Linear,fp32,24,56641536
TinyStories-Instruct-33M,int4,decode,4,Dequantize,fp32,24,28311552
TinyStories-Instruct-33M,int4,decode,4,GELU,fp32,4,110592
TinyStories-Instruct-33M,int4,decode,4,GroupedQueryAttention,fp32,4,49408
TinyStories-Instruct-33M,int4,decode,4,LayerNorm,fp32,9,41508
TinyStories-Instruct-33M,int4,decode,4,Softmax,fp32,4,1280
TinyStories-Instruct-33M,int4,decode,4,Embedding,fp32,2,0
TinyStories-Instruct-33M,fp32,decode,8,Linear (lm_head),fp32,1,77194752
TinyStories-Instruct-33M,fp32,decode,8,Linear,fp32,24,56641536
TinyStories-Instruct-33M,fp32,decode,8,GELU,fp32,4,110592
TinyStories-Instruct-33M,fp32,decode,8,GroupedQueryAttention,fp32,4,98816
TinyStories-Instruct-33M,fp32,decode,8,LayerNorm,fp32,9,41508
TinyStories-Instruct-33M,fp32,decode,8,Softmax,fp32,4,2560
TinyStories-Instruct-33M,fp32,decode,8,Embedding,fp32,2,0
TinyStories-Instruct-33M,bf16,decode,8,Linear (lm_head),bf16,1,77194752
TinyStories-Instruct-33M,bf16,decode,8,Linear,bf16,24,56641536
TinyStories-Instruct-33M,bf16,decode,8,GELU,bf16,4,110592
TinyStories-Instruct-33M,bf16,decode,8,GroupedQueryAttention,bf16,4,98816
TinyStories-Instruct-33M,bf16,decode,8,LayerNorm,bf16,9,41508
TinyStories-Instruct-33M,bf16,decode,8,Softmax,bf16,4,2560
TinyStories-Instruct-33M,bf16,decode,8,Embedding,bf16,2,0
TinyStories-Instruct-33M,int8,decode,8,Linear (lm_head),fp32,1,77194752
TinyStories-Instruct-33M,int8,decode,8,Linear,int8,24,56641536
TinyStories-Instruct-33M,int8,decode,8,Quantize,fp32,24,110592
TinyStories-Instruct-33M,int8,decode,8,GELU,fp32,4,110592
TinyStories-Instruct-33M,int8,decode,8,GroupedQueryAttention,fp32,4,98816
TinyStories-Instruct-33M,int8,decode,8,Dequantize,fp32,24,55296
TinyStories-Instruct-33M,int8,decode,8,LayerNorm,fp32,9,41508
TinyStories-Instruct-33M,int8,decode,8,Softmax,fp32,4,2560
TinyStories-Instruct-33M,int8,decode,8,Embedding,fp32,2,0
TinyStories-Instruct-33M,int4,decode,8,Linear (lm_head),fp32,1,77194752
TinyStories-Instruct-33M,int4,decode,8,Linear,fp32,24,56641536
TinyStories-Instruct-33M,int4,decode,8,Dequantize,fp32,24,28311552
TinyStories-Instruct-33M,int4,decode,8,GELU,fp32,4,110592
TinyStories-Instruct-33M,int4,decode,8,GroupedQueryAttention,fp32,4,98816
TinyStories-Instruct-33M,int4,decode,8,LayerNorm,fp32,9,41508
TinyStories-Instruct-33M,int4,decode,8,Softmax,fp32,4,2560
TinyStories-Instruct-33M,int4,decode,8,Embedding,fp32,2,0
TinyStories-Instruct-33M,fp32,decode,16,Linear (lm_head),fp32,1,77194752
TinyStories-Instruct-33M,fp32,decode,16,Linear,fp32,24,56641536
TinyStories-Instruct-33M,fp32,decode,16,GroupedQueryAttention,fp32,4,197632
TinyStories-Instruct-33M,fp32,decode,16,GELU,fp32,4,110592
TinyStories-Instruct-33M,fp32,decode,16,LayerNorm,fp32,9,41508
TinyStories-Instruct-33M,fp32,decode,16,Softmax,fp32,4,5120
TinyStories-Instruct-33M,fp32,decode,16,Embedding,fp32,2,0
TinyStories-Instruct-33M,bf16,decode,16,Linear (lm_head),bf16,1,77194752
TinyStories-Instruct-33M,bf16,decode,16,Linear,bf16,24,56641536
TinyStories-Instruct-33M,bf16,decode,16,GroupedQueryAttention,bf16,4,197632
TinyStories-Instruct-33M,bf16,decode,16,GELU,bf16,4,110592
TinyStories-Instruct-33M,bf16,decode,16,LayerNorm,bf16,9,41508
TinyStories-Instruct-33M,bf16,decode,16,Softmax,bf16,4,5120
TinyStories-Instruct-33M,bf16,decode,16,Embedding,bf16,2,0
TinyStories-Instruct-33M,int8,decode,16,Linear (lm_head),fp32,1,77194752
TinyStories-Instruct-33M,int8,decode,16,Linear,int8,24,56641536
TinyStories-Instruct-33M,int8,decode,16,GroupedQueryAttention,fp32,4,197632
TinyStories-Instruct-33M,int8,decode,16,Quantize,fp32,24,110592
TinyStories-Instruct-33M,int8,decode,16,GELU,fp32,4,110592
TinyStories-Instruct-33M,int8,decode,16,Dequantize,fp32,24,55296
TinyStories-Instruct-33M,int8,decode,16,LayerNorm,fp32,9,41508
TinyStories-Instruct-33M,int8,decode,16,Softmax,fp32,4,5120
TinyStories-Instruct-33M,int8,decode,16,Embedding,fp32,2,0
TinyStories-Instruct-33M,int4,decode,16,Linear (lm_head),fp32,1,77194752
TinyStories-Instruct-33M,int4,decode,16,Linear,fp32,24,56641536
TinyStories-Instruct-33M,int4,decode,16,Dequantize,fp32,24,28311552
TinyStories-Instruct-33M,int4,decode,16,GroupedQueryAttention,fp32,4,197632
TinyStories-Instruct-33M,int4,decode,16,GELU,fp32,4,110592
TinyStories-Instruct-33M,int4,decode,16,LayerNorm,fp32,9,41508
TinyStories-Instruct-33M,int4,decode,16,Softmax,fp32,4,5120
TinyStories-Instruct-33M,int4,decode,16,Embedding,fp32,2,0
TinyStories-Instruct-33M,fp32,decode,32,Linear (lm_head),fp32,1,77194752
TinyStories-Instruct-33M,fp32,decode,32,Linear,fp32,24,56641536
TinyStories-Instruct-33M,fp32,decode,32,GroupedQueryAttention,fp32,4,395264
TinyStories-Instruct-33M,fp32,decode,32,GELU,fp32,4,110592
TinyStories-Instruct-33M,fp32,decode,32,LayerNorm,fp32,9,41508
TinyStories-Instruct-33M,fp32,decode,32,Softmax,fp32,4,10240
TinyStories-Instruct-33M,fp32,decode,32,Embedding,fp32,2,0
TinyStories-Instruct-33M,bf16,decode,32,Linear (lm_head),bf16,1,77194752
TinyStories-Instruct-33M,bf16,decode,32,Linear,bf16,24,56641536
TinyStories-Instruct-33M,bf16,decode,32,GroupedQueryAttention,bf16,4,395264
TinyStories-Instruct-33M,bf16,decode,32,GELU,bf16,4,110592
TinyStories-Instruct-33M,bf16,decode,32,LayerNorm,bf16,9,41508
TinyStories-Instruct-33M,bf16,decode,32,Softmax,bf16,4,10240
TinyStories-Instruct-33M,bf16,decode,32,Embedding,bf16,2,0
TinyStories-Instruct-33M,int8,decode,32,Linear (lm_head),fp32,1,77194752
TinyStories-Instruct-33M,int8,decode,32,Linear,int8,24,56641536
TinyStories-Instruct-33M,int8,decode,32,GroupedQueryAttention,fp32,4,395264
TinyStories-Instruct-33M,int8,decode,32,Quantize,fp32,24,110592
TinyStories-Instruct-33M,int8,decode,32,GELU,fp32,4,110592
TinyStories-Instruct-33M,int8,decode,32,Dequantize,fp32,24,55296
TinyStories-Instruct-33M,int8,decode,32,LayerNorm,fp32,9,41508
TinyStories-Instruct-33M,int8,decode,32,Softmax,fp32,4,10240
TinyStories-Instruct-33M,int8,decode,32,Embedding,fp32,2,0
TinyStories-Instruct-33M,int4,decode,32,Linear (lm_head),fp32,1,77194752
TinyStories-Instruct-33M,int4,decode,32,Linear,fp32,24,56641536
TinyStories-Instruct-33M,int4,decode,32,Dequantize,fp32,24,28311552
TinyStories-Instruct-33M,int4,decode,32,GroupedQueryAttention,fp32,4,395264
TinyStories-Instruct-33M,int4,decode,32,GELU,fp32,4,110592
TinyStories-Instruct-33M,int4,decode,32,LayerNorm,fp32,9,41508
TinyStories-Instruct-33M,int4,decode,32,Softmax,fp32,4,10240
TinyStories-Instruct-33M,int4,decode,32,Embedding,fp32,2,0
TinyStories-Instruct-33M,fp32,decode,64,Linear (lm_head),fp32,1,77194752
TinyStories-Instruct-33M,fp32,decode,64,Linear,fp32,24,56641536
TinyStories-Instruct-33M,fp32,decode,64,GroupedQueryAttention,fp32,4,790528
TinyStories-Instruct-33M,fp32,decode,64,GELU,fp32,4,110592
TinyStories-Instruct-33M,fp32,decode,64,LayerNorm,fp32,9,41508
TinyStories-Instruct-33M,fp32,decode,64,Softmax,fp32,4,20480
TinyStories-Instruct-33M,fp32,decode,64,Embedding,fp32,2,0
TinyStories-Instruct-33M,bf16,decode,64,Linear (lm_head),bf16,1,77194752
TinyStories-Instruct-33M,bf16,decode,64,Linear,bf16,24,56641536
TinyStories-Instruct-33M,bf16,decode,64,GroupedQueryAttention,bf16,4,790528
TinyStories-Instruct-33M,bf16,decode,64,GELU,bf16,4,110592
TinyStories-Instruct-33M,bf16,decode,64,LayerNorm,bf16,9,41508
TinyStories-Instruct-33M,bf16,decode,64,Softmax,bf16,4,20480
TinyStories-Instruct-33M,bf16,decode,64,Embedding,bf16,2,0
TinyStories-Instruct-33M,int8,decode,64,Linear (lm_head),fp32,1,77194752
TinyStories-Instruct-33M,int8,decode,64,Linear,int8,24,56641536
TinyStories-Instruct-33M,int8,decode,64,GroupedQueryAttention,fp32,4,790528
TinyStories-Instruct-33M,int8,decode,64,Quantize,fp32,24,110592
TinyStories-Instruct-33M,int8,decode,64,GELU,fp32,4,110592
TinyStories-Instruct-33M,int8,decode,64,Dequantize,fp32,24,55296
TinyStories-Instruct-33M,int8,decode,64,LayerNorm,fp32,9,41508
TinyStories-Instruct-33M,int8,decode,64,Softmax,fp32,4,20480
TinyStories-Instruct-33M,int8,decode,64,Embedding,fp32,2,0
TinyStories-Instruct-33M,int4,decode,64,Linear (lm_head),fp32,1,77194752
TinyStories-Instruct-33M,int4,decode,64,Linear,fp32,24,56641536
TinyStories-Instruct-33M,int4,decode,64,Dequantize,fp32,24,28311552
TinyStories-Instruct-33M,int4,decode,64,GroupedQueryAttention,fp32,4,790528
TinyStories-Instruct-33M,int4,decode,64,GELU,fp32,4,110592
TinyStories-Instruct-33M,int4,decode,64,LayerNorm,fp32,9,41508
TinyStories-Instruct-33M,int4,decode,64,Softmax,fp32,4,20480
TinyStories-Instruct-33M,int4,decode,64,Embedding,fp32,2,0
TinyStories-Instruct-33M,fp32,decode,128,Linear (lm_head),fp32,1,77194752
TinyStories-Instruct-33M,fp32,decode,128,Linear,fp32,24,56641536
TinyStories-Instruct-33M,fp32,decode,128,GroupedQueryAttention,fp32,4,1581056
TinyStories-Instruct-33M,fp32,decode,128,GELU,fp32,4,110592
TinyStories-Instruct-33M,fp32,decode,128,LayerNorm,fp32,9,41508
TinyStories-Instruct-33M,fp32,decode,128,Softmax,fp32,4,40960
TinyStories-Instruct-33M,fp32,decode,128,Embedding,fp32,2,0
TinyStories-Instruct-33M,bf16,decode,128,Linear (lm_head),bf16,1,77194752
TinyStories-Instruct-33M,bf16,decode,128,Linear,bf16,24,56641536
TinyStories-Instruct-33M,bf16,decode,128,GroupedQueryAttention,bf16,4,1581056
TinyStories-Instruct-33M,bf16,decode,128,GELU,bf16,4,110592
TinyStories-Instruct-33M,bf16,decode,128,LayerNorm,bf16,9,41508
TinyStories-Instruct-33M,bf16,decode,128,Softmax,bf16,4,40960
TinyStories-Instruct-33M,bf16,decode,128,Embedding,bf16,2,0
TinyStories-Instruct-33M,int8,decode,128,Linear (lm_head),fp32,1,77194752
TinyStories-Instruct-33M,int8,decode,128,Linear,int8,24,56641536
TinyStories-Instruct-33M,int8,decode,128,GroupedQueryAttention,fp32,4,1581056
TinyStories-Instruct-33M,int8,decode,128,Quantize,fp32,24,110592
TinyStories-Instruct-33M,int8,decode,128,GELU,fp32,4,110592
TinyStories-Instruct-33M,int8,decode,128,Dequantize,fp32,24,55296
TinyStories-Instruct-33M,int8,decode,128,LayerNorm,fp32,9,41508
TinyStories-Instruct-33M,int8,decode,128,Softmax,fp32,4,40960
TinyStories-Instruct-33M,int8,decode,128,Embedding,fp32,2,0
TinyStories-Instruct-33M,int4,decode,128,Linear (lm_head),fp32,1,77194752
TinyStories-Instruct-33M,int4,decode,128,Linear,fp32,24,56641536
TinyStories-Instruct-33M,int4,decode,128,Dequantize,fp32,24,28311552
TinyStories-Instruct-33M,int4,decode,128,GroupedQueryAttention,fp32,4,1581056
TinyStories-Instruct-33M,int4,decode,128,GELU,fp32,4,110592
TinyStories-Instruct-33M,int4,decode,128,LayerNorm,fp32,9,41508
TinyStories-Instruct-33M,int4,decode,128,Softmax,fp32,4,40960
TinyStories-Instruct-33M,int4,decode,128,Embedding,fp32,2,0
TinyStories-Instruct-33M,fp32,decode,256,Linear (lm_head),fp32,1,77194752
TinyStories-Instruct-33M,fp32,decode,256,Linear,fp32,24,56641536
TinyStories-Instruct-33M,fp32,decode,256,GroupedQueryAttention,fp32,4,3162112
TinyStories-Instruct-33M,fp32,decode,256,GELU,fp32,4,110592
TinyStories-Instruct-33M,fp32,decode,256,Softmax,fp32,4,81920
TinyStories-Instruct-33M,fp32,decode,256,LayerNorm,fp32,9,41508
TinyStories-Instruct-33M,fp32,decode,256,Embedding,fp32,2,0
TinyStories-Instruct-33M,bf16,decode,256,Linear (lm_head),bf16,1,77194752
TinyStories-Instruct-33M,bf16,decode,256,Linear,bf16,24,56641536
TinyStories-Instruct-33M,bf16,decode,256,GroupedQueryAttention,bf16,4,3162112
TinyStories-Instruct-33M,bf16,decode,256,GELU,bf16,4,110592
TinyStories-Instruct-33M,bf16,decode,256,Softmax,bf16,4,81920
TinyStories-Instruct-33M,bf16,decode,256,LayerNorm,bf16,9,41508
TinyStories-Instruct-33M,bf16,decode,256,Embedding,bf16,2,0
TinyStories-Instruct-33M,int8,decode,256,Linear (lm_head),fp32,1,77194752
TinyStories-Instruct-33M,int8,decode,256,Linear,int8,24,56641536
TinyStories-Instruct-33M,int8,decode,256,GroupedQueryAttention,fp32,4,3162112
TinyStories-Instruct-33M,int8,decode,256,Quantize,fp32,24,110592
TinyStories-Instruct-33M,int8,decode,256,GELU,fp32,4,110592
TinyStories-Instruct-33M,int8,decode,256,Softmax,fp32,4,81920
TinyStories-Instruct-33M,int8,decode,256,Dequantize,fp32,24,55296
TinyStories-Instruct-33M,int8,decode,256,LayerNorm,fp32,9,41508
TinyStories-Instruct-33M,int8,decode,256,Embedding,fp32,2,0
TinyStories-Instruct-33M,int4,decode,256,Linear (lm_head),fp32,1,77194752
TinyStories-Instruct-33M,int4,decode,256,Linear,fp32,24,56641536
TinyStories-Instruct-33M,int4,decode,256,Dequantize,fp32,24,28311552
TinyStories-Instruct-33M,int4,decode,256,GroupedQueryAttention,fp32,4,3162112
TinyStories-Instruct-33M,int4,decode,256,GELU,fp32,4,110592
TinyStories-Instruct-33M,int4,decode,256,Softmax,fp32,4,81920
TinyStories-Instruct-33M,int4,decode,256,LayerNorm,fp32,9,41508
TinyStories-Instruct-33M,int4,decode,256,Embedding,fp32,2,0
TinyStories-Instruct-33M,fp32,decode,512,Linear (lm_head),fp32,1,77194752
TinyStories-Instruct-33M,fp32,decode,512,Linear,fp32,24,56641536
TinyStories-Instruct-33M,fp32,decode,512,GroupedQueryAttention,fp32,4,6324224
TinyStories-Instruct-33M,fp32,decode,512,Softmax,fp32,4,163840
TinyStories-Instruct-33M,fp32,decode,512,GELU,fp32,4,110592
TinyStories-Instruct-33M,fp32,decode,512,LayerNorm,fp32,9,41508
TinyStories-Instruct-33M,fp32,decode,512,Embedding,fp32,2,0
TinyStories-Instruct-33M,bf16,decode,512,Linear (lm_head),bf16,1,77194752
TinyStories-Instruct-33M,bf16,decode,512,Linear,bf16,24,56641536
TinyStories-Instruct-33M,bf16,decode,512,GroupedQueryAttention,bf16,4,6324224
TinyStories-Instruct-33M,bf16,decode,512,Softmax,bf16,4,163840
TinyStories-Instruct-33M,bf16,decode,512,GELU,bf16,4,110592
TinyStories-Instruct-33M,bf16,decode,512,LayerNorm,bf16,9,41508
TinyStories-Instruct-33M,bf16,decode,512,Embedding,bf16,2,0
TinyStories-Instruct-33M,int8,decode,512,Linear (lm_head),fp32,1,77194752
TinyStories-Instruct-33M,int8,decode,512,Linear,int8,24,56641536
TinyStories-Instruct-33M,int8,decode,512,GroupedQueryAttention,fp32,4,6324224
TinyStories-Instruct-33M,int8,decode,512,Softmax,fp32,4,163840
TinyStories-Instruct-33M,int8,decode,512,Quantize,fp32,24,110592
TinyStories-Instruct-33M,int8,decode,512,GELU,fp32,4,110592
TinyStories-Instruct-33M,int8,decode,512,Dequantize,fp32,24,55296
TinyStories-Instruct-33M,int8,decode,512,LayerNorm,fp32,9,41508
TinyStories-Instruct-33M,int8,decode,512,Embedding,fp32,2,0
TinyStories-Instruct-33M,int4,decode,512,Linear (lm_head),fp32,1,77194752
TinyStories-Instruct-33M,int4,decode,512,Linear,fp32,24,56641536
TinyStories-Instruct-33M,int4,decode,512,Dequantize,fp32,24,28311552
TinyStories-Instruct-33M,int4,decode,512,GroupedQueryAttention,fp32,4,6324224
TinyStories-Instruct-33M,int4,decode,512,Softmax,fp32,4,163840
TinyStories-Instruct-33M,int4,decode,512,GELU,fp32,4,110592
TinyStories-Instruct-33M,int4,decode,512,LayerNorm,fp32,9,41508
TinyStories-Instruct-33M,int4,decode,512,Embedding,fp32,2,0
TinyStories-Instruct-33M,fp32,decode,1024,Linear (lm_head),fp32,1,77194752
TinyStories-Instruct-33M,fp32,decode,1024,Linear,fp32,24,56641536
TinyStories-Instruct-33M,fp32,decode,1024,GroupedQueryAttention,fp32,4,12648448
TinyStories-Instruct-33M,fp32,decode,1024,Softmax,fp32,4,327680
TinyStories-Instruct-33M,fp32,decode,1024,GELU,fp32,4,110592
TinyStories-Instruct-33M,fp32,decode,1024,LayerNorm,fp32,9,41508
TinyStories-Instruct-33M,fp32,decode,1024,Embedding,fp32,2,0
TinyStories-Instruct-33M,bf16,decode,1024,Linear (lm_head),bf16,1,77194752
TinyStories-Instruct-33M,bf16,decode,1024,Linear,bf16,24,56641536
TinyStories-Instruct-33M,bf16,decode,1024,GroupedQueryAttention,bf16,4,12648448
TinyStories-Instruct-33M,bf16,decode,1024,Softmax,bf16,4,327680
TinyStories-Instruct-33M,bf16,decode,1024,GELU,bf16,4,110592
TinyStories-Instruct-33M,bf16,decode,1024,LayerNorm,bf16,9,41508
TinyStories-Instruct-33M,bf16,decode,1024,Embedding,bf16,2,0
TinyStories-Instruct-33M,int8,decode,1024,Linear (lm_head),fp32,1,77194752
TinyStories-Instruct-33M,int8,decode,1024,Linear,int8,24,56641536
TinyStories-Instruct-33M,int8,decode,1024,GroupedQueryAttention,fp32,4,12648448
TinyStories-Instruct-33M,int8,decode,1024,Softmax,fp32,4,327680
TinyStories-Instruct-33M,int8,decode,1024,Quantize,fp32,24,110592
TinyStories-Instruct-33M,int8,decode,1024,GELU,fp32,4,110592
TinyStories-Instruct-33M,int8,decode,1024,Dequantize,fp32,24,55296
TinyStories-Instruct-33M,int8,decode,1024,LayerNorm,fp32,9,41508
TinyStories-Instruct-33M,int8,decode,1024,Embedding,fp32,2,0
TinyStories-Instruct-33M,int4,decode,1024,Linear (lm_head),fp32,1,77194752
TinyStories-Instruct-33M,int4,decode,1024,Linear,fp32,24,56641536
TinyStories-Instruct-33M,int4,decode,1024,Dequantize,fp32,24,28311552
TinyStories-Instruct-33M,int4,decode,1024,GroupedQueryAttention,fp32,4,12648448
TinyStories-Instruct-33M,int4,decode,1024,Softmax,fp32,4,327680
TinyStories-Instruct-33M,int4,decode,1024,GELU,fp32,4,110592
TinyStories-Instruct-33M,int4,decode,1024,LayerNorm,fp32,9,41508
TinyStories-Instruct-33M,int4,decode,1024,Embedding,fp32,2,0
TinyStories-Instruct-33M,fp32,decode,2048,Linear (lm_head),fp32,1,77194752
TinyStories-Instruct-33M,fp32,decode,2048,Linear,fp32,24,56641536
TinyStories-Instruct-33M,fp32,decode,2048,GroupedQueryAttention,fp32,4,25296896
TinyStories-Instruct-33M,fp32,decode,2048,Softmax,fp32,4,655360
TinyStories-Instruct-33M,fp32,decode,2048,GELU,fp32,4,110592
TinyStories-Instruct-33M,fp32,decode,2048,LayerNorm,fp32,9,41508
TinyStories-Instruct-33M,fp32,decode,2048,Embedding,fp32,2,0
TinyStories-Instruct-33M,bf16,decode,2048,Linear (lm_head),bf16,1,77194752
TinyStories-Instruct-33M,bf16,decode,2048,Linear,bf16,24,56641536
TinyStories-Instruct-33M,bf16,decode,2048,GroupedQueryAttention,bf16,4,25296896
TinyStories-Instruct-33M,bf16,decode,2048,Softmax,bf16,4,655360
TinyStories-Instruct-33M,bf16,decode,2048,GELU,bf16,4,110592
TinyStories-Instruct-33M,bf16,decode,2048,LayerNorm,bf16,9,41508
TinyStories-Instruct-33M,bf16,decode,2048,Embedding,bf16,2,0
TinyStories-Instruct-33M,int8,decode,2048,Linear (lm_head),fp32,1,77194752
TinyStories-Instruct-33M,int8,decode,2048,Linear,int8,24,56641536
TinyStories-Instruct-33M,int8,decode,2048,GroupedQueryAttention,fp32,4,25296896
TinyStories-Instruct-33M,int8,decode,2048,Softmax,fp32,4,655360
TinyStories-Instruct-33M,int8,decode,2048,Quantize,fp32,24,110592
TinyStories-Instruct-33M,int8,decode,2048,GELU,fp32,4,110592
TinyStories-Instruct-33M,int8,decode,2048,Dequantize,fp32,24,55296
TinyStories-Instruct-33M,int8,decode,2048,LayerNorm,fp32,9,41508
TinyStories-Instruct-33M,int8,decode,2048,Embedding,fp32,2,0
TinyStories-Instruct-33M,int4,decode,2048,Linear (lm_head),fp32,1,77194752
TinyStories-Instruct-33M,int4,decode,2048,Linear,fp32,24,56641536
TinyStories-Instruct-33M,int4,decode,2048,Dequantize,fp32,24,28311552
TinyStories-Instruct-33M,int4,decode,2048,GroupedQueryAttention,fp32,4,25296896
TinyStories-Instruct-33M,int4,decode,2048,Softmax,fp32,4,655360
TinyStories-Instruct-33M,int4,decode,2048,GELU,fp32,4,110592
TinyStories-Instruct-33M,int4,decode,2048,LayerNorm,fp32,9,41508
TinyStories-Instruct-33M,int4,decode,2048,Embedding,fp32,2,0
