model,phase,batch,peak_tmacs,bandwidth_gbs,sram,compute_ms,memory_ms,latency_ms
GPT-2,prefill,1,0.5,4,256 KB,137.1562,398.9203,398.9203
GPT-2,prefill,1,0.5,8,256 KB,137.1562,199.4602,199.4602
GPT-2,prefill,1,0.5,16,256 KB,137.1562,99.7301,161.7873
GPT-2,prefill,1,0.5,32,256 KB,137.1562,49.8650,147.1407
GPT-2,prefill,1,0.5,64,256 KB,137.1562,24.9325,141.7308
GPT-2,prefill,1,0.5,128,256 KB,137.1562,12.4663,139.0259
GPT-2,prefill,1,0.5,256,256 KB,137.1562,6.2331,137.7182
GPT-2,prefill,1,0.5,512,256 KB,137.1562,3.1166,137.3131
GPT-2,prefill,1,1.0,4,256 KB,68.5781,398.9203,398.9203
GPT-2,prefill,1,1.0,8,256 KB,68.5781,199.4602,199.4602
GPT-2,prefill,1,1.0,16,256 KB,68.5781,99.7301,99.7301
GPT-2,prefill,1,1.0,32,256 KB,68.5781,49.8650,80.8936
GPT-2,prefill,1,1.0,64,256 KB,68.5781,24.9325,73.5704
GPT-2,prefill,1,1.0,128,256 KB,68.5781,12.4663,70.8654
GPT-2,prefill,1,1.0,256,256 KB,68.5781,6.2331,69.5129
GPT-2,prefill,1,1.0,512,256 KB,68.5781,3.1166,68.8591
GPT-2,prefill,1,2.0,4,256 KB,34.2891,398.9203,398.9203
GPT-2,prefill,1,2.0,8,256 KB,34.2891,199.4602,199.4602
GPT-2,prefill,1,2.0,16,256 KB,34.2891,99.7301,99.7301
GPT-2,prefill,1,2.0,32,256 KB,34.2891,49.8650,49.8650
GPT-2,prefill,1,2.0,64,256 KB,34.2891,24.9325,40.4468
GPT-2,prefill,1,2.0,128,256 KB,34.2891,12.4663,36.7852
GPT-2,prefill,1,2.0,256,256 KB,34.2891,6.2331,35.4327
GPT-2,prefill,1,2.0,512,256 KB,34.2891,3.1166,34.7565
GPT-2,prefill,1,4.0,4,256 KB,17.1445,398.9203,398.9203
GPT-2,prefill,1,4.0,8,256 KB,17.1445,199.4602,199.4602
GPT-2,prefill,1,4.0,16,256 KB,17.1445,99.7301,99.7301
GPT-2,prefill,1,4.0,32,256 KB,17.1445,49.8650,49.8650
GPT-2,prefill,1,4.0,64,256 KB,17.1445,24.9325,24.9325
GPT-2,prefill,1,4.0,128,256 KB,17.1445,12.4663,20.2234
GPT-2,prefill,1,4.0,256,256 KB,17.1445,6.2331,18.3926
GPT-2,prefill,1,4.0,512,256 KB,17.1445,3.1166,17.7164
GPT-2,prefill,1,8.0,4,256 KB,8.5723,398.9203,398.9203
GPT-2,prefill,1,8.0,8,256 KB,8.5723,199.4602,199.4602
GPT-2,prefill,1,8.0,16,256 KB,8.5723,99.7301,99.7301
GPT-2,prefill,1,8.0,32,256 KB,8.5723,49.8650,49.8650
GPT-2,prefill,1,8.0,64,256 KB,8.5723,24.9325,24.9325
GPT-2,prefill,1,8.0,128,256 KB,8.5723,12.4663,12.4663
GPT-2,prefill,1,8.0,256,256 KB,8.5723,6.2331,10.1117
GPT-2,prefill,1,8.0,512,256 KB,8.5723,3.1166,9.1963
GPT-2,prefill,1,16.0,4,256 KB,4.2861,398.9203,398.9203
GPT-2,prefill,1,16.0,8,256 KB,4.2861,199.4602,199.4602
GPT-2,prefill,1,16.0,16,256 KB,4.2861,99.7301,99.7301
GPT-2,prefill,1,16.0,32,256 KB,4.2861,49.8650,49.8650
GPT-2,prefill,1,16.0,64,256 KB,4.2861,24.9325,24.9325
GPT-2,prefill,1,16.0,128,256 KB,4.2861,12.4663,12.4663
GPT-2,prefill,1,16.0,256,256 KB,4.2861,6.2331,6.2331
GPT-2,prefill,1,16.0,512,256 KB,4.2861,3.1166,5.0559
GPT-2,prefill,1,32.0,4,256 KB,2.1431,398.9203,398.9203
GPT-2,prefill,1,32.0,8,256 KB,2.1431,199.4602,199.4602
GPT-2,prefill,1,32.0,16,256 KB,2.1431,99.7301,99.7301
GPT-2,prefill,1,32.0,32,256 KB,2.1431,49.8650,49.8650
GPT-2,prefill,1,32.0,64,256 KB,2.1431,24.9325,24.9325
GPT-2,prefill,1,32.0,128,256 KB,2.1431,12.4663,12.4663
GPT-2,prefill,1,32.0,256,256 KB,2.1431,6.2331,6.2331
GPT-2,prefill,1,32.0,512,256 KB,2.1431,3.1166,3.1166
GPT-2,prefill,1,64.0,4,256 KB,1.0715,398.9203,398.9203
GPT-2,prefill,1,64.0,8,256 KB,1.0715,199.4602,199.4602
GPT-2,prefill,1,64.0,16,256 KB,1.0715,99.7301,99.7301
GPT-2,prefill,1,64.0,32,256 KB,1.0715,49.8650,49.8650
GPT-2,prefill,1,64.0,64,256 KB,1.0715,24.9325,24.9325
GPT-2,prefill,1,64.0,128,256 KB,1.0715,12.4663,12.4663
GPT-2,prefill,1,64.0,256,256 KB,1.0715,6.2331,6.2331
GPT-2,prefill,1,64.0,512,256 KB,1.0715,3.1166,3.1166
GPT-2,prefill,1,0.5,4,1 MB,137.1562,288.1989,288.1989
GPT-2,prefill,1,0.5,8,1 MB,137.1562,144.0995,193.4539
GPT-2,prefill,1,0.5,16,1 MB,137.1562,72.0497,160.0178
GPT-2,prefill,1,0.5,32,1 MB,137.1562,36.0249,147.1407
GPT-2,prefill,1,0.5,64,1 MB,137.1562,18.0124,141.7308
GPT-2,prefill,1,0.5,128,1 MB,137.1562,9.0062,139.0259
GPT-2,prefill,1,0.5,256,1 MB,137.1562,4.5031,137.7182
GPT-2,prefill,1,0.5,512,1 MB,137.1562,2.2516,137.3131
GPT-2,prefill,1,1.0,4,1 MB,68.5781,288.1989,288.1989
GPT-2,prefill,1,1.0,8,1 MB,68.5781,144.0995,144.0995
GPT-2,prefill,1,1.0,16,1 MB,68.5781,72.0497,96.7269
GPT-2,prefill,1,1.0,32,1 MB,68.5781,36.0249,80.0089
GPT-2,prefill,1,1.0,64,1 MB,68.5781,18.0124,73.5704
GPT-2,prefill,1,1.0,128,1 MB,68.5781,9.0062,70.8654
GPT-2,prefill,1,1.0,256,1 MB,68.5781,4.5031,69.5129
GPT-2,prefill,1,1.0,512,1 MB,68.5781,2.2516,68.8591
GPT-2,prefill,1,2.0,4,1 MB,34.2891,288.1989,288.1989
GPT-2,prefill,1,2.0,8,1 MB,34.2891,144.0995,144.0995
GPT-2,prefill,1,2.0,16,1 MB,34.2891,72.0497,72.0497
GPT-2,prefill,1,2.0,32,1 MB,34.2891,36.0249,48.3635
GPT-2,prefill,1,2.0,64,1 MB,34.2891,18.0124,40.0044
GPT-2,prefill,1,2.0,128,1 MB,34.2891,9.0062,36.7852
GPT-2,prefill,1,2.0,256,1 MB,34.2891,4.5031,35.4327
GPT-2,prefill,1,2.0,512,1 MB,34.2891,2.2516,34.7565
GPT-2,prefill,1,4.0,4,1 MB,17.1445,288.1989,288.1989
GPT-2,prefill,1,4.0,8,1 MB,17.1445,144.0995,144.0995
GPT-2,prefill,1,4.0,16,1 MB,17.1445,72.0497,72.0497
GPT-2,prefill,1,4.0,32,1 MB,17.1445,36.0249,36.0249
GPT-2,prefill,1,4.0,64,1 MB,17.1445,18.0124,24.1817
GPT-2,prefill,1,4.0,128,1 MB,17.1445,9.0062,20.0022
GPT-2,prefill,1,4.0,256,1 MB,17.1445,4.5031,18.3926
GPT-2,prefill,1,4.0,512,1 MB,17.1445,2.2516,17.7164
GPT-2,prefill,1,8.0,4,1 MB,8.5723,288.1989,288.1989
GPT-2,prefill,1,8.0,8,1 MB,8.5723,144.0995,144.0995
GPT-2,prefill,1,8.0,16,1 MB,8.5723,72.0497,72.0497
GPT-2,prefill,1,8.0,32,1 MB,8.5723,36.0249,36.0249
GPT-2,prefill,1,8.0,64,1 MB,8.5723,18.0124,18.0124
GPT-2,prefill,1,8.0,128,1 MB,8.5723,9.0062,12.0909
GPT-2,prefill,1,8.0,256,1 MB,8.5723,4.5031,10.0011
GPT-2,prefill,1,8.0,512,1 MB,8.5723,2.2516,9.1963
GPT-2,prefill,1,16.0,4,1 MB,4.2861,288.1989,288.1989
GPT-2,prefill,1,16.0,8,1 MB,4.2861,144.0995,144.0995
GPT-2,prefill,1,16.0,16,1 MB,4.2861,72.0497,72.0497
GPT-2,prefill,1,16.0,32,1 MB,4.2861,36.0249,36.0249
GPT-2,prefill,1,16.0,64,1 MB,4.2861,18.0124,18.0124
GPT-2,prefill,1,16.0,128,1 MB,4.2861,9.0062,9.0062
GPT-2,prefill,1,16.0,256,1 MB,4.2861,4.5031,6.0454
GPT-2,prefill,1,16.0,512,1 MB,4.2861,2.2516,5.0006
GPT-2,prefill,1,32.0,4,1 MB,2.1431,288.1989,288.1989
GPT-2,prefill,1,32.0,8,1 MB,2.1431,144.0995,144.0995
GPT-2,prefill,1,32.0,16,1 MB,2.1431,72.0497,72.0497
GPT-2,prefill,1,32.0,32,1 MB,2.1431,36.0249,36.0249
GPT-2,prefill,1,32.0,64,1 MB,2.1431,18.0124,18.0124
GPT-2,prefill,1,32.0,128,1 MB,2.1431,9.0062,9.0062
GPT-2,prefill,1,32.0,256,1 MB,2.1431,4.5031,4.5031
GPT-2,prefill,1,32.0,512,1 MB,2.1431,2.2516,3.0227
GPT-2,prefill,1,64.0,4,1 MB,1.0715,288.1989,288.1989
GPT-2,prefill,1,64.0,8,1 MB,1.0715,144.0995,144.0995
GPT-2,prefill,1,64.0,16,1 MB,1.0715,72.0497,72.0497
GPT-2,prefill,1,64.0,32,1 MB,1.0715,36.0249,36.0249
GPT-2,prefill,1,64.0,64,1 MB,1.0715,18.0124,18.0124
GPT-2,prefill,1,64.0,128,1 MB,1.0715,9.0062,9.0062
GPT-2,prefill,1,64.0,256,1 MB,1.0715,4.5031,4.5031
GPT-2,prefill,1,64.0,512,1 MB,1.0715,2.2516,2.2516
GPT-2,prefill,1,0.5,4,4 MB,137.1562,260.0840,260.3260
GPT-2,prefill,1,0.5,8,4 MB,137.1562,130.0420,193.4539
GPT-2,prefill,1,0.5,16,4 MB,137.1562,65.0210,160.0178
GPT-2,prefill,1,0.5,32,4 MB,137.1562,32.5105,147.1407
GPT-2,prefill,1,0.5,64,4 MB,137.1562,16.2552,141.7308
GPT-2,prefill,1,0.5,128,4 MB,137.1562,8.1276,139.0259
GPT-2,prefill,1,0.5,256,4 MB,137.1562,4.0638,137.7182
GPT-2,prefill,1,0.5,512,4 MB,137.1562,2.0319,137.3131
GPT-2,prefill,1,1.0,4,4 MB,68.5781,260.0840,260.0840
GPT-2,prefill,1,1.0,8,4 MB,68.5781,130.0420,130.1630
GPT-2,prefill,1,1.0,16,4 MB,68.5781,65.0210,96.7269
GPT-2,prefill,1,1.0,32,4 MB,68.5781,32.5105,80.0089
GPT-2,prefill,1,1.0,64,4 MB,68.5781,16.2552,73.5704
GPT-2,prefill,1,1.0,128,4 MB,68.5781,8.1276,70.8654
GPT-2,prefill,1,1.0,256,4 MB,68.5781,4.0638,69.5129
GPT-2,prefill,1,1.0,512,4 MB,68.5781,2.0319,68.8591
GPT-2,prefill,1,2.0,4,4 MB,34.2891,260.0840,260.0840
GPT-2,prefill,1,2.0,8,4 MB,34.2891,130.0420,130.0420
GPT-2,prefill,1,2.0,16,4 MB,34.2891,65.0210,65.0815
GPT-2,prefill,1,2.0,32,4 MB,34.2891,32.5105,48.3635
GPT-2,prefill,1,2.0,64,4 MB,34.2891,16.2552,40.0044
GPT-2,prefill,1,2.0,128,4 MB,34.2891,8.1276,36.7852
GPT-2,prefill,1,2.0,256,4 MB,34.2891,4.0638,35.4327
GPT-2,prefill,1,2.0,512,4 MB,34.2891,2.0319,34.7565
GPT-2,prefill,1,4.0,4,4 MB,17.1445,260.0840,260.0840
GPT-2,prefill,1,4.0,8,4 MB,17.1445,130.0420,130.0420
GPT-2,prefill,1,4.0,16,4 MB,17.1445,65.0210,65.0210
GPT-2,prefill,1,4.0,32,4 MB,17.1445,32.5105,32.5407
GPT-2,prefill,1,4.0,64,4 MB,17.1445,16.2552,24.1817
GPT-2,prefill,1,4.0,128,4 MB,17.1445,8.1276,20.0022
GPT-2,prefill,1,4.0,256,4 MB,17.1445,4.0638,18.3926
GPT-2,prefill,1,4.0,512,4 MB,17.1445,2.0319,17.7164
GPT-2,prefill,1,8.0,4,4 MB,8.5723,260.0840,260.0840
GPT-2,prefill,1,8.0,8,4 MB,8.5723,130.0420,130.0420
GPT-2,prefill,1,8.0,16,4 MB,8.5723,65.0210,65.0210
GPT-2,prefill,1,8.0,32,4 MB,8.5723,32.5105,32.5105
GPT-2,prefill,1,8.0,64,4 MB,8.5723,16.2552,16.2704
GPT-2,prefill,1,8.0,128,4 MB,8.5723,8.1276,12.0909
GPT-2,prefill,1,8.0,256,4 MB,8.5723,4.0638,10.0011
GPT-2,prefill,1,8.0,512,4 MB,8.5723,2.0319,9.1963
GPT-2,prefill,1,16.0,4,4 MB,4.2861,260.0840,260.0840
GPT-2,prefill,1,16.0,8,4 MB,4.2861,130.0420,130.0420
GPT-2,prefill,1,16.0,16,4 MB,4.2861,65.0210,65.0210
GPT-2,prefill,1,16.0,32,4 MB,4.2861,32.5105,32.5105
GPT-2,prefill,1,16.0,64,4 MB,4.2861,16.2552,16.2552
GPT-2,prefill,1,16.0,128,4 MB,4.2861,8.1276,8.1352
GPT-2,prefill,1,16.0,256,4 MB,4.2861,4.0638,6.0454
GPT-2,prefill,1,16.0,512,4 MB,4.2861,2.0319,5.0006
GPT-2,prefill,1,32.0,4,4 MB,2.1431,260.0840,260.0840
GPT-2,prefill,1,32.0,8,4 MB,2.1431,130.0420,130.0420
GPT-2,prefill,1,32.0,16,4 MB,2.1431,65.0210,65.0210
GPT-2,prefill,1,32.0,32,4 MB,2.1431,32.5105,32.5105
GPT-2,prefill,1,32.0,64,4 MB,2.1431,16.2552,16.2552
GPT-2,prefill,1,32.0,128,4 MB,2.1431,8.1276,8.1276
GPT-2,prefill,1,32.0,256,4 MB,2.1431,4.0638,4.0676
GPT-2,prefill,1,32.0,512,4 MB,2.1431,2.0319,3.0227
GPT-2,prefill,1,64.0,4,4 MB,1.0715,260.0840,260.0840
GPT-2,prefill,1,64.0,8,4 MB,1.0715,130.0420,130.0420
GPT-2,prefill,1,64.0,16,4 MB,1.0715,65.0210,65.0210
GPT-2,prefill,1,64.0,32,4 MB,1.0715,32.5105,32.5105
GPT-2,prefill,1,64.0,64,4 MB,1.0715,16.2552,16.2552
GPT-2,prefill,1,64.0,128,4 MB,1.0715,8.1276,8.1276
GPT-2,prefill,1,64.0,256,4 MB,1.0715,4.0638,4.0638
GPT-2,prefill,1,64.0,512,4 MB,1.0715,2.0319,2.0338
GPT-2,decode,1,0.5,4,256 KB,0.2679,86.6766,86.6766
GPT-2,decode,1,0.5,8,256 KB,0.2679,43.3383,43.3383
GPT-2,decode,1,0.5,16,256 KB,0.2679,21.6692,21.6692
GPT-2,decode,1,0.5,32,256 KB,0.2679,10.8346,10.8346
GPT-2,decode,1,0.5,64,256 KB,0.2679,5.4173,5.4173
GPT-2,decode,1,0.5,128,256 KB,0.2679,2.7086,2.7086
GPT-2,decode,1,0.5,256,256 KB,0.2679,1.3543,1.3544
GPT-2,decode,1,0.5,512,256 KB,0.2679,0.6772,0.6777
GPT-2,decode,1,1.0,4,256 KB,0.1339,86.6766,86.6766
GPT-2,decode,1,1.0,8,256 KB,0.1339,43.3383,43.3383
GPT-2,decode,1,1.0,16,256 KB,0.1339,21.6692,21.6692
GPT-2,decode,1,1.0,32,256 KB,0.1339,10.8346,10.8346
GPT-2,decode,1,1.0,64,256 KB,0.1339,5.4173,5.4173
GPT-2,decode,1,1.0,128,256 KB,0.1339,2.7086,2.7086
GPT-2,decode,1,1.0,256,256 KB,0.1339,1.3543,1.3543
GPT-2,decode,1,1.0,512,256 KB,0.1339,0.6772,0.6772
GPT-2,decode,1,2.0,4,256 KB,0.0670,86.6766,86.6766
GPT-2,decode,1,2.0,8,256 KB,0.0670,43.3383,43.3383
GPT-2,decode,1,2.0,16,256 KB,0.0670,21.6692,21.6692
GPT-2,decode,1,2.0,32,256 KB,0.0670,10.8346,10.8346
GPT-2,decode,1,2.0,64,256 KB,0.0670,5.4173,5.4173
GPT-2,decode,1,2.0,128,256 KB,0.0670,2.7086,2.7086
GPT-2,decode,1,2.0,256,256 KB,0.0670,1.3543,1.3543
GPT-2,decode,1,2.0,512,256 KB,0.0670,0.6772,0.6772
GPT-2,decode,1,4.0,4,256 KB,0.0335,86.6766,86.6766
GPT-2,decode,1,4.0,8,256 KB,0.0335,43.3383,43.3383
GPT-2,decode,1,4.0,16,256 KB,0.0335,21.6692,21.6692
GPT-2,decode,1,4.0,32,256 KB,0.0335,10.8346,10.8346
GPT-2,decode,1,4.0,64,256 KB,0.0335,5.4173,5.4173
GPT-2,decode,1,4.0,128,256 KB,0.0335,2.7086,2.7086
GPT-2,decode,1,4.0,256,256 KB,0.0335,1.3543,1.3543
GPT-2,decode,1,4.0,512,256 KB,0.0335,0.6772,0.6772
GPT-2,decode,1,8.0,4,256 KB,0.0167,86.6766,86.6766
GPT-2,decode,1,8.0,8,256 KB,0.0167,43.3383,43.3383
GPT-2,decode,1,8.0,16,256 KB,0.0167,21.6692,21.6692
GPT-2,decode,1,8.0,32,256 KB,0.0167,10.8346,10.8346
GPT-2,decode,1,8.0,64,256 KB,0.0167,5.4173,5.4173
GPT-2,decode,1,8.0,128,256 KB,0.0167,2.7086,2.7086
GPT-2,decode,1,8.0,256,256 KB,0.0167,1.3543,1.3543
GPT-2,decode,1,8.0,512,256 KB,0.0167,0.6772,0.6772
GPT-2,decode,1,16.0,4,256 KB,0.0084,86.6766,86.6766
GPT-2,decode,1,16.0,8,256 KB,0.0084,43.3383,43.3383
GPT-2,decode,1,16.0,16,256 KB,0.0084,21.6692,21.6692
GPT-2,decode,1,16.0,32,256 KB,0.0084,10.8346,10.8346
GPT-2,decode,1,16.0,64,256 KB,0.0084,5.4173,5.4173
GPT-2,decode,1,16.0,128,256 KB,0.0084,2.7086,2.7086
GPT-2,decode,1,16.0,256,256 KB,0.0084,1.3543,1.3543
GPT-2,decode,1,16.0,512,256 KB,0.0084,0.6772,0.6772
GPT-2,decode,1,32.0,4,256 KB,0.0042,86.6766,86.6766
GPT-2,decode,1,32.0,8,256 KB,0.0042,43.3383,43.3383
GPT-2,decode,1,32.0,16,256 KB,0.0042,21.6692,21.6692
GPT-2,decode,1,32.0,32,256 KB,0.0042,10.8346,10.8346
GPT-2,decode,1,32.0,64,256 KB,0.0042,5.4173,5.4173
GPT-2,decode,1,32.0,128,256 KB,0.0042,2.7086,2.7086
GPT-2,decode,1,32.0,256,256 KB,0.0042,1.3543,1.3543
GPT-2,decode,1,32.0,512,256 KB,0.0042,0.6772,0.6772
GPT-2,decode,1,64.0,4,256 KB,0.0021,86.6766,86.6766
GPT-2,decode,1,64.0,8,256 KB,0.0021,43.3383,43.3383
GPT-2,decode,1,64.0,16,256 KB,0.0021,21.6692,21.6692
GPT-2,decode,1,64.0,32,256 KB,0.0021,10.8346,10.8346
GPT-2,decode,1,64.0,64,256 KB,0.0021,5.4173,5.4173
GPT-2,decode,1,64.0,128,256 KB,0.0021,2.7086,2.7086
GPT-2,decode,1,64.0,256,256 KB,0.0021,1.3543,1.3543
GPT-2,decode,1,64.0,512,256 KB,0.0021,0.6772,0.6772
GPT-2,decode,1,0.5,4,1 MB,0.2679,86.5902,86.5902
GPT-2,decode,1,0.5,8,1 MB,0.2679,43.2951,43.2951
GPT-2,decode,1,0.5,16,1 MB,0.2679,21.6476,21.6476
GPT-2,decode,1,0.5,32,1 MB,0.2679,10.8238,10.8238
GPT-2,decode,1,0.5,64,1 MB,0.2679,5.4119,5.4119
GPT-2,decode,1,0.5,128,1 MB,0.2679,2.7059,2.7059
GPT-2,decode,1,0.5,256,1 MB,0.2679,1.3530,1.3531
GPT-2,decode,1,0.5,512,1 MB,0.2679,0.6765,0.6770
GPT-2,decode,1,1.0,4,1 MB,0.1339,86.5902,86.5902
GPT-2,decode,1,1.0,8,1 MB,0.1339,43.2951,43.2951
GPT-2,decode,1,1.0,16,1 MB,0.1339,21.6476,21.6476
GPT-2,decode,1,1.0,32,1 MB,0.1339,10.8238,10.8238
GPT-2,decode,1,1.0,64,1 MB,0.1339,5.4119,5.4119
GPT-2,decode,1,1.0,128,1 MB,0.1339,2.7059,2.7059
GPT-2,decode,1,1.0,256,1 MB,0.1339,1.3530,1.3530
GPT-2,decode,1,1.0,512,1 MB,0.1339,0.6765,0.6765
GPT-2,decode,1,2.0,4,1 MB,0.0670,86.5902,86.5902
GPT-2,decode,1,2.0,8,1 MB,0.0670,43.2951,43.2951
GPT-2,decode,1,2.0,16,1 MB,0.0670,21.6476,21.6476
GPT-2,decode,1,2.0,32,1 MB,0.0670,10.8238,10.8238
GPT-2,decode,1,2.0,64,1 MB,0.0670,5.4119,5.4119
GPT-2,decode,1,2.0,128,1 MB,0.0670,2.7059,2.7059
GPT-2,decode,1,2.0,256,1 MB,0.0670,1.3530,1.3530
GPT-2,decode,1,2.0,512,1 MB,0.0670,0.6765,0.6765
GPT-2,decode,1,4.0,4,1 MB,0.0335,86.5902,86.5902
GPT-2,decode,1,4.0,8,1 MB,0.0335,43.2951,43.2951
GPT-2,decode,1,4.0,16,1 MB,0.0335,21.6476,21.6476
GPT-2,decode,1,4.0,32,1 MB,0.0335,10.8238,10.8238
GPT-2,decode,1,4.0,64,1 MB,0.0335,5.4119,5.4119
GPT-2,decode,1,4.0,128,1 MB,0.0335,2.7059,2.7059
GPT-2,decode,1,4.0,256,1 MB,0.0335,1.3530,1.3530
GPT-2,decode,1,4.0,512,1 MB,0.0335,0.6765,0.6765
GPT-2,decode,1,8.0,4,1 MB,0.0167,86.5902,86.5902
GPT-2,decode,1,8.0,8,1 MB,0.0167,43.2951,43.2951
GPT-2,decode,1,8.0,16,1 MB,0.0167,21.6476,21.6476
GPT-2,decode,1,8.0,32,1 MB,0.0167,10.8238,10.8238
GPT-2,decode,1,8.0,64,1 MB,0.0167,5.4119,5.4119
GPT-2,decode,1,8.0,128,1 MB,0.0167,2.7059,2.7059
GPT-2,decode,1,8.0,256,1 MB,0.0167,1.3530,1.3530
GPT-2,decode,1,8.0,512,1 MB,0.0167,0.6765,0.6765
GPT-2,decode,1,16.0,4,1 MB,0.0084,86.5902,86.5902
GPT-2,decode,1,16.0,8,1 MB,0.0084,43.2951,43.2951
GPT-2,decode,1,16.0,16,1 MB,0.0084,21.6476,21.6476
GPT-2,decode,1,16.0,32,1 MB,0.0084,10.8238,10.8238
GPT-2,decode,1,16.0,64,1 MB,0.0084,5.4119,5.4119
GPT-2,decode,1,16.0,128,1 MB,0.0084,2.7059,2.7059
GPT-2,decode,1,16.0,256,1 MB,0.0084,1.3530,1.3530
GPT-2,decode,1,16.0,512,1 MB,0.0084,0.6765,0.6765
GPT-2,decode,1,32.0,4,1 MB,0.0042,86.5902,86.5902
GPT-2,decode,1,32.0,8,1 MB,0.0042,43.2951,43.2951
GPT-2,decode,1,32.0,16,1 MB,0.0042,21.6476,21.6476
GPT-2,decode,1,32.0,32,1 MB,0.0042,10.8238,10.8238
GPT-2,decode,1,32.0,64,1 MB,0.0042,5.4119,5.4119
GPT-2,decode,1,32.0,128,1 MB,0.0042,2.7059,2.7059
GPT-2,decode,1,32.0,256,1 MB,0.0042,1.3530,1.3530
GPT-2,decode,1,32.0,512,1 MB,0.0042,0.6765,0.6765
GPT-2,decode,1,64.0,4,1 MB,0.0021,86.5902,86.5902
GPT-2,decode,1,64.0,8,1 MB,0.0021,43.2951,43.2951
GPT-2,decode,1,64.0,16,1 MB,0.0021,21.6476,21.6476
GPT-2,decode,1,64.0,32,1 MB,0.0021,10.8238,10.8238
GPT-2,decode,1,64.0,64,1 MB,0.0021,5.4119,5.4119
GPT-2,decode,1,64.0,128,1 MB,0.0021,2.7059,2.7059
GPT-2,decode,1,64.0,256,1 MB,0.0021,1.3530,1.3530
GPT-2,decode,1,64.0,512,1 MB,0.0021,0.6765,0.6765
GPT-2,decode,1,0.5,4,4 MB,0.2679,86.5353,86.5353
GPT-2,decode,1,0.5,8,4 MB,0.2679,43.2677,43.2677
GPT-2,decode,1,0.5,16,4 MB,0.2679,21.6338,21.6338
GPT-2,decode,1,0.5,32,4 MB,0.2679,10.8169,10.8169
GPT-2,decode,1,0.5,64,4 MB,0.2679,5.4085,5.4085
GPT-2,decode,1,0.5,128,4 MB,0.2679,2.7042,2.7042
GPT-2,decode,1,0.5,256,4 MB,0.2679,1.3521,1.3522
GPT-2,decode,1,0.5,512,4 MB,0.2679,0.6761,0.6766
GPT-2,decode,1,1.0,4,4 MB,0.1339,86.5353,86.5353
GPT-2,decode,1,1.0,8,4 MB,0.1339,43.2677,43.2677
GPT-2,decode,1,1.0,16,4 MB,0.1339,21.6338,21.6338
GPT-2,decode,1,1.0,32,4 MB,0.1339,10.8169,10.8169
GPT-2,decode,1,1.0,64,4 MB,0.1339,5.4085,5.4085
GPT-2,decode,1,1.0,128,4 MB,0.1339,2.7042,2.7042
GPT-2,decode,1,1.0,256,4 MB,0.1339,1.3521,1.3521
GPT-2,decode,1,1.0,512,4 MB,0.1339,0.6761,0.6761
GPT-2,decode,1,2.0,4,4 MB,0.0670,86.5353,86.5353
GPT-2,decode,1,2.0,8,4 MB,0.0670,43.2677,43.2677
GPT-2,decode,1,2.0,16,4 MB,0.0670,21.6338,21.6338
GPT-2,decode,1,2.0,32,4 MB,0.0670,10.8169,10.8169
GPT-2,decode,1,2.0,64,4 MB,0.0670,5.4085,5.4085
GPT-2,decode,1,2.0,128,4 MB,0.0670,2.7042,2.7042
GPT-2,decode,1,2.0,256,4 MB,0.0670,1.3521,1.3521
GPT-2,decode,1,2.0,512,4 MB,0.0670,0.6761,0.6761
GPT-2,decode,1,4.0,4,4 MB,0.0335,86.5353,86.5353
GPT-2,decode,1,4.0,8,4 MB,0.0335,43.2677,43.2677
GPT-2,decode,1,4.0,16,4 MB,0.0335,21.6338,21.6338
GPT-2,decode,1,4.0,32,4 MB,0.0335,10.8169,10.8169
GPT-2,decode,1,4.0,64,4 MB,0.0335,5.4085,5.4085
GPT-2,decode,1,4.0,128,4 MB,0.0335,2.7042,2.7042
GPT-2,decode,1,4.0,256,4 MB,0.0335,1.3521,1.3521
GPT-2,decode,1,4.0,512,4 MB,0.0335,0.6761,0.6761
GPT-2,decode,1,8.0,4,4 MB,0.0167,86.5353,86.5353
GPT-2,decode,1,8.0,8,4 MB,0.0167,43.2677,43.2677
GPT-2,decode,1,8.0,16,4 MB,0.0167,21.6338,21.6338
GPT-2,decode,1,8.0,32,4 MB,0.0167,10.8169,10.8169
GPT-2,decode,1,8.0,64,4 MB,0.0167,5.4085,5.4085
GPT-2,decode,1,8.0,128,4 MB,0.0167,2.7042,2.7042
GPT-2,decode,1,8.0,256,4 MB,0.0167,1.3521,1.3521
GPT-2,decode,1,8.0,512,4 MB,0.0167,0.6761,0.6761
GPT-2,decode,1,16.0,4,4 MB,0.0084,86.5353,86.5353
GPT-2,decode,1,16.0,8,4 MB,0.0084,43.2677,43.2677
GPT-2,decode,1,16.0,16,4 MB,0.0084,21.6338,21.6338
GPT-2,decode,1,16.0,32,4 MB,0.0084,10.8169,10.8169
GPT-2,decode,1,16.0,64,4 MB,0.0084,5.4085,5.4085
GPT-2,decode,1,16.0,128,4 MB,0.0084,2.7042,2.7042
GPT-2,decode,1,16.0,256,4 MB,0.0084,1.3521,1.3521
GPT-2,decode,1,16.0,512,4 MB,0.0084,0.6761,0.6761
GPT-2,decode,1,32.0,4,4 MB,0.0042,86.5353,86.5353
GPT-2,decode,1,32.0,8,4 MB,0.0042,43.2677,43.2677
GPT-2,decode,1,32.0,16,4 MB,0.0042,21.6338,21.6338
GPT-2,decode,1,32.0,32,4 MB,0.0042,10.8169,10.8169
GPT-2,decode,1,32.0,64,4 MB,0.0042,5.4085,5.4085
GPT-2,decode,1,32.0,128,4 MB,0.0042,2.7042,2.7042
GPT-2,decode,1,32.0,256,4 MB,0.0042,1.3521,1.3521
GPT-2,decode,1,32.0,512,4 MB,0.0042,0.6761,0.6761
GPT-2,decode,1,64.0,4,4 MB,0.0021,86.5353,86.5353
GPT-2,decode,1,64.0,8,4 MB,0.0021,43.2677,43.2677
GPT-2,decode,1,64.0,16,4 MB,0.0021,21.6338,21.6338
GPT-2,decode,1,64.0,32,4 MB,0.0021,10.8169,10.8169
GPT-2,decode,1,64.0,64,4 MB,0.0021,5.4085,5.4085
GPT-2,decode,1,64.0,128,4 MB,0.0021,2.7042,2.7042
GPT-2,decode,1,64.0,256,4 MB,0.0021,1.3521,1.3521
GPT-2,decode,1,64.0,512,4 MB,0.0021,0.6761,0.6761
GPT-2,prefill,16,0.5,4,256 KB,2194.4992,5528.2115,5528.2115
GPT-2,prefill,16,0.5,8,256 KB,2194.4992,2764.1057,3002.5752
GPT-2,prefill,16,0.5,16,256 KB,2194.4992,1382.0529,2513.9415
GPT-2,prefill,16,0.5,32,256 KB,2194.4992,691.0264,2316.9238
GPT-2,prefill,16,0.5,64,256 KB,2194.4992,345.5132,2249.0292
GPT-2,prefill,16,0.5,128,256 KB,2194.4992,172.7566,2215.0819
GPT-2,prefill,16,0.5,256,256 KB,2194.4992,86.3783,2198.8254
GPT-2,prefill,16,0.5,512,256 KB,2194.4992,43.1892,2194.6792
GPT-2,prefill,16,1.0,4,256 KB,1097.2496,5528.2115,5528.2115
GPT-2,prefill,16,1.0,8,256 KB,1097.2496,2764.1057,2764.1057
GPT-2,prefill,16,1.0,16,256 KB,1097.2496,1382.0529,1501.2876
GPT-2,prefill,16,1.0,32,256 KB,1097.2496,691.0264,1256.9707
GPT-2,prefill,16,1.0,64,256 KB,1097.2496,345.5132,1158.4619
GPT-2,prefill,16,1.0,128,256 KB,1097.2496,172.7566,1124.5146
GPT-2,prefill,16,1.0,256,256 KB,1097.2496,86.3783,1107.5409
GPT-2,prefill,16,1.0,512,256 KB,1097.2496,43.1892,1099.4127
GPT-2,prefill,16,2.0,4,256 KB,548.6248,5528.2115,5528.2115
GPT-2,prefill,16,2.0,8,256 KB,548.6248,2764.1057,2764.1057
GPT-2,prefill,16,2.0,16,256 KB,548.6248,1382.0529,1382.0529
GPT-2,prefill,16,2.0,32,256 KB,548.6248,691.0264,750.6438
GPT-2,prefill,16,2.0,64,256 KB,548.6248,345.5132,628.4854
GPT-2,prefill,16,2.0,128,256 KB,548.6248,172.7566,579.2309
GPT-2,prefill,16,2.0,256,256 KB,548.6248,86.3783,562.2573
GPT-2,prefill,16,2.0,512,256 KB,548.6248,43.1892,553.7705
GPT-2,prefill,16,4.0,4,256 KB,274.3124,5528.2115,5528.2115
GPT-2,prefill,16,4.0,8,256 KB,274.3124,2764.1057,2764.1057
GPT-2,prefill,16,4.0,16,256 KB,274.3124,1382.0529,1382.0529
GPT-2,prefill,16,4.0,32,256 KB,274.3124,691.0264,691.0264
GPT-2,prefill,16,4.0,64,256 KB,274.3124,345.5132,375.3219
GPT-2,prefill,16,4.0,128,256 KB,274.3124,172.7566,314.2427
GPT-2,prefill,16,4.0,256,256 KB,274.3124,86.3783,289.6155
GPT-2,prefill,16,4.0,512,256 KB,274.3124,43.1892,281.1286
GPT-2,prefill,16,8.0,4,256 KB,137.1562,5528.2115,5528.2115
GPT-2,prefill,16,8.0,8,256 KB,137.1562,2764.1057,2764.1057
GPT-2,prefill,16,8.0,16,256 KB,137.1562,1382.0529,1382.0529
GPT-2,prefill,16,8.0,32,256 KB,137.1562,691.0264,691.0264
GPT-2,prefill,16,8.0,64,256 KB,137.1562,345.5132,345.5132
GPT-2,prefill,16,8.0,128,256 KB,137.1562,172.7566,187.6609
GPT-2,prefill,16,8.0,256,256 KB,137.1562,86.3783,157.1213
GPT-2,prefill,16,8.0,512,256 KB,137.1562,43.1892,144.8077
GPT-2,prefill,16,16.0,4,256 KB,68.5781,5528.2115,5528.2115
GPT-2,prefill,16,16.0,8,256 KB,68.5781,2764.1057,2764.1057
GPT-2,prefill,16,16.0,16,256 KB,68.5781,1382.0529,1382.0529
GPT-2,prefill,16,16.0,32,256 KB,68.5781,691.0264,691.0264
GPT-2,prefill,16,16.0,64,256 KB,68.5781,345.5132,345.5132
GPT-2,prefill,16,16.0,128,256 KB,68.5781,172.7566,172.7566
GPT-2,prefill,16,16.0,256,256 KB,68.5781,86.3783,93.8305
GPT-2,prefill,16,16.0,512,256 KB,68.5781,43.1892,78.5607
GPT-2,prefill,16,32.0,4,256 KB,34.2891,5528.2115,5528.2115
GPT-2,prefill,16,32.0,8,256 KB,34.2891,2764.1057,2764.1057
GPT-2,prefill,16,32.0,16,256 KB,34.2891,1382.0529,1382.0529
GPT-2,prefill,16,32.0,32,256 KB,34.2891,691.0264,691.0264
GPT-2,prefill,16,32.0,64,256 KB,34.2891,345.5132,345.5132
GPT-2,prefill,16,32.0,128,256 KB,34.2891,172.7566,172.7566
GPT-2,prefill,16,32.0,256,256 KB,34.2891,86.3783,86.3783
GPT-2,prefill,16,32.0,512,256 KB,34.2891,43.1892,46.9152
GPT-2,prefill,16,64.0,4,256 KB,17.1445,5528.2115,5528.2115
GPT-2,prefill,16,64.0,8,256 KB,17.1445,2764.1057,2764.1057
GPT-2,prefill,16,64.0,16,256 KB,17.1445,1382.0529,1382.0529
GPT-2,prefill,16,64.0,32,256 KB,17.1445,691.0264,691.0264
GPT-2,prefill,16,64.0,64,256 KB,17.1445,345.5132,345.5132
GPT-2,prefill,16,64.0,128,256 KB,17.1445,172.7566,172.7566
GPT-2,prefill,16,64.0,256,256 KB,17.1445,86.3783,86.3783
GPT-2,prefill,16,64.0,512,256 KB,17.1445,43.1892,43.1892
GPT-2,prefill,16,0.5,4,1 MB,2194.4992,4065.4990,4065.4990
GPT-2,prefill,16,0.5,8,1 MB,2194.4992,2032.7495,2945.9521
GPT-2,prefill,16,0.5,16,1 MB,2194.4992,1016.3748,2485.6299
GPT-2,prefill,16,0.5,32,1 MB,2194.4992,508.1874,2316.9238
GPT-2,prefill,16,0.5,64,1 MB,2194.4992,254.0937,2249.0292
GPT-2,prefill,16,0.5,128,1 MB,2194.4992,127.0468,2215.0819
GPT-2,prefill,16,0.5,256,1 MB,2194.4992,63.5234,2198.8254
GPT-2,prefill,16,0.5,512,1 MB,2194.4992,31.7617,2194.6792
GPT-2,prefill,16,1.0,4,1 MB,1097.2496,4065.4990,4065.4990
GPT-2,prefill,16,1.0,8,1 MB,1097.2496,2032.7495,2032.7495
GPT-2,prefill,16,1.0,16,1 MB,1097.2496,1016.3748,1472.9760
GPT-2,prefill,16,1.0,32,1 MB,1097.2496,508.1874,1242.8150
GPT-2,prefill,16,1.0,64,1 MB,1097.2496,254.0937,1158.4619
GPT-2,prefill,16,1.0,128,1 MB,1097.2496,127.0468,1124.5146
GPT-2,prefill,16,1.0,256,1 MB,1097.2496,63.5234,1107.5409
GPT-2,prefill,16,1.0,512,1 MB,1097.2496,31.7617,1099.4127
GPT-2,prefill,16,2.0,4,1 MB,548.6248,4065.4990,4065.4990
GPT-2,prefill,16,2.0,8,1 MB,548.6248,2032.7495,2032.7495
GPT-2,prefill,16,2.0,16,1 MB,548.6248,1016.3748,1016.3748
GPT-2,prefill,16,2.0,32,1 MB,548.6248,508.1874,736.4880
GPT-2,prefill,16,2.0,64,1 MB,548.6248,254.0937,621.4075
GPT-2,prefill,16,2.0,128,1 MB,548.6248,127.0468,579.2309
GPT-2,prefill,16,2.0,256,1 MB,548.6248,63.5234,562.2573
GPT-2,prefill,16,2.0,512,1 MB,548.6248,31.7617,553.7705
GPT-2,prefill,16,4.0,4,1 MB,274.3124,4065.4990,4065.4990
GPT-2,prefill,16,4.0,8,1 MB,274.3124,2032.7495,2032.7495
GPT-2,prefill,16,4.0,16,1 MB,274.3124,1016.3748,1016.3748
GPT-2,prefill,16,4.0,32,1 MB,274.3124,508.1874,508.1874
GPT-2,prefill,16,4.0,64,1 MB,274.3124,254.0937,368.2440
GPT-2,prefill,16,4.0,128,1 MB,274.3124,127.0468,310.7037
GPT-2,prefill,16,4.0,256,1 MB,274.3124,63.5234,289.6155
GPT-2,prefill,16,4.0,512,1 MB,274.3124,31.7617,281.1286
GPT-2,prefill,16,8.0,4,1 MB,137.1562,4065.4990,4065.4990
GPT-2,prefill,16,8.0,8,1 MB,137.1562,2032.7495,2032.7495
GPT-2,prefill,16,8.0,16,1 MB,137.1562,1016.3748,1016.3748
GPT-2,prefill,16,8.0,32,1 MB,137.1562,508.1874,508.1874
GPT-2,prefill,16,8.0,64,1 MB,137.1562,254.0937,254.0937
GPT-2,prefill,16,8.0,128,1 MB,137.1562,127.0468,184.1220
GPT-2,prefill,16,8.0,256,1 MB,137.1562,63.5234,155.3519
GPT-2,prefill,16,8.0,512,1 MB,137.1562,31.7617,144.8077
GPT-2,prefill,16,16.0,4,1 MB,68.5781,4065.4990,4065.4990
GPT-2,prefill,16,16.0,8,1 MB,68.5781,2032.7495,2032.7495
GPT-2,prefill,16,16.0,16,1 MB,68.5781,1016.3748,1016.3748
GPT-2,prefill,16,16.0,32,1 MB,68.5781,508.1874,508.1874
GPT-2,prefill,16,16.0,64,1 MB,68.5781,254.0937,254.0937
GPT-2,prefill,16,16.0,128,1 MB,68.5781,127.0468,127.0468
GPT-2,prefill,16,16.0,256,1 MB,68.5781,63.5234,92.0610
GPT-2,prefill,16,16.0,512,1 MB,68.5781,31.7617,77.6759
GPT-2,prefill,16,32.0,4,1 MB,34.2891,4065.4990,4065.4990
GPT-2,prefill,16,32.0,8,1 MB,34.2891,2032.7495,2032.7495
GPT-2,prefill,16,32.0,16,1 MB,34.2891,1016.3748,1016.3748
GPT-2,prefill,16,32.0,32,1 MB,34.2891,508.1874,508.1874
GPT-2,prefill,16,32.0,64,1 MB,34.2891,254.0937,254.0937
GPT-2,prefill,16,32.0,128,1 MB,34.2891,127.0468,127.0468
GPT-2,prefill,16,32.0,256,1 MB,34.2891,63.5234,63.5234
GPT-2,prefill,16,32.0,512,1 MB,34.2891,31.7617,46.0305
GPT-2,prefill,16,64.0,4,1 MB,17.1445,4065.4990,4065.4990
GPT-2,prefill,16,64.0,8,1 MB,17.1445,2032.7495,2032.7495
GPT-2,prefill,16,64.0,16,1 MB,17.1445,1016.3748,1016.3748
GPT-2,prefill,16,64.0,32,1 MB,17.1445,508.1874,508.1874
GPT-2,prefill,16,64.0,64,1 MB,17.1445,254.0937,254.0937
GPT-2,prefill,16,64.0,128,1 MB,17.1445,127.0468,127.0468
GPT-2,prefill,16,64.0,256,1 MB,17.1445,63.5234,63.5234
GPT-2,prefill,16,64.0,512,1 MB,17.1445,31.7617,31.7617
GPT-2,prefill,16,0.5,4,4 MB,2194.4992,3245.0638,3866.5963
GPT-2,prefill,16,0.5,8,4 MB,2194.4992,1622.5319,2945.9521
GPT-2,prefill,16,0.5,16,4 MB,2194.4992,811.2660,2485.6299
GPT-2,prefill,16,0.5,32,4 MB,2194.4992,405.6330,2316.9238
GPT-2,prefill,16,0.5,64,4 MB,2194.4992,202.8165,2249.0292
GPT-2,prefill,16,0.5,128,4 MB,2194.4992,101.4082,2215.0819
GPT-2,prefill,16,0.5,256,4 MB,2194.4992,50.7041,2198.8254
GPT-2,prefill,16,0.5,512,4 MB,2194.4992,25.3521,2194.6792
GPT-2,prefill,16,1.0,4,4 MB,1097.2496,3245.0638,3245.0638
GPT-2,prefill,16,1.0,8,4 MB,1097.2496,1622.5319,1933.2982
GPT-2,prefill,16,1.0,16,4 MB,1097.2496,811.2660,1472.9760
GPT-2,prefill,16,1.0,32,4 MB,1097.2496,405.6330,1242.8150
GPT-2,prefill,16,1.0,64,4 MB,1097.2496,202.8165,1158.4619
GPT-2,prefill,16,1.0,128,4 MB,1097.2496,101.4082,1124.5146
GPT-2,prefill,16,1.0,256,4 MB,1097.2496,50.7041,1107.5409
GPT-2,prefill,16,1.0,512,4 MB,1097.2496,25.3521,1099.4127
GPT-2,prefill,16,2.0,4,4 MB,548.6248,3245.0638,3245.0638
GPT-2,prefill,16,2.0,8,4 MB,548.6248,1622.5319,1622.5319
GPT-2,prefill,16,2.0,16,4 MB,548.6248,811.2660,966.6491
GPT-2,prefill,16,2.0,32,4 MB,548.6248,405.6330,736.4880
GPT-2,prefill,16,2.0,64,4 MB,548.6248,202.8165,621.4075
GPT-2,prefill,16,2.0,128,4 MB,548.6248,101.4082,579.2309
GPT-2,prefill,16,2.0,256,4 MB,548.6248,50.7041,562.2573
GPT-2,prefill,16,2.0,512,4 MB,548.6248,25.3521,553.7705
GPT-2,prefill,16,4.0,4,4 MB,274.3124,3245.0638,3245.0638
GPT-2,prefill,16,4.0,8,4 MB,274.3124,1622.5319,1622.5319
GPT-2,prefill,16,4.0,16,4 MB,274.3124,811.2660,811.2660
GPT-2,prefill,16,4.0,32,4 MB,274.3124,405.6330,483.3245
GPT-2,prefill,16,4.0,64,4 MB,274.3124,202.8165,368.2440
GPT-2,prefill,16,4.0,128,4 MB,274.3124,101.4082,310.7037
GPT-2,prefill,16,4.0,256,4 MB,274.3124,50.7041,289.6155
GPT-2,prefill,16,4.0,512,4 MB,274.3124,25.3521,281.1286
GPT-2,prefill,16,8.0,4,4 MB,137.1562,3245.0638,3245.0638
GPT-2,prefill,16,8.0,8,4 MB,137.1562,1622.5319,1622.5319
GPT-2,prefill,16,8.0,16,4 MB,137.1562,811.2660,811.2660
GPT-2,prefill,16,8.0,32,4 MB,137.1562,405.6330,405.6330
GPT-2,prefill,16,8.0,64,4 MB,137.1562,202.8165,241.6623
GPT-2,prefill,16,8.0,128,4 MB,137.1562,101.4082,184.1220
GPT-2,prefill,16,8.0,256,4 MB,137.1562,50.7041,155.3519
GPT-2,prefill,16,8.0,512,4 MB,137.1562,25.3521,144.8077
GPT-2,prefill,16,16.0,4,4 MB,68.5781,3245.0638,3245.0638
GPT-2,prefill,16,16.0,8,4 MB,68.5781,1622.5319,1622.5319
GPT-2,prefill,16,16.0,16,4 MB,68.5781,811.2660,811.2660
GPT-2,prefill,16,16.0,32,4 MB,68.5781,405.6330,405.6330
GPT-2,prefill,16,16.0,64,4 MB,68.5781,202.8165,202.8165
GPT-2,prefill,16,16.0,128,4 MB,68.5781,101.4082,120.8311
GPT-2,prefill,16,16.0,256,4 MB,68.5781,50.7041,92.0610
GPT-2,prefill,16,16.0,512,4 MB,68.5781,25.3521,77.6759
GPT-2,prefill,16,32.0,4,4 MB,34.2891,3245.0638,3245.0638
GPT-2,prefill,16,32.0,8,4 MB,34.2891,1622.5319,1622.5319
GPT-2,prefill,16,32.0,16,4 MB,34.2891,811.2660,811.2660
GPT-2,prefill,16,32.0,32,4 MB,34.2891,405.6330,405.6330
GPT-2,prefill,16,32.0,64,4 MB,34.2891,202.8165,202.8165
GPT-2,prefill,16,32.0,128,4 MB,34.2891,101.4082,101.4082
GPT-2,prefill,16,32.0,256,4 MB,34.2891,50.7041,60.4156
GPT-2,prefill,16,32.0,512,4 MB,34.2891,25.3521,46.0305
GPT-2,prefill,16,64.0,4,4 MB,17.1445,3245.0638,3245.0638
GPT-2,prefill,16,64.0,8,4 MB,17.1445,1622.5319,1622.5319
GPT-2,prefill,16,64.0,16,4 MB,17.1445,811.2660,811.2660
GPT-2,prefill,16,64.0,32,4 MB,17.1445,405.6330,405.6330
GPT-2,prefill,16,64.0,64,4 MB,17.1445,202.8165,202.8165
GPT-2,prefill,16,64.0,128,4 MB,17.1445,101.4082,101.4082
GPT-2,prefill,16,64.0,256,4 MB,17.1445,50.7041,50.7041
GPT-2,prefill,16,64.0,512,4 MB,17.1445,25.3521,30.2078
GPT-2,decode,16,0.5,4,256 KB,4.2861,164.6638,164.6638
GPT-2,decode,16,0.5,8,256 KB,4.2861,82.3319,82.3319
GPT-2,decode,16,0.5,16,256 KB,4.2861,41.1660,41.1660
GPT-2,decode,16,0.5,32,256 KB,4.2861,20.5830,20.5830
GPT-2,decode,16,0.5,64,256 KB,4.2861,10.2915,10.2915
GPT-2,decode,16,0.5,128,256 KB,4.2861,5.1457,7.0398
GPT-2,decode,16,0.5,256,256 KB,4.2861,2.5729,5.4992
GPT-2,decode,16,0.5,512,256 KB,4.2861,1.2864,4.7364
GPT-2,decode,16,1.0,4,256 KB,2.1431,164.6638,164.6638
GPT-2,decode,16,1.0,8,256 KB,2.1431,82.3319,82.3319
GPT-2,decode,16,1.0,16,256 KB,2.1431,41.1660,41.1660
GPT-2,decode,16,1.0,32,256 KB,2.1431,20.5830,20.5830
GPT-2,decode,16,1.0,64,256 KB,2.1431,10.2915,10.2915
GPT-2,decode,16,1.0,128,256 KB,2.1431,5.1457,5.1457
GPT-2,decode,16,1.0,256,256 KB,2.1431,2.5729,3.5199
GPT-2,decode,16,1.0,512,256 KB,2.1431,1.2864,2.7496
GPT-2,decode,16,2.0,4,256 KB,1.0715,164.6638,164.6638
GPT-2,decode,16,2.0,8,256 KB,1.0715,82.3319,82.3319
GPT-2,decode,16,2.0,16,256 KB,1.0715,41.1660,41.1660
GPT-2,decode,16,2.0,32,256 KB,1.0715,20.5830,20.5830
GPT-2,decode,16,2.0,64,256 KB,1.0715,10.2915,10.2915
GPT-2,decode,16,2.0,128,256 KB,1.0715,5.1457,5.1457
GPT-2,decode,16,2.0,256,256 KB,1.0715,2.5729,2.5729
GPT-2,decode,16,2.0,512,256 KB,1.0715,1.2864,1.7600
GPT-2,decode,16,4.0,4,256 KB,0.5358,164.6638,164.6638
GPT-2,decode,16,4.0,8,256 KB,0.5358,82.3319,82.3319
GPT-2,decode,16,4.0,16,256 KB,0.5358,41.1660,41.1660
GPT-2,decode,16,4.0,32,256 KB,0.5358,20.5830,20.5830
GPT-2,decode,16,4.0,64,256 KB,0.5358,10.2915,10.2915
GPT-2,decode,16,4.0,128,256 KB,0.5358,5.1457,5.1457
GPT-2,decode,16,4.0,256,256 KB,0.5358,2.5729,2.5729
GPT-2,decode,16,4.0,512,256 KB,0.5358,1.2864,1.2864
GPT-2,decode,16,8.0,4,256 KB,0.2679,164.6638,164.6638
GPT-2,decode,16,8.0,8,256 KB,0.2679,82.3319,82.3319
GPT-2,decode,16,8.0,16,256 KB,0.2679,41.1660,41.1660
GPT-2,decode,16,8.0,32,256 KB,0.2679,20.5830,20.5830
GPT-2,decode,16,8.0,64,256 KB,0.2679,10.2915,10.2915
GPT-2,decode,16,8.0,128,256 KB,0.2679,5.1457,5.1457
GPT-2,decode,16,8.0,256,256 KB,0.2679,2.5729,2.5729
GPT-2,decode,16,8.0,512,256 KB,0.2679,1.2864,1.2864
GPT-2,decode,16,16.0,4,256 KB,0.1339,164.6638,164.6638
GPT-2,decode,16,16.0,8,256 KB,0.1339,82.3319,82.3319
GPT-2,decode,16,16.0,16,256 KB,0.1339,41.1660,41.1660
GPT-2,decode,16,16.0,32,256 KB,0.1339,20.5830,20.5830
GPT-2,decode,16,16.0,64,256 KB,0.1339,10.2915,10.2915
GPT-2,decode,16,16.0,128,256 KB,0.1339,5.1457,5.1457
GPT-2,decode,16,16.0,256,256 KB,0.1339,2.5729,2.5729
GPT-2,decode,16,16.0,512,256 KB,0.1339,1.2864,1.2864
GPT-2,decode,16,32.0,4,256 KB,0.0670,164.6638,164.6638
GPT-2,decode,16,32.0,8,256 KB,0.0670,82.3319,82.3319
GPT-2,decode,16,32.0,16,256 KB,0.0670,41.1660,41.1660
GPT-2,decode,16,32.0,32,256 KB,0.0670,20.5830,20.5830
GPT-2,decode,16,32.0,64,256 KB,0.0670,10.2915,10.2915
GPT-2,decode,16,32.0,128,256 KB,0.0670,5.1457,5.1457
GPT-2,decode,16,32.0,256,256 KB,0.0670,2.5729,2.5729
GPT-2,decode,16,32.0,512,256 KB,0.0670,1.2864,1.2864
GPT-2,decode,16,64.0,4,256 KB,0.0335,164.6638,164.6638
GPT-2,decode,16,64.0,8,256 KB,0.0335,82.3319,82.3319
GPT-2,decode,16,64.0,16,256 KB,0.0335,41.1660,41.1660
GPT-2,decode,16,64.0,32,256 KB,0.0335,20.5830,20.5830
GPT-2,decode,16,64.0,64,256 KB,0.0335,10.2915,10.2915
GPT-2,decode,16,64.0,128,256 KB,0.0335,5.1457,5.1457
GPT-2,decode,16,64.0,256,256 KB,0.0335,2.5729,2.5729
GPT-2,decode,16,64.0,512,256 KB,0.0335,1.2864,1.2864
GPT-2,decode,16,0.5,4,1 MB,4.2861,163.2814,163.2814
GPT-2,decode,16,0.5,8,1 MB,4.2861,81.6407,81.6407
GPT-2,decode,16,0.5,16,1 MB,4.2861,40.8204,40.8204
GPT-2,decode,16,0.5,32,1 MB,4.2861,20.4102,20.4102
GPT-2,decode,16,0.5,64,1 MB,4.2861,10.2051,10.2051
GPT-2,decode,16,0.5,128,1 MB,4.2861,5.1025,7.0375
GPT-2,decode,16,0.5,256,1 MB,4.2861,2.5513,5.4980
GPT-2,decode,16,0.5,512,1 MB,4.2861,1.2756,4.7359
GPT-2,decode,16,1.0,4,1 MB,2.1431,163.2814,163.2814
GPT-2,decode,16,1.0,8,1 MB,2.1431,81.6407,81.6407
GPT-2,decode,16,1.0,16,1 MB,2.1431,40.8204,40.8204
GPT-2,decode,16,1.0,32,1 MB,2.1431,20.4102,20.4102
GPT-2,decode,16,1.0,64,1 MB,2.1431,10.2051,10.2051
GPT-2,decode,16,1.0,128,1 MB,2.1431,5.1025,5.1025
GPT-2,decode,16,1.0,256,1 MB,2.1431,2.5513,3.5188
GPT-2,decode,16,1.0,512,1 MB,2.1431,1.2756,2.7490
GPT-2,decode,16,2.0,4,1 MB,1.0715,163.2814,163.2814
GPT-2,decode,16,2.0,8,1 MB,1.0715,81.6407,81.6407
GPT-2,decode,16,2.0,16,1 MB,1.0715,40.8204,40.8204
GPT-2,decode,16,2.0,32,1 MB,1.0715,20.4102,20.4102
GPT-2,decode,16,2.0,64,1 MB,1.0715,10.2051,10.2051
GPT-2,decode,16,2.0,128,1 MB,1.0715,5.1025,5.1025
GPT-2,decode,16,2.0,256,1 MB,1.0715,2.5513,2.5513
GPT-2,decode,16,2.0,512,1 MB,1.0715,1.2756,1.7594
GPT-2,decode,16,4.0,4,1 MB,0.5358,163.2814,163.2814
GPT-2,decode,16,4.0,8,1 MB,0.5358,81.6407,81.6407
GPT-2,decode,16,4.0,16,1 MB,0.5358,40.8204,40.8204
GPT-2,decode,16,4.0,32,1 MB,0.5358,20.4102,20.4102
GPT-2,decode,16,4.0,64,1 MB,0.5358,10.2051,10.2051
GPT-2,decode,16,4.0,128,1 MB,0.5358,5.1025,5.1025
GPT-2,decode,16,4.0,256,1 MB,0.5358,2.5513,2.5513
GPT-2,decode,16,4.0,512,1 MB,0.5358,1.2756,1.2756
GPT-2,decode,16,8.0,4,1 MB,0.2679,163.2814,163.2814
GPT-2,decode,16,8.0,8,1 MB,0.2679,81.6407,81.6407
GPT-2,decode,16,8.0,16,1 MB,0.2679,40.8204,40.8204
GPT-2,decode,16,8.0,32,1 MB,0.2679,20.4102,20.4102
GPT-2,decode,16,8.0,64,1 MB,0.2679,10.2051,10.2051
GPT-2,decode,16,8.0,128,1 MB,0.2679,5.1025,5.1025
GPT-2,decode,16,8.0,256,1 MB,0.2679,2.5513,2.5513
GPT-2,decode,16,8.0,512,1 MB,0.2679,1.2756,1.2756
GPT-2,decode,16,16.0,4,1 MB,0.1339,163.2814,163.2814
GPT-2,decode,16,16.0,8,1 MB,0.1339,81.6407,81.6407
GPT-2,decode,16,16.0,16,1 MB,0.1339,40.8204,40.8204
GPT-2,decode,16,16.0,32,1 MB,0.1339,20.4102,20.4102
GPT-2,decode,16,16.0,64,1 MB,0.1339,10.2051,10.2051
GPT-2,decode,16,16.0,128,1 MB,0.1339,5.1025,5.1025
GPT-2,decode,16,16.0,256,1 MB,0.1339,2.5513,2.5513
GPT-2,decode,16,16.0,512,1 MB,0.1339,1.2756,1.2756
GPT-2,decode,16,32.0,4,1 MB,0.0670,163.2814,163.2814
GPT-2,decode,16,32.0,8,1 MB,0.0670,81.6407,81.6407
GPT-2,decode,16,32.0,16,1 MB,0.0670,40.8204,40.8204
GPT-2,decode,16,32.0,32,1 MB,0.0670,20.4102,20.4102
GPT-2,decode,16,32.0,64,1 MB,0.0670,10.2051,10.2051
GPT-2,decode,16,32.0,128,1 MB,0.0670,5.1025,5.1025
GPT-2,decode,16,32.0,256,1 MB,0.0670,2.5513,2.5513
GPT-2,decode,16,32.0,512,1 MB,0.0670,1.2756,1.2756
GPT-2,decode,16,64.0,4,1 MB,0.0335,163.2814,163.2814
GPT-2,decode,16,64.0,8,1 MB,0.0335,81.6407,81.6407
GPT-2,decode,16,64.0,16,1 MB,0.0335,40.8204,40.8204
GPT-2,decode,16,64.0,32,1 MB,0.0335,20.4102,20.4102
GPT-2,decode,16,64.0,64,1 MB,0.0335,10.2051,10.2051
GPT-2,decode,16,64.0,128,1 MB,0.0335,5.1025,5.1025
GPT-2,decode,16,64.0,256,1 MB,0.0335,2.5513,2.5513
GPT-2,decode,16,64.0,512,1 MB,0.0335,1.2756,1.2756
GPT-2,decode,16,0.5,4,4 MB,4.2861,162.4028,162.4028
GPT-2,decode,16,0.5,8,4 MB,4.2861,81.2014,81.2014
GPT-2,decode,16,0.5,16,4 MB,4.2861,40.6007,40.6007
GPT-2,decode,16,0.5,32,4 MB,4.2861,20.3004,20.3004
GPT-2,decode,16,0.5,64,4 MB,4.2861,10.1502,10.1502
GPT-2,decode,16,0.5,128,4 MB,4.2861,5.0751,7.0375
GPT-2,decode,16,0.5,256,4 MB,4.2861,2.5375,5.4980
GPT-2,decode,16,0.5,512,4 MB,4.2861,1.2688,4.7359
GPT-2,decode,16,1.0,4,4 MB,2.1431,162.4028,162.4028
GPT-2,decode,16,1.0,8,4 MB,2.1431,81.2014,81.2014
GPT-2,decode,16,1.0,16,4 MB,2.1431,40.6007,40.6007
GPT-2,decode,16,1.0,32,4 MB,2.1431,20.3004,20.3004
GPT-2,decode,16,1.0,64,4 MB,2.1431,10.1502,10.1502
GPT-2,decode,16,1.0,128,4 MB,2.1431,5.0751,5.0751
GPT-2,decode,16,1.0,256,4 MB,2.1431,2.5375,3.5188
GPT-2,decode,16,1.0,512,4 MB,2.1431,1.2688,2.7490
GPT-2,decode,16,2.0,4,4 MB,1.0715,162.4028,162.4028
GPT-2,decode,16,2.0,8,4 MB,1.0715,81.2014,81.2014
GPT-2,decode,16,2.0,16,4 MB,1.0715,40.6007,40.6007
GPT-2,decode,16,2.0,32,4 MB,1.0715,20.3004,20.3004
GPT-2,decode,16,2.0,64,4 MB,1.0715,10.1502,10.1502
GPT-2,decode,16,2.0,128,4 MB,1.0715,5.0751,5.0751
GPT-2,decode,16,2.0,256,4 MB,1.0715,2.5375,2.5375
GPT-2,decode,16,2.0,512,4 MB,1.0715,1.2688,1.7594
GPT-2,decode,16,4.0,4,4 MB,0.5358,162.4028,162.4028
GPT-2,decode,16,4.0,8,4 MB,0.5358,81.2014,81.2014
GPT-2,decode,16,4.0,16,4 MB,0.5358,40.6007,40.6007
GPT-2,decode,16,4.0,32,4 MB,0.5358,20.3004,20.3004
GPT-2,decode,16,4.0,64,4 MB,0.5358,10.1502,10.1502
GPT-2,decode,16,4.0,128,4 MB,0.5358,5.0751,5.0751
GPT-2,decode,16,4.0,256,4 MB,0.5358,2.5375,2.5375
GPT-2,decode,16,4.0,512,4 MB,0.5358,1.2688,1.2688
GPT-2,decode,16,8.0,4,4 MB,0.2679,162.4028,162.4028
GPT-2,decode,16,8.0,8,4 MB,0.2679,81.2014,81.2014
GPT-2,decode,16,8.0,16,4 MB,0.2679,40.6007,40.6007
GPT-2,decode,16,8.0,32,4 MB,0.2679,20.3004,20.3004
GPT-2,decode,16,8.0,64,4 MB,0.2679,10.1502,10.1502
GPT-2,decode,16,8.0,128,4 MB,0.2679,5.0751,5.0751
GPT-2,decode,16,8.0,256,4 MB,0.2679,2.5375,2.5375
GPT-2,decode,16,8.0,512,4 MB,0.2679,1.2688,1.2688
GPT-2,decode,16,16.0,4,4 MB,0.1339,162.4028,162.4028
GPT-2,decode,16,16.0,8,4 MB,0.1339,81.2014,81.2014
GPT-2,decode,16,16.0,16,4 MB,0.1339,40.6007,40.6007
GPT-2,decode,16,16.0,32,4 MB,0.1339,20.3004,20.3004
GPT-2,decode,16,16.0,64,4 MB,0.1339,10.1502,10.1502
GPT-2,decode,16,16.0,128,4 MB,0.1339,5.0751,5.0751
GPT-2,decode,16,16.0,256,4 MB,0.1339,2.5375,2.5375
GPT-2,decode,16,16.0,512,4 MB,0.1339,1.2688,1.2688
GPT-2,decode,16,32.0,4,4 MB,0.0670,162.4028,162.4028
GPT-2,decode,16,32.0,8,4 MB,0.0670,81.2014,81.2014
GPT-2,decode,16,32.0,16,4 MB,0.0670,40.6007,40.6007
GPT-2,decode,16,32.0,32,4 MB,0.0670,20.3004,20.3004
GPT-2,decode,16,32.0,64,4 MB,0.0670,10.1502,10.1502
GPT-2,decode,16,32.0,128,4 MB,0.0670,5.0751,5.0751
GPT-2,decode,16,32.0,256,4 MB,0.0670,2.5375,2.5375
GPT-2,decode,16,32.0,512,4 MB,0.0670,1.2688,1.2688
GPT-2,decode,16,64.0,4,4 MB,0.0335,162.4028,162.4028
GPT-2,decode,16,64.0,8,4 MB,0.0335,81.2014,81.2014
GPT-2,decode,16,64.0,16,4 MB,0.0335,40.6007,40.6007
GPT-2,decode,16,64.0,32,4 MB,0.0335,20.3004,20.3004
GPT-2,decode,16,64.0,64,4 MB,0.0335,10.1502,10.1502
GPT-2,decode,16,64.0,128,4 MB,0.0335,5.0751,5.0751
GPT-2,decode,16,64.0,256,4 MB,0.0335,2.5375,2.5375
GPT-2,decode,16,64.0,512,4 MB,0.0335,1.2688,1.2688
SmolLM2-135M,prefill,1,0.5,4,256 KB,156.9973,543.5245,543.5245
SmolLM2-135M,prefill,1,0.5,8,256 KB,156.9973,271.7623,271.7623
SmolLM2-135M,prefill,1,0.5,16,256 KB,156.9973,135.8811,198.2631
SmolLM2-135M,prefill,1,0.5,32,256 KB,156.9973,67.9406,173.5281
SmolLM2-135M,prefill,1,0.5,64,256 KB,156.9973,33.9703,164.7482
SmolLM2-135M,prefill,1,0.5,128,256 KB,156.9973,16.9851,160.3583
SmolLM2-135M,prefill,1,0.5,256,256 KB,156.9973,8.4926,158.1633
SmolLM2-135M,prefill,1,0.5,512,256 KB,156.9973,4.2463,157.2241
SmolLM2-135M,prefill,1,1.0,4,256 KB,78.4987,543.5245,543.5245
SmolLM2-135M,prefill,1,1.0,8,256 KB,78.4987,271.7623,271.7623
SmolLM2-135M,prefill,1,1.0,16,256 KB,78.4987,135.8811,135.8811
SmolLM2-135M,prefill,1,1.0,32,256 KB,78.4987,67.9406,99.1315
SmolLM2-135M,prefill,1,1.0,64,256 KB,78.4987,33.9703,86.7641
SmolLM2-135M,prefill,1,1.0,128,256 KB,78.4987,16.9851,82.3741
SmolLM2-135M,prefill,1,1.0,256,256 KB,78.4987,8.4926,80.1791
SmolLM2-135M,prefill,1,1.0,512,256 KB,78.4987,4.2463,79.0817
SmolLM2-135M,prefill,1,2.0,4,256 KB,39.2493,543.5245,543.5245
SmolLM2-135M,prefill,1,2.0,8,256 KB,39.2493,271.7623,271.7623
SmolLM2-135M,prefill,1,2.0,16,256 KB,39.2493,135.8811,135.8811
SmolLM2-135M,prefill,1,2.0,32,256 KB,39.2493,67.9406,67.9406
SmolLM2-135M,prefill,1,2.0,64,256 KB,39.2493,33.9703,49.5658
SmolLM2-135M,prefill,1,2.0,128,256 KB,39.2493,16.9851,43.3820
SmolLM2-135M,prefill,1,2.0,256,256 KB,39.2493,8.4926,41.1871
SmolLM2-135M,prefill,1,2.0,512,256 KB,39.2493,4.2463,40.0896
SmolLM2-135M,prefill,1,4.0,4,256 KB,19.6247,543.5245,543.5245
SmolLM2-135M,prefill,1,4.0,8,256 KB,19.6247,271.7623,271.7623
SmolLM2-135M,prefill,1,4.0,16,256 KB,19.6247,135.8811,135.8811
SmolLM2-135M,prefill,1,4.0,32,256 KB,19.6247,67.9406,67.9406
SmolLM2-135M,prefill,1,4.0,64,256 KB,19.6247,33.9703,33.9703
SmolLM2-135M,prefill,1,4.0,128,256 KB,19.6247,16.9851,24.7829
SmolLM2-135M,prefill,1,4.0,256,256 KB,19.6247,8.4926,21.6910
SmolLM2-135M,prefill,1,4.0,512,256 KB,19.6247,4.2463,20.5935
SmolLM2-135M,prefill,1,8.0,4,256 KB,9.8123,543.5245,543.5245
SmolLM2-135M,prefill,1,8.0,8,256 KB,9.8123,271.7623,271.7623
SmolLM2-135M,prefill,1,8.0,16,256 KB,9.8123,135.8811,135.8811
SmolLM2-135M,prefill,1,8.0,32,256 KB,9.8123,67.9406,67.9406
SmolLM2-135M,prefill,1,8.0,64,256 KB,9.8123,33.9703,33.9703
SmolLM2-135M,prefill,1,8.0,128,256 KB,9.8123,16.9851,16.9851
SmolLM2-135M,prefill,1,8.0,256,256 KB,9.8123,8.4926,12.3914
SmolLM2-135M,prefill,1,8.0,512,256 KB,9.8123,4.2463,10.8455
SmolLM2-135M,prefill,1,16.0,4,256 KB,4.9062,543.5245,543.5245
SmolLM2-135M,prefill,1,16.0,8,256 KB,4.9062,271.7623,271.7623
SmolLM2-135M,prefill,1,16.0,16,256 KB,4.9062,135.8811,135.8811
SmolLM2-135M,prefill,1,16.0,32,256 KB,4.9062,67.9406,67.9406
SmolLM2-135M,prefill,1,16.0,64,256 KB,4.9062,33.9703,33.9703
SmolLM2-135M,prefill,1,16.0,128,256 KB,4.9062,16.9851,16.9851
SmolLM2-135M,prefill,1,16.0,256,256 KB,4.9062,8.4926,8.4926
SmolLM2-135M,prefill,1,16.0,512,256 KB,4.9062,4.2463,6.1957
SmolLM2-135M,prefill,1,32.0,4,256 KB,2.4531,543.5245,543.5245
SmolLM2-135M,prefill,1,32.0,8,256 KB,2.4531,271.7623,271.7623
SmolLM2-135M,prefill,1,32.0,16,256 KB,2.4531,135.8811,135.8811
SmolLM2-135M,prefill,1,32.0,32,256 KB,2.4531,67.9406,67.9406
SmolLM2-135M,prefill,1,32.0,64,256 KB,2.4531,33.9703,33.9703
SmolLM2-135M,prefill,1,32.0,128,256 KB,2.4531,16.9851,16.9851
SmolLM2-135M,prefill,1,32.0,256,256 KB,2.4531,8.4926,8.4926
SmolLM2-135M,prefill,1,32.0,512,256 KB,2.4531,4.2463,4.2463
SmolLM2-135M,prefill,1,64.0,4,256 KB,1.2265,543.5245,543.5245
SmolLM2-135M,prefill,1,64.0,8,256 KB,1.2265,271.7623,271.7623
SmolLM2-135M,prefill,1,64.0,16,256 KB,1.2265,135.8811,135.8811
SmolLM2-135M,prefill,1,64.0,32,256 KB,1.2265,67.9406,67.9406
SmolLM2-135M,prefill,1,64.0,64,256 KB,1.2265,33.9703,33.9703
SmolLM2-135M,prefill,1,64.0,128,256 KB,1.2265,16.9851,16.9851
SmolLM2-135M,prefill,1,64.0,256,256 KB,1.2265,8.4926,8.4926
SmolLM2-135M,prefill,1,64.0,512,256 KB,1.2265,4.2463,4.2463
SmolLM2-135M,prefill,1,0.5,4,1 MB,156.9973,414.6480,414.6480
SmolLM2-135M,prefill,1,0.5,8,1 MB,156.9973,207.3240,252.1833
SmolLM2-135M,prefill,1,0.5,16,1 MB,156.9973,103.6620,194.9453
SmolLM2-135M,prefill,1,0.5,32,1 MB,156.9973,51.8310,173.5281
SmolLM2-135M,prefill,1,0.5,64,1 MB,156.9973,25.9155,164.7482
SmolLM2-135M,prefill,1,0.5,128,1 MB,156.9973,12.9577,160.3583
SmolLM2-135M,prefill,1,0.5,256,1 MB,156.9973,6.4789,158.1633
SmolLM2-135M,prefill,1,0.5,512,1 MB,156.9973,3.2394,157.2241
SmolLM2-135M,prefill,1,1.0,4,1 MB,78.4987,414.6480,414.6480
SmolLM2-135M,prefill,1,1.0,8,1 MB,78.4987,207.3240,207.3240
SmolLM2-135M,prefill,1,1.0,16,1 MB,78.4987,103.6620,126.0916
SmolLM2-135M,prefill,1,1.0,32,1 MB,78.4987,51.8310,97.4727
SmolLM2-135M,prefill,1,1.0,64,1 MB,78.4987,25.9155,86.7641
SmolLM2-135M,prefill,1,1.0,128,1 MB,78.4987,12.9577,82.3741
SmolLM2-135M,prefill,1,1.0,256,1 MB,78.4987,6.4789,80.1791
SmolLM2-135M,prefill,1,1.0,512,1 MB,78.4987,3.2394,79.0817
SmolLM2-135M,prefill,1,2.0,4,1 MB,39.2493,414.6480,414.6480
SmolLM2-135M,prefill,1,2.0,8,1 MB,39.2493,207.3240,207.3240
SmolLM2-135M,prefill,1,2.0,16,1 MB,39.2493,103.6620,103.6620
SmolLM2-135M,prefill,1,2.0,32,1 MB,39.2493,51.8310,63.0458
SmolLM2-135M,prefill,1,2.0,64,1 MB,39.2493,25.9155,48.7363
SmolLM2-135M,prefill,1,2.0,128,1 MB,39.2493,12.9577,43.3820
SmolLM2-135M,prefill,1,2.0,256,1 MB,39.2493,6.4789,41.1871
SmolLM2-135M,prefill,1,2.0,512,1 MB,39.2493,3.2394,40.0896
SmolLM2-135M,prefill,1,4.0,4,1 MB,19.6247,414.6480,414.6480
SmolLM2-135M,prefill,1,4.0,8,1 MB,19.6247,207.3240,207.3240
SmolLM2-135M,prefill,1,4.0,16,1 MB,19.6247,103.6620,103.6620
SmolLM2-135M,prefill,1,4.0,32,1 MB,19.6247,51.8310,51.8310
SmolLM2-135M,prefill,1,4.0,64,1 MB,19.6247,25.9155,31.5229
SmolLM2-135M,prefill,1,4.0,128,1 MB,19.6247,12.9577,24.3682
SmolLM2-135M,prefill,1,4.0,256,1 MB,19.6247,6.4789,21.6910
SmolLM2-135M,prefill,1,4.0,512,1 MB,19.6247,3.2394,20.5935
SmolLM2-135M,prefill,1,8.0,4,1 MB,9.8123,414.6480,414.6480
SmolLM2-135M,prefill,1,8.0,8,1 MB,9.8123,207.3240,207.3240
SmolLM2-135M,prefill,1,8.0,16,1 MB,9.8123,103.6620,103.6620
SmolLM2-135M,prefill,1,8.0,32,1 MB,9.8123,51.8310,51.8310
SmolLM2-135M,prefill,1,8.0,64,1 MB,9.8123,25.9155,25.9155
SmolLM2-135M,prefill,1,8.0,128,1 MB,9.8123,12.9577,15.7615
SmolLM2-135M,prefill,1,8.0,256,1 MB,9.8123,6.4789,12.1841
SmolLM2-135M,prefill,1,8.0,512,1 MB,9.8123,3.2394,10.8455
SmolLM2-135M,prefill,1,16.0,4,1 MB,4.9062,414.6480,414.6480
SmolLM2-135M,prefill,1,16.0,8,1 MB,4.9062,207.3240,207.3240
SmolLM2-135M,prefill,1,16.0,16,1 MB,4.9062,103.6620,103.6620
SmolLM2-135M,prefill,1,16.0,32,1 MB,4.9062,51.8310,51.8310
SmolLM2-135M,prefill,1,16.0,64,1 MB,4.9062,25.9155,25.9155
SmolLM2-135M,prefill,1,16.0,128,1 MB,4.9062,12.9577,12.9577
SmolLM2-135M,prefill,1,16.0,256,1 MB,4.9062,6.4789,7.8807
SmolLM2-135M,prefill,1,16.0,512,1 MB,4.9062,3.2394,6.0920
SmolLM2-135M,prefill,1,32.0,4,1 MB,2.4531,414.6480,414.6480
SmolLM2-135M,prefill,1,32.0,8,1 MB,2.4531,207.3240,207.3240
SmolLM2-135M,prefill,1,32.0,16,1 MB,2.4531,103.6620,103.6620
SmolLM2-135M,prefill,1,32.0,32,1 MB,2.4531,51.8310,51.8310
SmolLM2-135M,prefill,1,32.0,64,1 MB,2.4531,25.9155,25.9155
SmolLM2-135M,prefill,1,32.0,128,1 MB,2.4531,12.9577,12.9577
SmolLM2-135M,prefill,1,32.0,256,1 MB,2.4531,6.4789,6.4789
SmolLM2-135M,prefill,1,32.0,512,1 MB,2.4531,3.2394,3.9404
SmolLM2-135M,prefill,1,64.0,4,1 MB,1.2265,414.6480,414.6480
SmolLM2-135M,prefill,1,64.0,8,1 MB,1.2265,207.3240,207.3240
SmolLM2-135M,prefill,1,64.0,16,1 MB,1.2265,103.6620,103.6620
SmolLM2-135M,prefill,1,64.0,32,1 MB,1.2265,51.8310,51.8310
SmolLM2-135M,prefill,1,64.0,64,1 MB,1.2265,25.9155,25.9155
SmolLM2-135M,prefill,1,64.0,128,1 MB,1.2265,12.9577,12.9577
SmolLM2-135M,prefill,1,64.0,256,1 MB,1.2265,6.4789,6.4789
SmolLM2-135M,prefill,1,64.0,512,1 MB,1.2265,3.2394,3.2394
SmolLM2-135M,prefill,1,0.5,4,4 MB,156.9973,400.7871,400.7871
SmolLM2-135M,prefill,1,0.5,8,4 MB,156.9973,200.3936,252.1833
SmolLM2-135M,prefill,1,0.5,16,4 MB,156.9973,100.1968,194.9453
SmolLM2-135M,prefill,1,0.5,32,4 MB,156.9973,50.0984,173.5281
SmolLM2-135M,prefill,1,0.5,64,4 MB,156.9973,25.0492,164.7482
SmolLM2-135M,prefill,1,0.5,128,4 MB,156.9973,12.5246,160.3583
SmolLM2-135M,prefill,1,0.5,256,4 MB,156.9973,6.2623,158.1633
SmolLM2-135M,prefill,1,0.5,512,4 MB,156.9973,3.1311,157.2241
SmolLM2-135M,prefill,1,1.0,4,4 MB,78.4987,400.7871,400.7871
SmolLM2-135M,prefill,1,1.0,8,4 MB,78.4987,200.3936,200.3936
SmolLM2-135M,prefill,1,1.0,16,4 MB,78.4987,100.1968,126.0916
SmolLM2-135M,prefill,1,1.0,32,4 MB,78.4987,50.0984,97.4727
SmolLM2-135M,prefill,1,1.0,64,4 MB,78.4987,25.0492,86.7641
SmolLM2-135M,prefill,1,1.0,128,4 MB,78.4987,12.5246,82.3741
SmolLM2-135M,prefill,1,1.0,256,4 MB,78.4987,6.2623,80.1791
SmolLM2-135M,prefill,1,1.0,512,4 MB,78.4987,3.1311,79.0817
SmolLM2-135M,prefill,1,2.0,4,4 MB,39.2493,400.7871,400.7871
SmolLM2-135M,prefill,1,2.0,8,4 MB,39.2493,200.3936,200.3936
SmolLM2-135M,prefill,1,2.0,16,4 MB,39.2493,100.1968,100.1968
SmolLM2-135M,prefill,1,2.0,32,4 MB,39.2493,50.0984,63.0458
SmolLM2-135M,prefill,1,2.0,64,4 MB,39.2493,25.0492,48.7363
SmolLM2-135M,prefill,1,2.0,128,4 MB,39.2493,12.5246,43.3820
SmolLM2-135M,prefill,1,2.0,256,4 MB,39.2493,6.2623,41.1871
SmolLM2-135M,prefill,1,2.0,512,4 MB,39.2493,3.1311,40.0896
SmolLM2-135M,prefill,1,4.0,4,4 MB,19.6247,400.7871,400.7871
SmolLM2-135M,prefill,1,4.0,8,4 MB,19.6247,200.3936,200.3936
SmolLM2-135M,prefill,1,4.0,16,4 MB,19.6247,100.1968,100.1968
SmolLM2-135M,prefill,1,4.0,32,4 MB,19.6247,50.0984,50.0984
SmolLM2-135M,prefill,1,4.0,64,4 MB,19.6247,25.0492,31.5229
SmolLM2-135M,prefill,1,4.0,128,4 MB,19.6247,12.5246,24.3682
SmolLM2-135M,prefill,1,4.0,256,4 MB,19.6247,6.2623,21.6910
SmolLM2-135M,prefill,1,4.0,512,4 MB,19.6247,3.1311,20.5935
SmolLM2-135M,prefill,1,8.0,4,4 MB,9.8123,400.7871,400.7871
SmolLM2-135M,prefill,1,8.0,8,4 MB,9.8123,200.3936,200.3936
SmolLM2-135M,prefill,1,8.0,16,4 MB,9.8123,100.1968,100.1968
SmolLM2-135M,prefill,1,8.0,32,4 MB,9.8123,50.0984,50.0984
SmolLM2-135M,prefill,1,8.0,64,4 MB,9.8123,25.0492,25.0492
SmolLM2-135M,prefill,1,8.0,128,4 MB,9.8123,12.5246,15.7615
SmolLM2-135M,prefill,1,8.0,256,4 MB,9.8123,6.2623,12.1841
SmolLM2-135M,prefill,1,8.0,512,4 MB,9.8123,3.1311,10.8455
SmolLM2-135M,prefill,1,16.0,4,4 MB,4.9062,400.7871,400.7871
SmolLM2-135M,prefill,1,16.0,8,4 MB,4.9062,200.3936,200.3936
SmolLM2-135M,prefill,1,16.0,16,4 MB,4.9062,100.1968,100.1968
SmolLM2-135M,prefill,1,16.0,32,4 MB,4.9062,50.0984,50.0984
SmolLM2-135M,prefill,1,16.0,64,4 MB,4.9062,25.0492,25.0492
SmolLM2-135M,prefill,1,16.0,128,4 MB,4.9062,12.5246,12.5246
SmolLM2-135M,prefill,1,16.0,256,4 MB,4.9062,6.2623,7.8807
SmolLM2-135M,prefill,1,16.0,512,4 MB,4.9062,3.1311,6.0920
SmolLM2-135M,prefill,1,32.0,4,4 MB,2.4531,400.7871,400.7871
SmolLM2-135M,prefill,1,32.0,8,4 MB,2.4531,200.3936,200.3936
SmolLM2-135M,prefill,1,32.0,16,4 MB,2.4531,100.1968,100.1968
SmolLM2-135M,prefill,1,32.0,32,4 MB,2.4531,50.0984,50.0984
SmolLM2-135M,prefill,1,32.0,64,4 MB,2.4531,25.0492,25.0492
SmolLM2-135M,prefill,1,32.0,128,4 MB,2.4531,12.5246,12.5246
SmolLM2-135M,prefill,1,32.0,256,4 MB,2.4531,6.2623,6.2623
SmolLM2-135M,prefill,1,32.0,512,4 MB,2.4531,3.1311,3.9404
SmolLM2-135M,prefill,1,64.0,4,4 MB,1.2265,400.7871,400.7871
SmolLM2-135M,prefill,1,64.0,8,4 MB,1.2265,200.3936,200.3936
SmolLM2-135M,prefill,1,64.0,16,4 MB,1.2265,100.1968,100.1968
SmolLM2-135M,prefill,1,64.0,32,4 MB,1.2265,50.0984,50.0984
SmolLM2-135M,prefill,1,64.0,64,4 MB,1.2265,25.0492,25.0492
SmolLM2-135M,prefill,1,64.0,128,4 MB,1.2265,12.5246,12.5246
SmolLM2-135M,prefill,1,64.0,256,4 MB,1.2265,6.2623,6.2623
SmolLM2-135M,prefill,1,64.0,512,4 MB,1.2265,3.1311,3.1311
SmolLM2-135M,decode,1,0.5,4,256 KB,0.3066,90.9973,90.9973
SmolLM2-135M,decode,1,0.5,8,256 KB,0.3066,45.4987,45.4987
SmolLM2-135M,decode,1,0.5,16,256 KB,0.3066,22.7493,22.7493
SmolLM2-135M,decode,1,0.5,32,256 KB,0.3066,11.3747,11.3747
SmolLM2-135M,decode,1,0.5,64,256 KB,0.3066,5.6873,5.6873
SmolLM2-135M,decode,1,0.5,128,256 KB,0.3066,2.8437,2.8437
SmolLM2-135M,decode,1,0.5,256,256 KB,0.3066,1.4218,1.4218
SmolLM2-135M,decode,1,0.5,512,256 KB,0.3066,0.7109,0.7112
SmolLM2-135M,decode,1,1.0,4,256 KB,0.1533,90.9973,90.9973
SmolLM2-135M,decode,1,1.0,8,256 KB,0.1533,45.4987,45.4987
SmolLM2-135M,decode,1,1.0,16,256 KB,0.1533,22.7493,22.7493
SmolLM2-135M,decode,1,1.0,32,256 KB,0.1533,11.3747,11.3747
SmolLM2-135M,decode,1,1.0,64,256 KB,0.1533,5.6873,5.6873
SmolLM2-135M,decode,1,1.0,128,256 KB,0.1533,2.8437,2.8437
SmolLM2-135M,decode,1,1.0,256,256 KB,0.1533,1.4218,1.4218
SmolLM2-135M,decode,1,1.0,512,256 KB,0.1533,0.7109,0.7109
SmolLM2-135M,decode,1,2.0,4,256 KB,0.0767,90.9973,90.9973
SmolLM2-135M,decode,1,2.0,8,256 KB,0.0767,45.4987,45.4987
SmolLM2-135M,decode,1,2.0,16,256 KB,0.0767,22.7493,22.7493
SmolLM2-135M,decode,1,2.0,32,256 KB,0.0767,11.3747,11.3747
SmolLM2-135M,decode,1,2.0,64,256 KB,0.0767,5.6873,5.6873
SmolLM2-135M,decode,1,2.0,128,256 KB,0.0767,2.8437,2.8437
SmolLM2-135M,decode,1,2.0,256,256 KB,0.0767,1.4218,1.4218
SmolLM2-135M,decode,1,2.0,512,256 KB,0.0767,0.7109,0.7109
SmolLM2-135M,decode,1,4.0,4,256 KB,0.0383,90.9973,90.9973
SmolLM2-135M,decode,1,4.0,8,256 KB,0.0383,45.4987,45.4987
SmolLM2-135M,decode,1,4.0,16,256 KB,0.0383,22.7493,22.7493
SmolLM2-135M,decode,1,4.0,32,256 KB,0.0383,11.3747,11.3747
SmolLM2-135M,decode,1,4.0,64,256 KB,0.0383,5.6873,5.6873
SmolLM2-135M,decode,1,4.0,128,256 KB,0.0383,2.8437,2.8437
SmolLM2-135M,decode,1,4.0,256,256 KB,0.0383,1.4218,1.4218
SmolLM2-135M,decode,1,4.0,512,256 KB,0.0383,0.7109,0.7109
SmolLM2-135M,decode,1,8.0,4,256 KB,0.0192,90.9973,90.9973
SmolLM2-135M,decode,1,8.0,8,256 KB,0.0192,45.4987,45.4987
SmolLM2-135M,decode,1,8.0,16,256 KB,0.0192,22.7493,22.7493
SmolLM2-135M,decode,1,8.0,32,256 KB,0.0192,11.3747,11.3747
SmolLM2-135M,decode,1,8.0,64,256 KB,0.0192,5.6873,5.6873
SmolLM2-135M,decode,1,8.0,128,256 KB,0.0192,2.8437,2.8437
SmolLM2-135M,decode,1,8.0,256,256 KB,0.0192,1.4218,1.4218
SmolLM2-135M,decode,1,8.0,512,256 KB,0.0192,0.7109,0.7109
SmolLM2-135M,decode,1,16.0,4,256 KB,0.0096,90.9973,90.9973
SmolLM2-135M,decode,1,16.0,8,256 KB,0.0096,45.4987,45.4987
SmolLM2-135M,decode,1,16.0,16,256 KB,0.0096,22.7493,22.7493
SmolLM2-135M,decode,1,16.0,32,256 KB,0.0096,11.3747,11.3747
SmolLM2-135M,decode,1,16.0,64,256 KB,0.0096,5.6873,5.6873
SmolLM2-135M,decode,1,16.0,128,256 KB,0.0096,2.8437,2.8437
SmolLM2-135M,decode,1,16.0,256,256 KB,0.0096,1.4218,1.4218
SmolLM2-135M,decode,1,16.0,512,256 KB,0.0096,0.7109,0.7109
SmolLM2-135M,decode,1,32.0,4,256 KB,0.0048,90.9973,90.9973
SmolLM2-135M,decode,1,32.0,8,256 KB,0.0048,45.4987,45.4987
SmolLM2-135M,decode,1,32.0,16,256 KB,0.0048,22.7493,22.7493
SmolLM2-135M,decode,1,32.0,32,256 KB,0.0048,11.3747,11.3747
SmolLM2-135M,decode,1,32.0,64,256 KB,0.0048,5.6873,5.6873
SmolLM2-135M,decode,1,32.0,128,256 KB,0.0048,2.8437,2.8437
SmolLM2-135M,decode,1,32.0,256,256 KB,0.0048,1.4218,1.4218
SmolLM2-135M,decode,1,32.0,512,256 KB,0.0048,0.7109,0.7109
SmolLM2-135M,decode,1,64.0,4,256 KB,0.0024,90.9973,90.9973
SmolLM2-135M,decode,1,64.0,8,256 KB,0.0024,45.4987,45.4987
SmolLM2-135M,decode,1,64.0,16,256 KB,0.0024,22.7493,22.7493
SmolLM2-135M,decode,1,64.0,32,256 KB,0.0024,11.3747,11.3747
SmolLM2-135M,decode,1,64.0,64,256 KB,0.0024,5.6873,5.6873
SmolLM2-135M,decode,1,64.0,128,256 KB,0.0024,2.8437,2.8437
SmolLM2-135M,decode,1,64.0,256,256 KB,0.0024,1.4218,1.4218
SmolLM2-135M,decode,1,64.0,512,256 KB,0.0024,0.7109,0.7109
SmolLM2-135M,decode,1,0.5,4,1 MB,0.3066,90.8942,90.8942
SmolLM2-135M,decode,1,0.5,8,1 MB,0.3066,45.4471,45.4471
SmolLM2-135M,decode,1,0.5,16,1 MB,0.3066,22.7236,22.7236
SmolLM2-135M,decode,1,0.5,32,1 MB,0.3066,11.3618,11.3618
SmolLM2-135M,decode,1,0.5,64,1 MB,0.3066,5.6809,5.6809
SmolLM2-135M,decode,1,0.5,128,1 MB,0.3066,2.8404,2.8404
SmolLM2-135M,decode,1,0.5,256,1 MB,0.3066,1.4202,1.4202
SmolLM2-135M,decode,1,0.5,512,1 MB,0.3066,0.7101,0.7104
SmolLM2-135M,decode,1,1.0,4,1 MB,0.1533,90.8942,90.8942
SmolLM2-135M,decode,1,1.0,8,1 MB,0.1533,45.4471,45.4471
SmolLM2-135M,decode,1,1.0,16,1 MB,0.1533,22.7236,22.7236
SmolLM2-135M,decode,1,1.0,32,1 MB,0.1533,11.3618,11.3618
SmolLM2-135M,decode,1,1.0,64,1 MB,0.1533,5.6809,5.6809
SmolLM2-135M,decode,1,1.0,128,1 MB,0.1533,2.8404,2.8404
SmolLM2-135M,decode,1,1.0,256,1 MB,0.1533,1.4202,1.4202
SmolLM2-135M,decode,1,1.0,512,1 MB,0.1533,0.7101,0.7101
SmolLM2-135M,decode,1,2.0,4,1 MB,0.0767,90.8942,90.8942
SmolLM2-135M,decode,1,2.0,8,1 MB,0.0767,45.4471,45.4471
SmolLM2-135M,decode,1,2.0,16,1 MB,0.0767,22.7236,22.7236
SmolLM2-135M,decode,1,2.0,32,1 MB,0.0767,11.3618,11.3618
SmolLM2-135M,decode,1,2.0,64,1 MB,0.0767,5.6809,5.6809
SmolLM2-135M,decode,1,2.0,128,1 MB,0.0767,2.8404,2.8404
SmolLM2-135M,decode,1,2.0,256,1 MB,0.0767,1.4202,1.4202
SmolLM2-135M,decode,1,2.0,512,1 MB,0.0767,0.7101,0.7101
SmolLM2-135M,decode,1,4.0,4,1 MB,0.0383,90.8942,90.8942
SmolLM2-135M,decode,1,4.0,8,1 MB,0.0383,45.4471,45.4471
SmolLM2-135M,decode,1,4.0,16,1 MB,0.0383,22.7236,22.7236
SmolLM2-135M,decode,1,4.0,32,1 MB,0.0383,11.3618,11.3618
SmolLM2-135M,decode,1,4.0,64,1 MB,0.0383,5.6809,5.6809
SmolLM2-135M,decode,1,4.0,128,1 MB,0.0383,2.8404,2.8404
SmolLM2-135M,decode,1,4.0,256,1 MB,0.0383,1.4202,1.4202
SmolLM2-135M,decode,1,4.0,512,1 MB,0.0383,0.7101,0.7101
SmolLM2-135M,decode,1,8.0,4,1 MB,0.0192,90.8942,90.8942
SmolLM2-135M,decode,1,8.0,8,1 MB,0.0192,45.4471,45.4471
SmolLM2-135M,decode,1,8.0,16,1 MB,0.0192,22.7236,22.7236
SmolLM2-135M,decode,1,8.0,32,1 MB,0.0192,11.3618,11.3618
SmolLM2-135M,decode,1,8.0,64,1 MB,0.0192,5.6809,5.6809
SmolLM2-135M,decode,1,8.0,128,1 MB,0.0192,2.8404,2.8404
SmolLM2-135M,decode,1,8.0,256,1 MB,0.0192,1.4202,1.4202
SmolLM2-135M,decode,1,8.0,512,1 MB,0.0192,0.7101,0.7101
SmolLM2-135M,decode,1,16.0,4,1 MB,0.0096,90.8942,90.8942
SmolLM2-135M,decode,1,16.0,8,1 MB,0.0096,45.4471,45.4471
SmolLM2-135M,decode,1,16.0,16,1 MB,0.0096,22.7236,22.7236
SmolLM2-135M,decode,1,16.0,32,1 MB,0.0096,11.3618,11.3618
SmolLM2-135M,decode,1,16.0,64,1 MB,0.0096,5.6809,5.6809
SmolLM2-135M,decode,1,16.0,128,1 MB,0.0096,2.8404,2.8404
SmolLM2-135M,decode,1,16.0,256,1 MB,0.0096,1.4202,1.4202
SmolLM2-135M,decode,1,16.0,512,1 MB,0.0096,0.7101,0.7101
SmolLM2-135M,decode,1,32.0,4,1 MB,0.0048,90.8942,90.8942
SmolLM2-135M,decode,1,32.0,8,1 MB,0.0048,45.4471,45.4471
SmolLM2-135M,decode,1,32.0,16,1 MB,0.0048,22.7236,22.7236
SmolLM2-135M,decode,1,32.0,32,1 MB,0.0048,11.3618,11.3618
SmolLM2-135M,decode,1,32.0,64,1 MB,0.0048,5.6809,5.6809
SmolLM2-135M,decode,1,32.0,128,1 MB,0.0048,2.8404,2.8404
SmolLM2-135M,decode,1,32.0,256,1 MB,0.0048,1.4202,1.4202
SmolLM2-135M,decode,1,32.0,512,1 MB,0.0048,0.7101,0.7101
SmolLM2-135M,decode,1,64.0,4,1 MB,0.0024,90.8942,90.8942
SmolLM2-135M,decode,1,64.0,8,1 MB,0.0024,45.4471,45.4471
SmolLM2-135M,decode,1,64.0,16,1 MB,0.0024,22.7236,22.7236
SmolLM2-135M,decode,1,64.0,32,1 MB,0.0024,11.3618,11.3618
SmolLM2-135M,decode,1,64.0,64,1 MB,0.0024,5.6809,5.6809
SmolLM2-135M,decode,1,64.0,128,1 MB,0.0024,2.8404,2.8404
SmolLM2-135M,decode,1,64.0,256,1 MB,0.0024,1.4202,1.4202
SmolLM2-135M,decode,1,64.0,512,1 MB,0.0024,0.7101,0.7101
SmolLM2-135M,decode,1,0.5,4,4 MB,0.3066,90.8672,90.8672
SmolLM2-135M,decode,1,0.5,8,4 MB,0.3066,45.4336,45.4336
SmolLM2-135M,decode,1,0.5,16,4 MB,0.3066,22.7168,22.7168
SmolLM2-135M,decode,1,0.5,32,4 MB,0.3066,11.3584,11.3584
SmolLM2-135M,decode,1,0.5,64,4 MB,0.3066,5.6792,5.6792
SmolLM2-135M,decode,1,0.5,128,4 MB,0.3066,2.8396,2.8396
SmolLM2-135M,decode,1,0.5,256,4 MB,0.3066,1.4198,1.4198
SmolLM2-135M,decode,1,0.5,512,4 MB,0.3066,0.7099,0.7102
SmolLM2-135M,decode,1,1.0,4,4 MB,0.1533,90.8672,90.8672
SmolLM2-135M,decode,1,1.0,8,4 MB,0.1533,45.4336,45.4336
SmolLM2-135M,decode,1,1.0,16,4 MB,0.1533,22.7168,22.7168
SmolLM2-135M,decode,1,1.0,32,4 MB,0.1533,11.3584,11.3584
SmolLM2-135M,decode,1,1.0,64,4 MB,0.1533,5.6792,5.6792
SmolLM2-135M,decode,1,1.0,128,4 MB,0.1533,2.8396,2.8396
SmolLM2-135M,decode,1,1.0,256,4 MB,0.1533,1.4198,1.4198
SmolLM2-135M,decode,1,1.0,512,4 MB,0.1533,0.7099,0.7099
SmolLM2-135M,decode,1,2.0,4,4 MB,0.0767,90.8672,90.8672
SmolLM2-135M,decode,1,2.0,8,4 MB,0.0767,45.4336,45.4336
SmolLM2-135M,decode,1,2.0,16,4 MB,0.0767,22.7168,22.7168
SmolLM2-135M,decode,1,2.0,32,4 MB,0.0767,11.3584,11.3584
SmolLM2-135M,decode,1,2.0,64,4 MB,0.0767,5.6792,5.6792
SmolLM2-135M,decode,1,2.0,128,4 MB,0.0767,2.8396,2.8396
SmolLM2-135M,decode,1,2.0,256,4 MB,0.0767,1.4198,1.4198
SmolLM2-135M,decode,1,2.0,512,4 MB,0.0767,0.7099,0.7099
SmolLM2-135M,decode,1,4.0,4,4 MB,0.0383,90.8672,90.8672
SmolLM2-135M,decode,1,4.0,8,4 MB,0.0383,45.4336,45.4336
SmolLM2-135M,decode,1,4.0,16,4 MB,0.0383,22.7168,22.7168
SmolLM2-135M,decode,1,4.0,32,4 MB,0.0383,11.3584,11.3584
SmolLM2-135M,decode,1,4.0,64,4 MB,0.0383,5.6792,5.6792
SmolLM2-135M,decode,1,4.0,128,4 MB,0.0383,2.8396,2.8396
SmolLM2-135M,decode,1,4.0,256,4 MB,0.0383,1.4198,1.4198
SmolLM2-135M,decode,1,4.0,512,4 MB,0.0383,0.7099,0.7099
SmolLM2-135M,decode,1,8.0,4,4 MB,0.0192,90.8672,90.8672
SmolLM2-135M,decode,1,8.0,8,4 MB,0.0192,45.4336,45.4336
SmolLM2-135M,decode,1,8.0,16,4 MB,0.0192,22.7168,22.7168
SmolLM2-135M,decode,1,8.0,32,4 MB,0.0192,11.3584,11.3584
SmolLM2-135M,decode,1,8.0,64,4 MB,0.0192,5.6792,5.6792
SmolLM2-135M,decode,1,8.0,128,4 MB,0.0192,2.8396,2.8396
SmolLM2-135M,decode,1,8.0,256,4 MB,0.0192,1.4198,1.4198
SmolLM2-135M,decode,1,8.0,512,4 MB,0.0192,0.7099,0.7099
SmolLM2-135M,decode,1,16.0,4,4 MB,0.0096,90.8672,90.8672
SmolLM2-135M,decode,1,16.0,8,4 MB,0.0096,45.4336,45.4336
SmolLM2-135M,decode,1,16.0,16,4 MB,0.0096,22.7168,22.7168
SmolLM2-135M,decode,1,16.0,32,4 MB,0.0096,11.3584,11.3584
SmolLM2-135M,decode,1,16.0,64,4 MB,0.0096,5.6792,5.6792
SmolLM2-135M,decode,1,16.0,128,4 MB,0.0096,2.8396,2.8396
SmolLM2-135M,decode,1,16.0,256,4 MB,0.0096,1.4198,1.4198
SmolLM2-135M,decode,1,16.0,512,4 MB,0.0096,0.7099,0.7099
SmolLM2-135M,decode,1,32.0,4,4 MB,0.0048,90.8672,90.8672
SmolLM2-135M,decode,1,32.0,8,4 MB,0.0048,45.4336,45.4336
SmolLM2-135M,decode,1,32.0,16,4 MB,0.0048,22.7168,22.7168
SmolLM2-135M,decode,1,32.0,32,4 MB,0.0048,11.3584,11.3584
SmolLM2-135M,decode,1,32.0,64,4 MB,0.0048,5.6792,5.6792
SmolLM2-135M,decode,1,32.0,128,4 MB,0.0048,2.8396,2.8396
SmolLM2-135M,decode,1,32.0,256,4 MB,0.0048,1.4198,1.4198
SmolLM2-135M,decode,1,32.0,512,4 MB,0.0048,0.7099,0.7099
SmolLM2-135M,decode,1,64.0,4,4 MB,0.0024,90.8672,90.8672
SmolLM2-135M,decode,1,64.0,8,4 MB,0.0024,45.4336,45.4336
SmolLM2-135M,decode,1,64.0,16,4 MB,0.0024,22.7168,22.7168
SmolLM2-135M,decode,1,64.0,32,4 MB,0.0024,11.3584,11.3584
SmolLM2-135M,decode,1,64.0,64,4 MB,0.0024,5.6792,5.6792
SmolLM2-135M,decode,1,64.0,128,4 MB,0.0024,2.8396,2.8396
SmolLM2-135M,decode,1,64.0,256,4 MB,0.0024,1.4198,1.4198
SmolLM2-135M,decode,1,64.0,512,4 MB,0.0024,0.7099,0.7099
SmolLM2-135M,prefill,16,0.5,4,256 KB,2511.9551,7848.6461,7848.6461
SmolLM2-135M,prefill,16,0.5,8,256 KB,2511.9551,3924.3230,4019.8069
SmolLM2-135M,prefill,16,0.5,16,256 KB,2511.9551,1962.1615,3111.5626
SmolLM2-135M,prefill,16,0.5,32,256 KB,2511.9551,981.0808,2746.1263
SmolLM2-135M,prefill,16,0.5,64,256 KB,2511.9551,490.5404,2620.8099
SmolLM2-135M,prefill,16,0.5,128,256 KB,2511.9551,245.2702,2558.1517
SmolLM2-135M,prefill,16,0.5,256,256 KB,2511.9551,122.6351,2526.8226
SmolLM2-135M,prefill,16,0.5,512,256 KB,2511.9551,61.3175,2513.6921
SmolLM2-135M,prefill,16,1.0,4,256 KB,1255.9775,7848.6461,7848.6461
SmolLM2-135M,prefill,16,1.0,8,256 KB,1255.9775,3924.3230,3924.3230
SmolLM2-135M,prefill,16,1.0,16,256 KB,1255.9775,1962.1615,2009.9034
SmolLM2-135M,prefill,16,1.0,32,256 KB,1255.9775,981.0808,1555.7813
SmolLM2-135M,prefill,16,1.0,64,256 KB,1255.9775,490.5404,1373.0632
SmolLM2-135M,prefill,16,1.0,128,256 KB,1255.9775,245.2702,1310.4049
SmolLM2-135M,prefill,16,1.0,256,256 KB,1255.9775,122.6351,1279.0758
SmolLM2-135M,prefill,16,1.0,512,256 KB,1255.9775,61.3175,1263.4113
SmolLM2-135M,prefill,16,2.0,4,256 KB,627.9888,7848.6461,7848.6461
SmolLM2-135M,prefill,16,2.0,8,256 KB,627.9888,3924.3230,3924.3230
SmolLM2-135M,prefill,16,2.0,16,256 KB,627.9888,1962.1615,1962.1615
SmolLM2-135M,prefill,16,2.0,32,256 KB,627.9888,981.0808,1004.9517
SmolLM2-135M,prefill,16,2.0,64,256 KB,627.9888,490.5404,777.8906
SmolLM2-135M,prefill,16,2.0,128,256 KB,627.9888,245.2702,686.5316
SmolLM2-135M,prefill,16,2.0,256,256 KB,627.9888,122.6351,655.2025
SmolLM2-135M,prefill,16,2.0,512,256 KB,627.9888,61.3175,639.5379
SmolLM2-135M,prefill,16,4.0,4,256 KB,313.9944,7848.6461,7848.6461
SmolLM2-135M,prefill,16,4.0,8,256 KB,313.9944,3924.3230,3924.3230
SmolLM2-135M,prefill,16,4.0,16,256 KB,313.9944,1962.1615,1962.1615
SmolLM2-135M,prefill,16,4.0,32,256 KB,313.9944,981.0808,981.0808
SmolLM2-135M,prefill,16,4.0,64,256 KB,313.9944,490.5404,502.4759
SmolLM2-135M,prefill,16,4.0,128,256 KB,313.9944,245.2702,388.9453
SmolLM2-135M,prefill,16,4.0,256,256 KB,313.9944,122.6351,343.2658
SmolLM2-135M,prefill,16,4.0,512,256 KB,313.9944,61.3175,327.6012
SmolLM2-135M,prefill,16,8.0,4,256 KB,156.9972,7848.6461,7848.6461
SmolLM2-135M,prefill,16,8.0,8,256 KB,156.9972,3924.3230,3924.3230
SmolLM2-135M,prefill,16,8.0,16,256 KB,156.9972,1962.1615,1962.1615
SmolLM2-135M,prefill,16,8.0,32,256 KB,156.9972,981.0808,981.0808
SmolLM2-135M,prefill,16,8.0,64,256 KB,156.9972,490.5404,490.5404
SmolLM2-135M,prefill,16,8.0,128,256 KB,156.9972,245.2702,251.2379
SmolLM2-135M,prefill,16,8.0,256,256 KB,156.9972,122.6351,194.4727
SmolLM2-135M,prefill,16,8.0,512,256 KB,156.9972,61.3175,171.6329
SmolLM2-135M,prefill,16,16.0,4,256 KB,78.4986,7848.6461,7848.6461
SmolLM2-135M,prefill,16,16.0,8,256 KB,78.4986,3924.3230,3924.3230
SmolLM2-135M,prefill,16,16.0,16,256 KB,78.4986,1962.1615,1962.1615
SmolLM2-135M,prefill,16,16.0,32,256 KB,78.4986,981.0808,981.0808
SmolLM2-135M,prefill,16,16.0,64,256 KB,78.4986,490.5404,490.5404
SmolLM2-135M,prefill,16,16.0,128,256 KB,78.4986,245.2702,245.2702
SmolLM2-135M,prefill,16,16.0,256,256 KB,78.4986,122.6351,125.6190
SmolLM2-135M,prefill,16,16.0,512,256 KB,78.4986,61.3175,97.2363
SmolLM2-135M,prefill,16,32.0,4,256 KB,39.2493,7848.6461,7848.6461
SmolLM2-135M,prefill,16,32.0,8,256 KB,39.2493,3924.3230,3924.3230
SmolLM2-135M,prefill,16,32.0,16,256 KB,39.2493,1962.1615,1962.1615
SmolLM2-135M,prefill,16,32.0,32,256 KB,39.2493,981.0808,981.0808
SmolLM2-135M,prefill,16,32.0,64,256 KB,39.2493,490.5404,490.5404
SmolLM2-135M,prefill,16,32.0,128,256 KB,39.2493,245.2702,245.2702
SmolLM2-135M,prefill,16,32.0,256,256 KB,39.2493,122.6351,122.6351
SmolLM2-135M,prefill,16,32.0,512,256 KB,39.2493,61.3175,62.8095
SmolLM2-135M,prefill,16,64.0,4,256 KB,19.6246,7848.6461,7848.6461
SmolLM2-135M,prefill,16,64.0,8,256 KB,19.6246,3924.3230,3924.3230
SmolLM2-135M,prefill,16,64.0,16,256 KB,19.6246,1962.1615,1962.1615
SmolLM2-135M,prefill,16,64.0,32,256 KB,19.6246,981.0808,981.0808
SmolLM2-135M,prefill,16,64.0,64,256 KB,19.6246,490.5404,490.5404
SmolLM2-135M,prefill,16,64.0,128,256 KB,19.6246,245.2702,245.2702
SmolLM2-135M,prefill,16,64.0,256,256 KB,19.6246,122.6351,122.6351
SmolLM2-135M,prefill,16,64.0,512,256 KB,19.6246,61.3175,61.3175
SmolLM2-135M,prefill,16,0.5,4,1 MB,2511.9551,6122.8210,6122.8210
SmolLM2-135M,prefill,16,0.5,8,1 MB,2511.9551,3061.4105,3913.6386
SmolLM2-135M,prefill,16,0.5,16,1 MB,2511.9551,1530.7053,3058.4784
SmolLM2-135M,prefill,16,0.5,32,1 MB,2511.9551,765.3526,2746.1263
SmolLM2-135M,prefill,16,0.5,64,1 MB,2511.9551,382.6763,2620.8099
SmolLM2-135M,prefill,16,0.5,128,1 MB,2511.9551,191.3382,2558.1517
SmolLM2-135M,prefill,16,0.5,256,1 MB,2511.9551,95.6691,2526.8226
SmolLM2-135M,prefill,16,0.5,512,1 MB,2511.9551,47.8345,2513.6921
SmolLM2-135M,prefill,16,1.0,4,1 MB,1255.9775,6122.8210,6122.8210
SmolLM2-135M,prefill,16,1.0,8,1 MB,1255.9775,3061.4105,3061.4105
SmolLM2-135M,prefill,16,1.0,16,1 MB,1255.9775,1530.7053,1956.8193
SmolLM2-135M,prefill,16,1.0,32,1 MB,1255.9775,765.3526,1529.2392
SmolLM2-135M,prefill,16,1.0,64,1 MB,1255.9775,382.6763,1373.0632
SmolLM2-135M,prefill,16,1.0,128,1 MB,1255.9775,191.3382,1310.4049
SmolLM2-135M,prefill,16,1.0,256,1 MB,1255.9775,95.6691,1279.0758
SmolLM2-135M,prefill,16,1.0,512,1 MB,1255.9775,47.8345,1263.4113
SmolLM2-135M,prefill,16,2.0,4,1 MB,627.9888,6122.8210,6122.8210
SmolLM2-135M,prefill,16,2.0,8,1 MB,627.9888,3061.4105,3061.4105
SmolLM2-135M,prefill,16,2.0,16,1 MB,627.9888,1530.7053,1530.7053
SmolLM2-135M,prefill,16,2.0,32,1 MB,627.9888,765.3526,978.4096
SmolLM2-135M,prefill,16,2.0,64,1 MB,627.9888,382.6763,764.6196
SmolLM2-135M,prefill,16,2.0,128,1 MB,627.9888,191.3382,686.5316
SmolLM2-135M,prefill,16,2.0,256,1 MB,627.9888,95.6691,655.2025
SmolLM2-135M,prefill,16,2.0,512,1 MB,627.9888,47.8345,639.5379
SmolLM2-135M,prefill,16,4.0,4,1 MB,313.9944,6122.8210,6122.8210
SmolLM2-135M,prefill,16,4.0,8,1 MB,313.9944,3061.4105,3061.4105
SmolLM2-135M,prefill,16,4.0,16,1 MB,313.9944,1530.7053,1530.7053
SmolLM2-135M,prefill,16,4.0,32,1 MB,313.9944,765.3526,765.3526
SmolLM2-135M,prefill,16,4.0,64,1 MB,313.9944,382.6763,489.2048
SmolLM2-135M,prefill,16,4.0,128,1 MB,313.9944,191.3382,382.3098
SmolLM2-135M,prefill,16,4.0,256,1 MB,313.9944,95.6691,343.2658
SmolLM2-135M,prefill,16,4.0,512,1 MB,313.9944,47.8345,327.6012
SmolLM2-135M,prefill,16,8.0,4,1 MB,156.9972,6122.8210,6122.8210
SmolLM2-135M,prefill,16,8.0,8,1 MB,156.9972,3061.4105,3061.4105
SmolLM2-135M,prefill,16,8.0,16,1 MB,156.9972,1530.7053,1530.7053
SmolLM2-135M,prefill,16,8.0,32,1 MB,156.9972,765.3526,765.3526
SmolLM2-135M,prefill,16,8.0,64,1 MB,156.9972,382.6763,382.6763
SmolLM2-135M,prefill,16,8.0,128,1 MB,156.9972,191.3382,244.6024
SmolLM2-135M,prefill,16,8.0,256,1 MB,156.9972,95.6691,191.1549
SmolLM2-135M,prefill,16,8.0,512,1 MB,156.9972,47.8345,171.6329
SmolLM2-135M,prefill,16,16.0,4,1 MB,78.4986,6122.8210,6122.8210
SmolLM2-135M,prefill,16,16.0,8,1 MB,78.4986,3061.4105,3061.4105
SmolLM2-135M,prefill,16,16.0,16,1 MB,78.4986,1530.7053,1530.7053
SmolLM2-135M,prefill,16,16.0,32,1 MB,78.4986,765.3526,765.3526
SmolLM2-135M,prefill,16,16.0,64,1 MB,78.4986,382.6763,382.6763
SmolLM2-135M,prefill,16,16.0,128,1 MB,78.4986,191.3382,191.3382
SmolLM2-135M,prefill,16,16.0,256,1 MB,78.4986,95.6691,122.3012
SmolLM2-135M,prefill,16,16.0,512,1 MB,78.4986,47.8345,95.5774
SmolLM2-135M,prefill,16,32.0,4,1 MB,39.2493,6122.8210,6122.8210
SmolLM2-135M,prefill,16,32.0,8,1 MB,39.2493,3061.4105,3061.4105
SmolLM2-135M,prefill,16,32.0,16,1 MB,39.2493,1530.7053,1530.7053
SmolLM2-135M,prefill,16,32.0,32,1 MB,39.2493,765.3526,765.3526
SmolLM2-135M,prefill,16,32.0,64,1 MB,39.2493,382.6763,382.6763
SmolLM2-135M,prefill,16,32.0,128,1 MB,39.2493,191.3382,191.3382
SmolLM2-135M,prefill,16,32.0,256,1 MB,39.2493,95.6691,95.6691
SmolLM2-135M,prefill,16,32.0,512,1 MB,39.2493,47.8345,61.1506
SmolLM2-135M,prefill,16,64.0,4,1 MB,19.6246,6122.8210,6122.8210
SmolLM2-135M,prefill,16,64.0,8,1 MB,19.6246,3061.4105,3061.4105
SmolLM2-135M,prefill,16,64.0,16,1 MB,19.6246,1530.7053,1530.7053
SmolLM2-135M,prefill,16,64.0,32,1 MB,19.6246,765.3526,765.3526
SmolLM2-135M,prefill,16,64.0,64,1 MB,19.6246,382.6763,382.6763
SmolLM2-135M,prefill,16,64.0,128,1 MB,19.6246,191.3382,191.3382
SmolLM2-135M,prefill,16,64.0,256,1 MB,19.6246,95.6691,95.6691
SmolLM2-135M,prefill,16,64.0,512,1 MB,19.6246,47.8345,47.8345
SmolLM2-135M,prefill,16,0.5,4,4 MB,2511.9551,5497.6076,5623.9589
SmolLM2-135M,prefill,16,0.5,8,4 MB,2511.9551,2748.8038,3913.6386
SmolLM2-135M,prefill,16,0.5,16,4 MB,2511.9551,1374.4019,3058.4784
SmolLM2-135M,prefill,16,0.5,32,4 MB,2511.9551,687.2010,2746.1263
SmolLM2-135M,prefill,16,0.5,64,4 MB,2511.9551,343.6005,2620.8099
SmolLM2-135M,prefill,16,0.5,128,4 MB,2511.9551,171.8002,2558.1517
SmolLM2-135M,prefill,16,0.5,256,4 MB,2511.9551,85.9001,2526.8226
SmolLM2-135M,prefill,16,0.5,512,4 MB,2511.9551,42.9501,2513.6921
SmolLM2-135M,prefill,16,1.0,4,4 MB,1255.9775,5497.6076,5497.6076
SmolLM2-135M,prefill,16,1.0,8,4 MB,1255.9775,2748.8038,2811.9795
SmolLM2-135M,prefill,16,1.0,16,4 MB,1255.9775,1374.4019,1956.8193
SmolLM2-135M,prefill,16,1.0,32,4 MB,1255.9775,687.2010,1529.2392
SmolLM2-135M,prefill,16,1.0,64,4 MB,1255.9775,343.6005,1373.0632
SmolLM2-135M,prefill,16,1.0,128,4 MB,1255.9775,171.8002,1310.4049
SmolLM2-135M,prefill,16,1.0,256,4 MB,1255.9775,85.9001,1279.0758
SmolLM2-135M,prefill,16,1.0,512,4 MB,1255.9775,42.9501,1263.4113
SmolLM2-135M,prefill,16,2.0,4,4 MB,627.9888,5497.6076,5497.6076
SmolLM2-135M,prefill,16,2.0,8,4 MB,627.9888,2748.8038,2748.8038
SmolLM2-135M,prefill,16,2.0,16,4 MB,627.9888,1374.4019,1405.9897
SmolLM2-135M,prefill,16,2.0,32,4 MB,627.9888,687.2010,978.4096
SmolLM2-135M,prefill,16,2.0,64,4 MB,627.9888,343.6005,764.6196
SmolLM2-135M,prefill,16,2.0,128,4 MB,627.9888,171.8002,686.5316
SmolLM2-135M,prefill,16,2.0,256,4 MB,627.9888,85.9001,655.2025
SmolLM2-135M,prefill,16,2.0,512,4 MB,627.9888,42.9501,639.5379
SmolLM2-135M,prefill,16,4.0,4,4 MB,313.9944,5497.6076,5497.6076
SmolLM2-135M,prefill,16,4.0,8,4 MB,313.9944,2748.8038,2748.8038
SmolLM2-135M,prefill,16,4.0,16,4 MB,313.9944,1374.4019,1374.4019
SmolLM2-135M,prefill,16,4.0,32,4 MB,313.9944,687.2010,702.9949
SmolLM2-135M,prefill,16,4.0,64,4 MB,313.9944,343.6005,489.2048
SmolLM2-135M,prefill,16,4.0,128,4 MB,313.9944,171.8002,382.3098
SmolLM2-135M,prefill,16,4.0,256,4 MB,313.9944,85.9001,343.2658
SmolLM2-135M,prefill,16,4.0,512,4 MB,313.9944,42.9501,327.6012
SmolLM2-135M,prefill,16,8.0,4,4 MB,156.9972,5497.6076,5497.6076
SmolLM2-135M,prefill,16,8.0,8,4 MB,156.9972,2748.8038,2748.8038
SmolLM2-135M,prefill,16,8.0,16,4 MB,156.9972,1374.4019,1374.4019
SmolLM2-135M,prefill,16,8.0,32,4 MB,156.9972,687.2010,687.2010
SmolLM2-135M,prefill,16,8.0,64,4 MB,156.9972,343.6005,351.4974
SmolLM2-135M,prefill,16,8.0,128,4 MB,156.9972,171.8002,244.6024
SmolLM2-135M,prefill,16,8.0,256,4 MB,156.9972,85.9001,191.1549
SmolLM2-135M,prefill,16,8.0,512,4 MB,156.9972,42.9501,171.6329
SmolLM2-135M,prefill,16,16.0,4,4 MB,78.4986,5497.6076,5497.6076
SmolLM2-135M,prefill,16,16.0,8,4 MB,78.4986,2748.8038,2748.8038
SmolLM2-135M,prefill,16,16.0,16,4 MB,78.4986,1374.4019,1374.4019
SmolLM2-135M,prefill,16,16.0,32,4 MB,78.4986,687.2010,687.2010
SmolLM2-135M,prefill,16,16.0,64,4 MB,78.4986,343.6005,343.6005
SmolLM2-135M,prefill,16,16.0,128,4 MB,78.4986,171.8002,175.7487
SmolLM2-135M,prefill,16,16.0,256,4 MB,78.4986,85.9001,122.3012
SmolLM2-135M,prefill,16,16.0,512,4 MB,78.4986,42.9501,95.5774
SmolLM2-135M,prefill,16,32.0,4,4 MB,39.2493,5497.6076,5497.6076
SmolLM2-135M,prefill,16,32.0,8,4 MB,39.2493,2748.8038,2748.8038
SmolLM2-135M,prefill,16,32.0,16,4 MB,39.2493,1374.4019,1374.4019
SmolLM2-135M,prefill,16,32.0,32,4 MB,39.2493,687.2010,687.2010
SmolLM2-135M,prefill,16,32.0,64,4 MB,39.2493,343.6005,343.6005
SmolLM2-135M,prefill,16,32.0,128,4 MB,39.2493,171.8002,171.8002
SmolLM2-135M,prefill,16,32.0,256,4 MB,39.2493,85.9001,87.8744
SmolLM2-135M,prefill,16,32.0,512,4 MB,39.2493,42.9501,61.1506
SmolLM2-135M,prefill,16,64.0,4,4 MB,19.6246,5497.6076,5497.6076
SmolLM2-135M,prefill,16,64.0,8,4 MB,19.6246,2748.8038,2748.8038
SmolLM2-135M,prefill,16,64.0,16,4 MB,19.6246,1374.4019,1374.4019
SmolLM2-135M,prefill,16,64.0,32,4 MB,19.6246,687.2010,687.2010
SmolLM2-135M,prefill,16,64.0,64,4 MB,19.6246,343.6005,343.6005
SmolLM2-135M,prefill,16,64.0,128,4 MB,19.6246,171.8002,171.8002
SmolLM2-135M,prefill,16,64.0,256,4 MB,19.6246,85.9001,85.9001
SmolLM2-135M,prefill,16,64.0,512,4 MB,19.6246,42.9501,43.9372
SmolLM2-135M,decode,16,0.5,4,256 KB,4.9062,234.6993,234.6993
SmolLM2-135M,decode,16,0.5,8,256 KB,4.9062,117.3496,117.3496
SmolLM2-135M,decode,16,0.5,16,256 KB,4.9062,58.6748,58.6748
SmolLM2-135M,decode,16,0.5,32,256 KB,4.9062,29.3374,29.3374
SmolLM2-135M,decode,16,0.5,64,256 KB,4.9062,14.6687,14.6687
SmolLM2-135M,decode,16,0.5,128,256 KB,4.9062,7.3344,9.3735
SmolLM2-135M,decode,16,0.5,256,256 KB,4.9062,3.6672,6.8385
SmolLM2-135M,decode,16,0.5,512,256 KB,4.9062,1.8336,5.5757
SmolLM2-135M,decode,16,1.0,4,256 KB,2.4531,234.6993,234.6993
SmolLM2-135M,decode,16,1.0,8,256 KB,2.4531,117.3496,117.3496
SmolLM2-135M,decode,16,1.0,16,256 KB,2.4531,58.6748,58.6748
SmolLM2-135M,decode,16,1.0,32,256 KB,2.4531,29.3374,29.3374
SmolLM2-135M,decode,16,1.0,64,256 KB,2.4531,14.6687,14.6687
SmolLM2-135M,decode,16,1.0,128,256 KB,2.4531,7.3344,7.3344
SmolLM2-135M,decode,16,1.0,256,256 KB,2.4531,3.6672,4.6868
SmolLM2-135M,decode,16,1.0,512,256 KB,2.4531,1.8336,3.4192
SmolLM2-135M,decode,16,2.0,4,256 KB,1.2265,234.6993,234.6993
SmolLM2-135M,decode,16,2.0,8,256 KB,1.2265,117.3496,117.3496
SmolLM2-135M,decode,16,2.0,16,256 KB,1.2265,58.6748,58.6748
SmolLM2-135M,decode,16,2.0,32,256 KB,1.2265,29.3374,29.3374
SmolLM2-135M,decode,16,2.0,64,256 KB,1.2265,14.6687,14.6687
SmolLM2-135M,decode,16,2.0,128,256 KB,1.2265,7.3344,7.3344
SmolLM2-135M,decode,16,2.0,256,256 KB,1.2265,3.6672,3.6672
SmolLM2-135M,decode,16,2.0,512,256 KB,1.2265,1.8336,2.3434
SmolLM2-135M,decode,16,4.0,4,256 KB,0.6133,234.6993,234.6993
SmolLM2-135M,decode,16,4.0,8,256 KB,0.6133,117.3496,117.3496
SmolLM2-135M,decode,16,4.0,16,256 KB,0.6133,58.6748,58.6748
SmolLM2-135M,decode,16,4.0,32,256 KB,0.6133,29.3374,29.3374
SmolLM2-135M,decode,16,4.0,64,256 KB,0.6133,14.6687,14.6687
SmolLM2-135M,decode,16,4.0,128,256 KB,0.6133,7.3344,7.3344
SmolLM2-135M,decode,16,4.0,256,256 KB,0.6133,3.6672,3.6672
SmolLM2-135M,decode,16,4.0,512,256 KB,0.6133,1.8336,1.8336
SmolLM2-135M,decode,16,8.0,4,256 KB,0.3066,234.6993,234.6993
SmolLM2-135M,decode,16,8.0,8,256 KB,0.3066,117.3496,117.3496
SmolLM2-135M,decode,16,8.0,16,256 KB,0.3066,58.6748,58.6748
SmolLM2-135M,decode,16,8.0,32,256 KB,0.3066,29.3374,29.3374
SmolLM2-135M,decode,16,8.0,64,256 KB,0.3066,14.6687,14.6687
SmolLM2-135M,decode,16,8.0,128,256 KB,0.3066,7.3344,7.3344
SmolLM2-135M,decode,16,8.0,256,256 KB,0.3066,3.6672,3.6672
SmolLM2-135M,decode,16,8.0,512,256 KB,0.3066,1.8336,1.8336
SmolLM2-135M,decode,16,16.0,4,256 KB,0.1533,234.6993,234.6993
SmolLM2-135M,decode,16,16.0,8,256 KB,0.1533,117.3496,117.3496
SmolLM2-135M,decode,16,16.0,16,256 KB,0.1533,58.6748,58.6748
SmolLM2-135M,decode,16,16.0,32,256 KB,0.1533,29.3374,29.3374
SmolLM2-135M,decode,16,16.0,64,256 KB,0.1533,14.6687,14.6687
SmolLM2-135M,decode,16,16.0,128,256 KB,0.1533,7.3344,7.3344
SmolLM2-135M,decode,16,16.0,256,256 KB,0.1533,3.6672,3.6672
SmolLM2-135M,decode,16,16.0,512,256 KB,0.1533,1.8336,1.8336
SmolLM2-135M,decode,16,32.0,4,256 KB,0.0767,234.6993,234.6993
SmolLM2-135M,decode,16,32.0,8,256 KB,0.0767,117.3496,117.3496
SmolLM2-135M,decode,16,32.0,16,256 KB,0.0767,58.6748,58.6748
SmolLM2-135M,decode,16,32.0,32,256 KB,0.0767,29.3374,29.3374
SmolLM2-135M,decode,16,32.0,64,256 KB,0.0767,14.6687,14.6687
SmolLM2-135M,decode,16,32.0,128,256 KB,0.0767,7.3344,7.3344
SmolLM2-135M,decode,16,32.0,256,256 KB,0.0767,3.6672,3.6672
SmolLM2-135M,decode,16,32.0,512,256 KB,0.0767,1.8336,1.8336
SmolLM2-135M,decode,16,64.0,4,256 KB,0.0383,234.6993,234.6993
SmolLM2-135M,decode,16,64.0,8,256 KB,0.0383,117.3496,117.3496
SmolLM2-135M,decode,16,64.0,16,256 KB,0.0383,58.6748,58.6748
SmolLM2-135M,decode,16,64.0,32,256 KB,0.0383,29.3374,29.3374
SmolLM2-135M,decode,16,64.0,64,256 KB,0.0383,14.6687,14.6687
SmolLM2-135M,decode,16,64.0,128,256 KB,0.0383,7.3344,7.3344
SmolLM2-135M,decode,16,64.0,256,256 KB,0.0383,3.6672,3.6672
SmolLM2-135M,decode,16,64.0,512,256 KB,0.0383,1.8336,1.8336
SmolLM2-135M,decode,16,0.5,4,1 MB,4.9062,233.0496,233.0496
SmolLM2-135M,decode,16,0.5,8,1 MB,4.9062,116.5248,116.5248
SmolLM2-135M,decode,16,0.5,16,1 MB,4.9062,58.2624,58.2624
SmolLM2-135M,decode,16,0.5,32,1 MB,4.9062,29.1312,29.1312
SmolLM2-135M,decode,16,0.5,64,1 MB,4.9062,14.5656,14.5656
SmolLM2-135M,decode,16,0.5,128,1 MB,4.9062,7.2828,9.3692
SmolLM2-135M,decode,16,0.5,256,1 MB,4.9062,3.6414,6.8363
SmolLM2-135M,decode,16,0.5,512,1 MB,4.9062,1.8207,5.5747
SmolLM2-135M,decode,16,1.0,4,1 MB,2.4531,233.0496,233.0496
SmolLM2-135M,decode,16,1.0,8,1 MB,2.4531,116.5248,116.5248
SmolLM2-135M,decode,16,1.0,16,1 MB,2.4531,58.2624,58.2624
SmolLM2-135M,decode,16,1.0,32,1 MB,2.4531,29.1312,29.1312
SmolLM2-135M,decode,16,1.0,64,1 MB,2.4531,14.5656,14.5656
SmolLM2-135M,decode,16,1.0,128,1 MB,2.4531,7.2828,7.2828
SmolLM2-135M,decode,16,1.0,256,1 MB,2.4531,3.6414,4.6846
SmolLM2-135M,decode,16,1.0,512,1 MB,2.4531,1.8207,3.4181
SmolLM2-135M,decode,16,2.0,4,1 MB,1.2265,233.0496,233.0496
SmolLM2-135M,decode,16,2.0,8,1 MB,1.2265,116.5248,116.5248
SmolLM2-135M,decode,16,2.0,16,1 MB,1.2265,58.2624,58.2624
SmolLM2-135M,decode,16,2.0,32,1 MB,1.2265,29.1312,29.1312
SmolLM2-135M,decode,16,2.0,64,1 MB,1.2265,14.5656,14.5656
SmolLM2-135M,decode,16,2.0,128,1 MB,1.2265,7.2828,7.2828
SmolLM2-135M,decode,16,2.0,256,1 MB,1.2265,3.6414,3.6414
SmolLM2-135M,decode,16,2.0,512,1 MB,1.2265,1.8207,2.3423
SmolLM2-135M,decode,16,4.0,4,1 MB,0.6133,233.0496,233.0496
SmolLM2-135M,decode,16,4.0,8,1 MB,0.6133,116.5248,116.5248
SmolLM2-135M,decode,16,4.0,16,1 MB,0.6133,58.2624,58.2624
SmolLM2-135M,decode,16,4.0,32,1 MB,0.6133,29.1312,29.1312
SmolLM2-135M,decode,16,4.0,64,1 MB,0.6133,14.5656,14.5656
SmolLM2-135M,decode,16,4.0,128,1 MB,0.6133,7.2828,7.2828
SmolLM2-135M,decode,16,4.0,256,1 MB,0.6133,3.6414,3.6414
SmolLM2-135M,decode,16,4.0,512,1 MB,0.6133,1.8207,1.8207
SmolLM2-135M,decode,16,8.0,4,1 MB,0.3066,233.0496,233.0496
SmolLM2-135M,decode,16,8.0,8,1 MB,0.3066,116.5248,116.5248
SmolLM2-135M,decode,16,8.0,16,1 MB,0.3066,58.2624,58.2624
SmolLM2-135M,decode,16,8.0,32,1 MB,0.3066,29.1312,29.1312
SmolLM2-135M,decode,16,8.0,64,1 MB,0.3066,14.5656,14.5656
SmolLM2-135M,decode,16,8.0,128,1 MB,0.3066,7.2828,7.2828
SmolLM2-135M,decode,16,8.0,256,1 MB,0.3066,3.6414,3.6414
SmolLM2-135M,decode,16,8.0,512,1 MB,0.3066,1.8207,1.8207
SmolLM2-135M,decode,16,16.0,4,1 MB,0.1533,233.0496,233.0496
SmolLM2-135M,decode,16,16.0,8,1 MB,0.1533,116.5248,116.5248
SmolLM2-135M,decode,16,16.0,16,1 MB,0.1533,58.2624,58.2624
SmolLM2-135M,decode,16,16.0,32,1 MB,0.1533,29.1312,29.1312
SmolLM2-135M,decode,16,16.0,64,1 MB,0.1533,14.5656,14.5656
SmolLM2-135M,decode,16,16.0,128,1 MB,0.1533,7.2828,7.2828
SmolLM2-135M,decode,16,16.0,256,1 MB,0.1533,3.6414,3.6414
SmolLM2-135M,decode,16,16.0,512,1 MB,0.1533,1.8207,1.8207
SmolLM2-135M,decode,16,32.0,4,1 MB,0.0767,233.0496,233.0496
SmolLM2-135M,decode,16,32.0,8,1 MB,0.0767,116.5248,116.5248
SmolLM2-135M,decode,16,32.0,16,1 MB,0.0767,58.2624,58.2624
SmolLM2-135M,decode,16,32.0,32,1 MB,0.0767,29.1312,29.1312
SmolLM2-135M,decode,16,32.0,64,1 MB,0.0767,14.5656,14.5656
SmolLM2-135M,decode,16,32.0,128,1 MB,0.0767,7.2828,7.2828
SmolLM2-135M,decode,16,32.0,256,1 MB,0.0767,3.6414,3.6414
SmolLM2-135M,decode,16,32.0,512,1 MB,0.0767,1.8207,1.8207
SmolLM2-135M,decode,16,64.0,4,1 MB,0.0383,233.0496,233.0496
SmolLM2-135M,decode,16,64.0,8,1 MB,0.0383,116.5248,116.5248
SmolLM2-135M,decode,16,64.0,16,1 MB,0.0383,58.2624,58.2624
SmolLM2-135M,decode,16,64.0,32,1 MB,0.0383,29.1312,29.1312
SmolLM2-135M,decode,16,64.0,64,1 MB,0.0383,14.5656,14.5656
SmolLM2-135M,decode,16,64.0,128,1 MB,0.0383,7.2828,7.2828
SmolLM2-135M,decode,16,64.0,256,1 MB,0.0383,3.6414,3.6414
SmolLM2-135M,decode,16,64.0,512,1 MB,0.0383,1.8207,1.8207
SmolLM2-135M,decode,16,0.5,4,4 MB,4.9062,232.6164,232.6164
SmolLM2-135M,decode,16,0.5,8,4 MB,4.9062,116.3082,116.3082
SmolLM2-135M,decode,16,0.5,16,4 MB,4.9062,58.1541,58.1541
SmolLM2-135M,decode,16,0.5,32,4 MB,4.9062,29.0771,29.0771
SmolLM2-135M,decode,16,0.5,64,4 MB,4.9062,14.5385,14.5385
SmolLM2-135M,decode,16,0.5,128,4 MB,4.9062,7.2693,9.3692
SmolLM2-135M,decode,16,0.5,256,4 MB,4.9062,3.6346,6.8363
SmolLM2-135M,decode,16,0.5,512,4 MB,4.9062,1.8173,5.5747
SmolLM2-135M,decode,16,1.0,4,4 MB,2.4531,232.6164,232.6164
SmolLM2-135M,decode,16,1.0,8,4 MB,2.4531,116.3082,116.3082
SmolLM2-135M,decode,16,1.0,16,4 MB,2.4531,58.1541,58.1541
SmolLM2-135M,decode,16,1.0,32,4 MB,2.4531,29.0771,29.0771
SmolLM2-135M,decode,16,1.0,64,4 MB,2.4531,14.5385,14.5385
SmolLM2-135M,decode,16,1.0,128,4 MB,2.4531,7.2693,7.2693
SmolLM2-135M,decode,16,1.0,256,4 MB,2.4531,3.6346,4.6846
SmolLM2-135M,decode,16,1.0,512,4 MB,2.4531,1.8173,3.4181
SmolLM2-135M,decode,16,2.0,4,4 MB,1.2265,232.6164,232.6164
SmolLM2-135M,decode,16,2.0,8,4 MB,1.2265,116.3082,116.3082
SmolLM2-135M,decode,16,2.0,16,4 MB,1.2265,58.1541,58.1541
SmolLM2-135M,decode,16,2.0,32,4 MB,1.2265,29.0771,29.0771
SmolLM2-135M,decode,16,2.0,64,4 MB,1.2265,14.5385,14.5385
SmolLM2-135M,decode,16,2.0,128,4 MB,1.2265,7.2693,7.2693
SmolLM2-135M,decode,16,2.0,256,4 MB,1.2265,3.6346,3.6346
SmolLM2-135M,decode,16,2.0,512,4 MB,1.2265,1.8173,2.3423
SmolLM2-135M,decode,16,4.0,4,4 MB,0.6133,232.6164,232.6164
SmolLM2-135M,decode,16,4.0,8,4 MB,0.6133,116.3082,116.3082
SmolLM2-135M,decode,16,4.0,16,4 MB,0.6133,58.1541,58.1541
SmolLM2-135M,decode,16,4.0,32,4 MB,0.6133,29.0771,29.0771
SmolLM2-135M,decode,16,4.0,64,4 MB,0.6133,14.5385,14.5385
SmolLM2-135M,decode,16,4.0,128,4 MB,0.6133,7.2693,7.2693
SmolLM2-135M,decode,16,4.0,256,4 MB,0.6133,3.6346,3.6346
SmolLM2-135M,decode,16,4.0,512,4 MB,0.6133,1.8173,1.8173
SmolLM2-135M,decode,16,8.0,4,4 MB,0.3066,232.6164,232.6164
SmolLM2-135M,decode,16,8.0,8,4 MB,0.3066,116.3082,116.3082
SmolLM2-135M,decode,16,8.0,16,4 MB,0.3066,58.1541,58.1541
SmolLM2-135M,decode,16,8.0,32,4 MB,0.3066,29.0771,29.0771
SmolLM2-135M,decode,16,8.0,64,4 MB,0.3066,14.5385,14.5385
SmolLM2-135M,decode,16,8.0,128,4 MB,0.3066,7.2693,7.2693
SmolLM2-135M,decode,16,8.0,256,4 MB,0.3066,3.6346,3.6346
SmolLM2-135M,decode,16,8.0,512,4 MB,0.3066,1.8173,1.8173
SmolLM2-135M,decode,16,16.0,4,4 MB,0.1533,232.6164,232.6164
SmolLM2-135M,decode,16,16.0,8,4 MB,0.1533,116.3082,116.3082
SmolLM2-135M,decode,16,16.0,16,4 MB,0.1533,58.1541,58.1541
SmolLM2-135M,decode,16,16.0,32,4 MB,0.1533,29.0771,29.0771
SmolLM2-135M,decode,16,16.0,64,4 MB,0.1533,14.5385,14.5385
SmolLM2-135M,decode,16,16.0,128,4 MB,0.1533,7.2693,7.2693
SmolLM2-135M,decode,16,16.0,256,4 MB,0.1533,3.6346,3.6346
SmolLM2-135M,decode,16,16.0,512,4 MB,0.1533,1.8173,1.8173
SmolLM2-135M,decode,16,32.0,4,4 MB,0.0767,232.6164,232.6164
SmolLM2-135M,decode,16,32.0,8,4 MB,0.0767,116.3082,116.3082
SmolLM2-135M,decode,16,32.0,16,4 MB,0.0767,58.1541,58.1541
SmolLM2-135M,decode,16,32.0,32,4 MB,0.0767,29.0771,29.0771
SmolLM2-135M,decode,16,32.0,64,4 MB,0.0767,14.5385,14.5385
SmolLM2-135M,decode,16,32.0,128,4 MB,0.0767,7.2693,7.2693
SmolLM2-135M,decode,16,32.0,256,4 MB,0.0767,3.6346,3.6346
SmolLM2-135M,decode,16,32.0,512,4 MB,0.0767,1.8173,1.8173
SmolLM2-135M,decode,16,64.0,4,4 MB,0.0383,232.6164,232.6164
SmolLM2-135M,decode,16,64.0,8,4 MB,0.0383,116.3082,116.3082
SmolLM2-135M,decode,16,64.0,16,4 MB,0.0383,58.1541,58.1541
SmolLM2-135M,decode,16,64.0,32,4 MB,0.0383,29.0771,29.0771
SmolLM2-135M,decode,16,64.0,64,4 MB,0.0383,14.5385,14.5385
SmolLM2-135M,decode,16,64.0,128,4 MB,0.0383,7.2693,7.2693
SmolLM2-135M,decode,16,64.0,256,4 MB,0.0383,3.6346,3.6346
SmolLM2-135M,decode,16,64.0,512,4 MB,0.0383,1.8173,1.8173
GoogLeNet,image,1,0.5,4,256 KB,3.0543,20.2559,20.2559
GoogLeNet,image,1,0.5,8,256 KB,3.0543,10.1280,10.1280
GoogLeNet,image,1,0.5,16,256 KB,3.0543,5.0640,5.2832
GoogLeNet,image,1,0.5,32,256 KB,3.0543,2.5320,4.1390
GoogLeNet,image,1,0.5,64,256 KB,3.0543,1.2660,3.5668
GoogLeNet,image,1,0.5,128,256 KB,3.0543,0.6330,3.2808
GoogLeNet,image,1,0.5,256,256 KB,3.0543,0.3165,3.1377
GoogLeNet,image,1,0.5,512,256 KB,3.0543,0.1582,3.0751
GoogLeNet,image,1,1.0,4,256 KB,1.5271,20.2559,20.2559
GoogLeNet,image,1,1.0,8,256 KB,1.5271,10.1280,10.1280
GoogLeNet,image,1,1.0,16,256 KB,1.5271,5.0640,5.0640
GoogLeNet,image,1,1.0,32,256 KB,1.5271,2.5320,2.6416
GoogLeNet,image,1,1.0,64,256 KB,1.5271,1.2660,2.0695
GoogLeNet,image,1,1.0,128,256 KB,1.5271,0.6330,1.7834
GoogLeNet,image,1,1.0,256,256 KB,1.5271,0.3165,1.6404
GoogLeNet,image,1,1.0,512,256 KB,1.5271,0.1582,1.5689
GoogLeNet,image,1,2.0,4,256 KB,0.7636,20.2559,20.2559
GoogLeNet,image,1,2.0,8,256 KB,0.7636,10.1280,10.1280
GoogLeNet,image,1,2.0,16,256 KB,0.7636,5.0640,5.0640
GoogLeNet,image,1,2.0,32,256 KB,0.7636,2.5320,2.5320
GoogLeNet,image,1,2.0,64,256 KB,0.7636,1.2660,1.3208
GoogLeNet,image,1,2.0,128,256 KB,0.7636,0.6330,1.0347
GoogLeNet,image,1,2.0,256,256 KB,0.7636,0.3165,0.8917
GoogLeNet,image,1,2.0,512,256 KB,0.7636,0.1582,0.8202
GoogLeNet,image,1,4.0,4,256 KB,0.3818,20.2559,20.2559
GoogLeNet,image,1,4.0,8,256 KB,0.3818,10.1280,10.1280
GoogLeNet,image,1,4.0,16,256 KB,0.3818,5.0640,5.0640
GoogLeNet,image,1,4.0,32,256 KB,0.3818,2.5320,2.5320
GoogLeNet,image,1,4.0,64,256 KB,0.3818,1.2660,1.2660
GoogLeNet,image,1,4.0,128,256 KB,0.3818,0.6330,0.6604
GoogLeNet,image,1,4.0,256,256 KB,0.3818,0.3165,0.5174
GoogLeNet,image,1,4.0,512,256 KB,0.3818,0.1582,0.4459
GoogLeNet,image,1,8.0,4,256 KB,0.1909,20.2559,20.2559
GoogLeNet,image,1,8.0,8,256 KB,0.1909,10.1280,10.1280
GoogLeNet,image,1,8.0,16,256 KB,0.1909,5.0640,5.0640
GoogLeNet,image,1,8.0,32,256 KB,0.1909,2.5320,2.5320
GoogLeNet,image,1,8.0,64,256 KB,0.1909,1.2660,1.2660
GoogLeNet,image,1,8.0,128,256 KB,0.1909,0.6330,0.6330
GoogLeNet,image,1,8.0,256,256 KB,0.1909,0.3165,0.3302
GoogLeNet,image,1,8.0,512,256 KB,0.1909,0.1582,0.2587
GoogLeNet,image,1,16.0,4,256 KB,0.0954,20.2559,20.2559
GoogLeNet,image,1,16.0,8,256 KB,0.0954,10.1280,10.1280
GoogLeNet,image,1,16.0,16,256 KB,0.0954,5.0640,5.0640
GoogLeNet,image,1,16.0,32,256 KB,0.0954,2.5320,2.5320
GoogLeNet,image,1,16.0,64,256 KB,0.0954,1.2660,1.2660
GoogLeNet,image,1,16.0,128,256 KB,0.0954,0.6330,0.6330
GoogLeNet,image,1,16.0,256,256 KB,0.0954,0.3165,0.3165
GoogLeNet,image,1,16.0,512,256 KB,0.0954,0.1582,0.1651
GoogLeNet,image,1,32.0,4,256 KB,0.0477,20.2559,20.2559
GoogLeNet,image,1,32.0,8,256 KB,0.0477,10.1280,10.1280
GoogLeNet,image,1,32.0,16,256 KB,0.0477,5.0640,5.0640
GoogLeNet,image,1,32.0,32,256 KB,0.0477,2.5320,2.5320
GoogLeNet,image,1,32.0,64,256 KB,0.0477,1.2660,1.2660
GoogLeNet,image,1,32.0,128,256 KB,0.0477,0.6330,0.6330
GoogLeNet,image,1,32.0,256,256 KB,0.0477,0.3165,0.3165
GoogLeNet,image,1,32.0,512,256 KB,0.0477,0.1582,0.1582
GoogLeNet,image,1,64.0,4,256 KB,0.0239,20.2559,20.2559
GoogLeNet,image,1,64.0,8,256 KB,0.0239,10.1280,10.1280
GoogLeNet,image,1,64.0,16,256 KB,0.0239,5.0640,5.0640
GoogLeNet,image,1,64.0,32,256 KB,0.0239,2.5320,2.5320
GoogLeNet,image,1,64.0,64,256 KB,0.0239,1.2660,1.2660
GoogLeNet,image,1,64.0,128,256 KB,0.0239,0.6330,0.6330
GoogLeNet,image,1,64.0,256,256 KB,0.0239,0.3165,0.3165
GoogLeNet,image,1,64.0,512,256 KB,0.0239,0.1582,0.1582
GoogLeNet,image,1,0.5,4,1 MB,3.0543,19.6363,19.6363
GoogLeNet,image,1,0.5,8,1 MB,3.0543,9.8182,9.8182
GoogLeNet,image,1,0.5,16,1 MB,3.0543,4.9091,5.2831
GoogLeNet,image,1,0.5,32,1 MB,3.0543,2.4545,4.1389
GoogLeNet,image,1,0.5,64,1 MB,3.0543,1.2273,3.5668
GoogLeNet,image,1,0.5,128,1 MB,3.0543,0.6136,3.2808
GoogLeNet,image,1,0.5,256,1 MB,3.0543,0.3068,3.1377
GoogLeNet,image,1,0.5,512,1 MB,3.0543,0.1534,3.0751
GoogLeNet,image,1,1.0,4,1 MB,1.5271,19.6363,19.6363
GoogLeNet,image,1,1.0,8,1 MB,1.5271,9.8182,9.8182
GoogLeNet,image,1,1.0,16,1 MB,1.5271,4.9091,4.9091
GoogLeNet,image,1,1.0,32,1 MB,1.5271,2.4545,2.6416
GoogLeNet,image,1,1.0,64,1 MB,1.5271,1.2273,2.0695
GoogLeNet,image,1,1.0,128,1 MB,1.5271,0.6136,1.7834
GoogLeNet,image,1,1.0,256,1 MB,1.5271,0.3068,1.6404
GoogLeNet,image,1,1.0,512,1 MB,1.5271,0.1534,1.5689
GoogLeNet,image,1,2.0,4,1 MB,0.7636,19.6363,19.6363
GoogLeNet,image,1,2.0,8,1 MB,0.7636,9.8182,9.8182
GoogLeNet,image,1,2.0,16,1 MB,0.7636,4.9091,4.9091
GoogLeNet,image,1,2.0,32,1 MB,0.7636,2.4545,2.4545
GoogLeNet,image,1,2.0,64,1 MB,0.7636,1.2273,1.3208
GoogLeNet,image,1,2.0,128,1 MB,0.7636,0.6136,1.0347
GoogLeNet,image,1,2.0,256,1 MB,0.7636,0.3068,0.8917
GoogLeNet,image,1,2.0,512,1 MB,0.7636,0.1534,0.8202
GoogLeNet,image,1,4.0,4,1 MB,0.3818,19.6363,19.6363
GoogLeNet,image,1,4.0,8,1 MB,0.3818,9.8182,9.8182
GoogLeNet,image,1,4.0,16,1 MB,0.3818,4.9091,4.9091
GoogLeNet,image,1,4.0,32,1 MB,0.3818,2.4545,2.4545
GoogLeNet,image,1,4.0,64,1 MB,0.3818,1.2273,1.2273
GoogLeNet,image,1,4.0,128,1 MB,0.3818,0.6136,0.6604
GoogLeNet,image,1,4.0,256,1 MB,0.3818,0.3068,0.5174
GoogLeNet,image,1,4.0,512,1 MB,0.3818,0.1534,0.4459
GoogLeNet,image,1,8.0,4,1 MB,0.1909,19.6363,19.6363
GoogLeNet,image,1,8.0,8,1 MB,0.1909,9.8182,9.8182
GoogLeNet,image,1,8.0,16,1 MB,0.1909,4.9091,4.9091
GoogLeNet,image,1,8.0,32,1 MB,0.1909,2.4545,2.4545
GoogLeNet,image,1,8.0,64,1 MB,0.1909,1.2273,1.2273
GoogLeNet,image,1,8.0,128,1 MB,0.1909,0.6136,0.6136
GoogLeNet,image,1,8.0,256,1 MB,0.1909,0.3068,0.3302
GoogLeNet,image,1,8.0,512,1 MB,0.1909,0.1534,0.2587
GoogLeNet,image,1,16.0,4,1 MB,0.0954,19.6363,19.6363
GoogLeNet,image,1,16.0,8,1 MB,0.0954,9.8182,9.8182
GoogLeNet,image,1,16.0,16,1 MB,0.0954,4.9091,4.9091
GoogLeNet,image,1,16.0,32,1 MB,0.0954,2.4545,2.4545
GoogLeNet,image,1,16.0,64,1 MB,0.0954,1.2273,1.2273
GoogLeNet,image,1,16.0,128,1 MB,0.0954,0.6136,0.6136
GoogLeNet,image,1,16.0,256,1 MB,0.0954,0.3068,0.3068
GoogLeNet,image,1,16.0,512,1 MB,0.0954,0.1534,0.1651
GoogLeNet,image,1,32.0,4,1 MB,0.0477,19.6363,19.6363
GoogLeNet,image,1,32.0,8,1 MB,0.0477,9.8182,9.8182
GoogLeNet,image,1,32.0,16,1 MB,0.0477,4.9091,4.9091
GoogLeNet,image,1,32.0,32,1 MB,0.0477,2.4545,2.4545
GoogLeNet,image,1,32.0,64,1 MB,0.0477,1.2273,1.2273
GoogLeNet,image,1,32.0,128,1 MB,0.0477,0.6136,0.6136
GoogLeNet,image,1,32.0,256,1 MB,0.0477,0.3068,0.3068
GoogLeNet,image,1,32.0,512,1 MB,0.0477,0.1534,0.1534
GoogLeNet,image,1,64.0,4,1 MB,0.0239,19.6363,19.6363
GoogLeNet,image,1,64.0,8,1 MB,0.0239,9.8182,9.8182
GoogLeNet,image,1,64.0,16,1 MB,0.0239,4.9091,4.9091
GoogLeNet,image,1,64.0,32,1 MB,0.0239,2.4545,2.4545
GoogLeNet,image,1,64.0,64,1 MB,0.0239,1.2273,1.2273
GoogLeNet,image,1,64.0,128,1 MB,0.0239,0.6136,0.6136
GoogLeNet,image,1,64.0,256,1 MB,0.0239,0.3068,0.3068
GoogLeNet,image,1,64.0,512,1 MB,0.0239,0.1534,0.1534
GoogLeNet,image,1,0.5,4,4 MB,3.0543,19.2317,19.2317
GoogLeNet,image,1,0.5,8,4 MB,3.0543,9.6159,9.6159
GoogLeNet,image,1,0.5,16,4 MB,3.0543,4.8079,5.2830
GoogLeNet,image,1,0.5,32,4 MB,3.0543,2.4040,4.1388
GoogLeNet,image,1,0.5,64,4 MB,3.0543,1.2020,3.5668
GoogLeNet,image,1,0.5,128,4 MB,3.0543,0.6010,3.2807
GoogLeNet,image,1,0.5,256,4 MB,3.0543,0.3005,3.1377
GoogLeNet,image,1,0.5,512,4 MB,3.0543,0.1502,3.0751
GoogLeNet,image,1,1.0,4,4 MB,1.5271,19.2317,19.2317
GoogLeNet,image,1,1.0,8,4 MB,1.5271,9.6159,9.6159
GoogLeNet,image,1,1.0,16,4 MB,1.5271,4.8079,4.8079
GoogLeNet,image,1,1.0,32,4 MB,1.5271,2.4040,2.6415
GoogLeNet,image,1,1.0,64,4 MB,1.5271,1.2020,2.0694
GoogLeNet,image,1,1.0,128,4 MB,1.5271,0.6010,1.7834
GoogLeNet,image,1,1.0,256,4 MB,1.5271,0.3005,1.6404
GoogLeNet,image,1,1.0,512,4 MB,1.5271,0.1502,1.5689
GoogLeNet,image,1,2.0,4,4 MB,0.7636,19.2317,19.2317
GoogLeNet,image,1,2.0,8,4 MB,0.7636,9.6159,9.6159
GoogLeNet,image,1,2.0,16,4 MB,0.7636,4.8079,4.8079
GoogLeNet,image,1,2.0,32,4 MB,0.7636,2.4040,2.4040
GoogLeNet,image,1,2.0,64,4 MB,0.7636,1.2020,1.3207
GoogLeNet,image,1,2.0,128,4 MB,0.7636,0.6010,1.0347
GoogLeNet,image,1,2.0,256,4 MB,0.7636,0.3005,0.8917
GoogLeNet,image,1,2.0,512,4 MB,0.7636,0.1502,0.8202
GoogLeNet,image,1,4.0,4,4 MB,0.3818,19.2317,19.2317
GoogLeNet,image,1,4.0,8,4 MB,0.3818,9.6159,9.6159
GoogLeNet,image,1,4.0,16,4 MB,0.3818,4.8079,4.8079
GoogLeNet,image,1,4.0,32,4 MB,0.3818,2.4040,2.4040
GoogLeNet,image,1,4.0,64,4 MB,0.3818,1.2020,1.2020
GoogLeNet,image,1,4.0,128,4 MB,0.3818,0.6010,0.6604
GoogLeNet,image,1,4.0,256,4 MB,0.3818,0.3005,0.5174
GoogLeNet,image,1,4.0,512,4 MB,0.3818,0.1502,0.4458
GoogLeNet,image,1,8.0,4,4 MB,0.1909,19.2317,19.2317
GoogLeNet,image,1,8.0,8,4 MB,0.1909,9.6159,9.6159
GoogLeNet,image,1,8.0,16,4 MB,0.1909,4.8079,4.8079
GoogLeNet,image,1,8.0,32,4 MB,0.1909,2.4040,2.4040
GoogLeNet,image,1,8.0,64,4 MB,0.1909,1.2020,1.2020
GoogLeNet,image,1,8.0,128,4 MB,0.1909,0.6010,0.6010
GoogLeNet,image,1,8.0,256,4 MB,0.1909,0.3005,0.3302
GoogLeNet,image,1,8.0,512,4 MB,0.1909,0.1502,0.2587
GoogLeNet,image,1,16.0,4,4 MB,0.0954,19.2317,19.2317
GoogLeNet,image,1,16.0,8,4 MB,0.0954,9.6159,9.6159
GoogLeNet,image,1,16.0,16,4 MB,0.0954,4.8079,4.8079
GoogLeNet,image,1,16.0,32,4 MB,0.0954,2.4040,2.4040
GoogLeNet,image,1,16.0,64,4 MB,0.0954,1.2020,1.2020
GoogLeNet,image,1,16.0,128,4 MB,0.0954,0.6010,0.6010
GoogLeNet,image,1,16.0,256,4 MB,0.0954,0.3005,0.3005
GoogLeNet,image,1,16.0,512,4 MB,0.0954,0.1502,0.1651
GoogLeNet,image,1,32.0,4,4 MB,0.0477,19.2317,19.2317
GoogLeNet,image,1,32.0,8,4 MB,0.0477,9.6159,9.6159
GoogLeNet,image,1,32.0,16,4 MB,0.0477,4.8079,4.8079
GoogLeNet,image,1,32.0,32,4 MB,0.0477,2.4040,2.4040
GoogLeNet,image,1,32.0,64,4 MB,0.0477,1.2020,1.2020
GoogLeNet,image,1,32.0,128,4 MB,0.0477,0.6010,0.6010
GoogLeNet,image,1,32.0,256,4 MB,0.0477,0.3005,0.3005
GoogLeNet,image,1,32.0,512,4 MB,0.0477,0.1502,0.1502
GoogLeNet,image,1,64.0,4,4 MB,0.0239,19.2317,19.2317
GoogLeNet,image,1,64.0,8,4 MB,0.0239,9.6159,9.6159
GoogLeNet,image,1,64.0,16,4 MB,0.0239,4.8079,4.8079
GoogLeNet,image,1,64.0,32,4 MB,0.0239,2.4040,2.4040
GoogLeNet,image,1,64.0,64,4 MB,0.0239,1.2020,1.2020
GoogLeNet,image,1,64.0,128,4 MB,0.0239,0.6010,0.6010
GoogLeNet,image,1,64.0,256,4 MB,0.0239,0.3005,0.3005
GoogLeNet,image,1,64.0,512,4 MB,0.0239,0.1502,0.1502
GoogLeNet,image,8,0.5,4,256 KB,24.4338,145.8222,145.8222
GoogLeNet,image,8,0.5,8,256 KB,24.4338,72.9111,72.9111
GoogLeNet,image,8,0.5,16,256 KB,24.4338,36.4555,41.3444
GoogLeNet,image,8,0.5,32,256 KB,24.4338,18.2278,32.6510
GoogLeNet,image,8,0.5,64,256 KB,24.4338,9.1139,28.3043
GoogLeNet,image,8,0.5,128,256 KB,24.4338,4.5569,26.1310
GoogLeNet,image,8,0.5,256,256 KB,24.4338,2.2785,25.0525
GoogLeNet,image,8,0.5,512,256 KB,24.4338,1.1392,24.5847
GoogLeNet,image,8,1.0,4,256 KB,12.2169,145.8222,145.8222
GoogLeNet,image,8,1.0,8,256 KB,12.2169,72.9111,72.9111
GoogLeNet,image,8,1.0,16,256 KB,12.2169,36.4555,36.4555
GoogLeNet,image,8,1.0,32,256 KB,12.2169,18.2278,20.6722
GoogLeNet,image,8,1.0,64,256 KB,12.2169,9.1139,16.3255
GoogLeNet,image,8,1.0,128,256 KB,12.2169,4.5569,14.1522
GoogLeNet,image,8,1.0,256,256 KB,12.2169,2.2785,13.0655
GoogLeNet,image,8,1.0,512,256 KB,12.2169,1.1392,12.5262
GoogLeNet,image,8,2.0,4,256 KB,6.1085,145.8222,145.8222
GoogLeNet,image,8,2.0,8,256 KB,6.1085,72.9111,72.9111
GoogLeNet,image,8,2.0,16,256 KB,6.1085,36.4555,36.4555
GoogLeNet,image,8,2.0,32,256 KB,6.1085,18.2278,18.2278
GoogLeNet,image,8,2.0,64,256 KB,6.1085,9.1139,10.3361
GoogLeNet,image,8,2.0,128,256 KB,6.1085,4.5569,8.1628
GoogLeNet,image,8,2.0,256,256 KB,6.1085,2.2785,7.0761
GoogLeNet,image,8,2.0,512,256 KB,6.1085,1.1392,6.5327
GoogLeNet,image,8,4.0,4,256 KB,3.0542,145.8222,145.8222
GoogLeNet,image,8,4.0,8,256 KB,3.0542,72.9111,72.9111
GoogLeNet,image,8,4.0,16,256 KB,3.0542,36.4555,36.4555
GoogLeNet,image,8,4.0,32,256 KB,3.0542,18.2278,18.2278
GoogLeNet,image,8,4.0,64,256 KB,3.0542,9.1139,9.1139
GoogLeNet,image,8,4.0,128,256 KB,3.0542,4.5569,5.1681
GoogLeNet,image,8,4.0,256,256 KB,3.0542,2.2785,4.0814
GoogLeNet,image,8,4.0,512,256 KB,3.0542,1.1392,3.5380
GoogLeNet,image,8,8.0,4,256 KB,1.5271,145.8222,145.8222
GoogLeNet,image,8,8.0,8,256 KB,1.5271,72.9111,72.9111
GoogLeNet,image,8,8.0,16,256 KB,1.5271,36.4555,36.4555
GoogLeNet,image,8,8.0,32,256 KB,1.5271,18.2278,18.2278
GoogLeNet,image,8,8.0,64,256 KB,1.5271,9.1139,9.1139
GoogLeNet,image,8,8.0,128,256 KB,1.5271,4.5569,4.5569
GoogLeNet,image,8,8.0,256,256 KB,1.5271,2.2785,2.5840
GoogLeNet,image,8,8.0,512,256 KB,1.5271,1.1392,2.0407
GoogLeNet,image,8,16.0,4,256 KB,0.7636,145.8222,145.8222
GoogLeNet,image,8,16.0,8,256 KB,0.7636,72.9111,72.9111
GoogLeNet,image,8,16.0,16,256 KB,0.7636,36.4555,36.4555
GoogLeNet,image,8,16.0,32,256 KB,0.7636,18.2278,18.2278
GoogLeNet,image,8,16.0,64,256 KB,0.7636,9.1139,9.1139
GoogLeNet,image,8,16.0,128,256 KB,0.7636,4.5569,4.5569
GoogLeNet,image,8,16.0,256,256 KB,0.7636,2.2785,2.2785
GoogLeNet,image,8,16.0,512,256 KB,0.7636,1.1392,1.2920
GoogLeNet,image,8,32.0,4,256 KB,0.3818,145.8222,145.8222
GoogLeNet,image,8,32.0,8,256 KB,0.3818,72.9111,72.9111
GoogLeNet,image,8,32.0,16,256 KB,0.3818,36.4555,36.4555
GoogLeNet,image,8,32.0,32,256 KB,0.3818,18.2278,18.2278
GoogLeNet,image,8,32.0,64,256 KB,0.3818,9.1139,9.1139
GoogLeNet,image,8,32.0,128,256 KB,0.3818,4.5569,4.5569
GoogLeNet,image,8,32.0,256,256 KB,0.3818,2.2785,2.2785
GoogLeNet,image,8,32.0,512,256 KB,0.3818,1.1392,1.1392
GoogLeNet,image,8,64.0,4,256 KB,0.1909,145.8222,145.8222
GoogLeNet,image,8,64.0,8,256 KB,0.1909,72.9111,72.9111
GoogLeNet,image,8,64.0,16,256 KB,0.1909,36.4555,36.4555
GoogLeNet,image,8,64.0,32,256 KB,0.1909,18.2278,18.2278
GoogLeNet,image,8,64.0,64,256 KB,0.1909,9.1139,9.1139
GoogLeNet,image,8,64.0,128,256 KB,0.1909,4.5569,4.5569
GoogLeNet,image,8,64.0,256,256 KB,0.1909,2.2785,2.2785
GoogLeNet,image,8,64.0,512,256 KB,0.1909,1.1392,1.1392
GoogLeNet,image,8,0.5,4,1 MB,24.4338,136.6256,136.6256
GoogLeNet,image,8,0.5,8,1 MB,24.4338,68.3128,68.3128
GoogLeNet,image,8,0.5,16,1 MB,24.4338,34.1564,41.3434
GoogLeNet,image,8,0.5,32,1 MB,24.4338,17.0782,32.6505
GoogLeNet,image,8,0.5,64,1 MB,24.4338,8.5391,28.3041
GoogLeNet,image,8,0.5,128,1 MB,24.4338,4.2695,26.1309
GoogLeNet,image,8,0.5,256,1 MB,24.4338,2.1348,25.0525
GoogLeNet,image,8,0.5,512,1 MB,24.4338,1.0674,24.5847
GoogLeNet,image,8,1.0,4,1 MB,12.2169,136.6256,136.6256
GoogLeNet,image,8,1.0,8,1 MB,12.2169,68.3128,68.3128
GoogLeNet,image,8,1.0,16,1 MB,12.2169,34.1564,34.1564
GoogLeNet,image,8,1.0,32,1 MB,12.2169,17.0782,20.6717
GoogLeNet,image,8,1.0,64,1 MB,12.2169,8.5391,16.3253
GoogLeNet,image,8,1.0,128,1 MB,12.2169,4.2695,14.1520
GoogLeNet,image,8,1.0,256,1 MB,12.2169,2.1348,13.0654
GoogLeNet,image,8,1.0,512,1 MB,12.2169,1.0674,12.5262
GoogLeNet,image,8,2.0,4,1 MB,6.1085,136.6256,136.6256
GoogLeNet,image,8,2.0,8,1 MB,6.1085,68.3128,68.3128
GoogLeNet,image,8,2.0,16,1 MB,6.1085,34.1564,34.1564
GoogLeNet,image,8,2.0,32,1 MB,6.1085,17.0782,17.0782
GoogLeNet,image,8,2.0,64,1 MB,6.1085,8.5391,10.3359
GoogLeNet,image,8,2.0,128,1 MB,6.1085,4.2695,8.1626
GoogLeNet,image,8,2.0,256,1 MB,6.1085,2.1348,7.0760
GoogLeNet,image,8,2.0,512,1 MB,6.1085,1.0674,6.5327
GoogLeNet,image,8,4.0,4,1 MB,3.0542,136.6256,136.6256
GoogLeNet,image,8,4.0,8,1 MB,3.0542,68.3128,68.3128
GoogLeNet,image,8,4.0,16,1 MB,3.0542,34.1564,34.1564
GoogLeNet,image,8,4.0,32,1 MB,3.0542,17.0782,17.0782
GoogLeNet,image,8,4.0,64,1 MB,3.0542,8.5391,8.5391
GoogLeNet,image,8,4.0,128,1 MB,3.0542,4.2695,5.1679
GoogLeNet,image,8,4.0,256,1 MB,3.0542,2.1348,4.0813
GoogLeNet,image,8,4.0,512,1 MB,3.0542,1.0674,3.5380
GoogLeNet,image,8,8.0,4,1 MB,1.5271,136.6256,136.6256
GoogLeNet,image,8,8.0,8,1 MB,1.5271,68.3128,68.3128
GoogLeNet,image,8,8.0,16,1 MB,1.5271,34.1564,34.1564
GoogLeNet,image,8,8.0,32,1 MB,1.5271,17.0782,17.0782
GoogLeNet,image,8,8.0,64,1 MB,1.5271,8.5391,8.5391
GoogLeNet,image,8,8.0,128,1 MB,1.5271,4.2695,4.2695
GoogLeNet,image,8,8.0,256,1 MB,1.5271,2.1348,2.5840
GoogLeNet,image,8,8.0,512,1 MB,1.5271,1.0674,2.0407
GoogLeNet,image,8,16.0,4,1 MB,0.7636,136.6256,136.6256
GoogLeNet,image,8,16.0,8,1 MB,0.7636,68.3128,68.3128
GoogLeNet,image,8,16.0,16,1 MB,0.7636,34.1564,34.1564
GoogLeNet,image,8,16.0,32,1 MB,0.7636,17.0782,17.0782
GoogLeNet,image,8,16.0,64,1 MB,0.7636,8.5391,8.5391
GoogLeNet,image,8,16.0,128,1 MB,0.7636,4.2695,4.2695
GoogLeNet,image,8,16.0,256,1 MB,0.7636,2.1348,2.1348
GoogLeNet,image,8,16.0,512,1 MB,0.7636,1.0674,1.2920
GoogLeNet,image,8,32.0,4,1 MB,0.3818,136.6256,136.6256
GoogLeNet,image,8,32.0,8,1 MB,0.3818,68.3128,68.3128
GoogLeNet,image,8,32.0,16,1 MB,0.3818,34.1564,34.1564
GoogLeNet,image,8,32.0,32,1 MB,0.3818,17.0782,17.0782
GoogLeNet,image,8,32.0,64,1 MB,0.3818,8.5391,8.5391
GoogLeNet,image,8,32.0,128,1 MB,0.3818,4.2695,4.2695
GoogLeNet,image,8,32.0,256,1 MB,0.3818,2.1348,2.1348
GoogLeNet,image,8,32.0,512,1 MB,0.3818,1.0674,1.0674
GoogLeNet,image,8,64.0,4,1 MB,0.1909,136.6256,136.6256
GoogLeNet,image,8,64.0,8,1 MB,0.1909,68.3128,68.3128
GoogLeNet,image,8,64.0,16,1 MB,0.1909,34.1564,34.1564
GoogLeNet,image,8,64.0,32,1 MB,0.1909,17.0782,17.0782
GoogLeNet,image,8,64.0,64,1 MB,0.1909,8.5391,8.5391
GoogLeNet,image,8,64.0,128,1 MB,0.1909,4.2695,4.2695
GoogLeNet,image,8,64.0,256,1 MB,0.1909,2.1348,2.1348
GoogLeNet,image,8,64.0,512,1 MB,0.1909,1.0674,1.0674
GoogLeNet,image,8,0.5,4,4 MB,24.4338,133.0110,133.0110
GoogLeNet,image,8,0.5,8,4 MB,24.4338,66.5055,66.5055
GoogLeNet,image,8,0.5,16,4 MB,24.4338,33.2528,41.3424
GoogLeNet,image,8,0.5,32,4 MB,24.4338,16.6264,32.6500
GoogLeNet,image,8,0.5,64,4 MB,24.4338,8.3132,28.3038
GoogLeNet,image,8,0.5,128,4 MB,24.4338,4.1566,26.1309
GoogLeNet,image,8,0.5,256,4 MB,24.4338,2.0783,25.0525
GoogLeNet,image,8,0.5,512,4 MB,24.4338,1.0391,24.5847
GoogLeNet,image,8,1.0,4,4 MB,12.2169,133.0110,133.0110
GoogLeNet,image,8,1.0,8,4 MB,12.2169,66.5055,66.5055
GoogLeNet,image,8,1.0,16,4 MB,12.2169,33.2528,33.2528
GoogLeNet,image,8,1.0,32,4 MB,12.2169,16.6264,20.6712
GoogLeNet,image,8,1.0,64,4 MB,12.2169,8.3132,16.3250
GoogLeNet,image,8,1.0,128,4 MB,12.2169,4.1566,14.1519
GoogLeNet,image,8,1.0,256,4 MB,12.2169,2.0783,13.0654
GoogLeNet,image,8,1.0,512,4 MB,12.2169,1.0391,12.5262
GoogLeNet,image,8,2.0,4,4 MB,6.1085,133.0110,133.0110
GoogLeNet,image,8,2.0,8,4 MB,6.1085,66.5055,66.5055
GoogLeNet,image,8,2.0,16,4 MB,6.1085,33.2528,33.2528
GoogLeNet,image,8,2.0,32,4 MB,6.1085,16.6264,16.6264
GoogLeNet,image,8,2.0,64,4 MB,6.1085,8.3132,10.3356
GoogLeNet,image,8,2.0,128,4 MB,6.1085,4.1566,8.1625
GoogLeNet,image,8,2.0,256,4 MB,6.1085,2.0783,7.0760
GoogLeNet,image,8,2.0,512,4 MB,6.1085,1.0391,6.5327
GoogLeNet,image,8,4.0,4,4 MB,3.0542,133.0110,133.0110
GoogLeNet,image,8,4.0,8,4 MB,3.0542,66.5055,66.5055
GoogLeNet,image,8,4.0,16,4 MB,3.0542,33.2528,33.2528
GoogLeNet,image,8,4.0,32,4 MB,3.0542,16.6264,16.6264
GoogLeNet,image,8,4.0,64,4 MB,3.0542,8.3132,8.3132
GoogLeNet,image,8,4.0,128,4 MB,3.0542,4.1566,5.1678
GoogLeNet,image,8,4.0,256,4 MB,3.0542,2.0783,4.0813
GoogLeNet,image,8,4.0,512,4 MB,3.0542,1.0391,3.5380
GoogLeNet,image,8,8.0,4,4 MB,1.5271,133.0110,133.0110
GoogLeNet,image,8,8.0,8,4 MB,1.5271,66.5055,66.5055
GoogLeNet,image,8,8.0,16,4 MB,1.5271,33.2528,33.2528
GoogLeNet,image,8,8.0,32,4 MB,1.5271,16.6264,16.6264
GoogLeNet,image,8,8.0,64,4 MB,1.5271,8.3132,8.3132
GoogLeNet,image,8,8.0,128,4 MB,1.5271,4.1566,4.1566
GoogLeNet,image,8,8.0,256,4 MB,1.5271,2.0783,2.5839
GoogLeNet,image,8,8.0,512,4 MB,1.5271,1.0391,2.0406
GoogLeNet,image,8,16.0,4,4 MB,0.7636,133.0110,133.0110
GoogLeNet,image,8,16.0,8,4 MB,0.7636,66.5055,66.5055
GoogLeNet,image,8,16.0,16,4 MB,0.7636,33.2528,33.2528
GoogLeNet,image,8,16.0,32,4 MB,0.7636,16.6264,16.6264
GoogLeNet,image,8,16.0,64,4 MB,0.7636,8.3132,8.3132
GoogLeNet,image,8,16.0,128,4 MB,0.7636,4.1566,4.1566
GoogLeNet,image,8,16.0,256,4 MB,0.7636,2.0783,2.0783
GoogLeNet,image,8,16.0,512,4 MB,0.7636,1.0391,1.2919
GoogLeNet,image,8,32.0,4,4 MB,0.3818,133.0110,133.0110
GoogLeNet,image,8,32.0,8,4 MB,0.3818,66.5055,66.5055
GoogLeNet,image,8,32.0,16,4 MB,0.3818,33.2528,33.2528
GoogLeNet,image,8,32.0,32,4 MB,0.3818,16.6264,16.6264
GoogLeNet,image,8,32.0,64,4 MB,0.3818,8.3132,8.3132
GoogLeNet,image,8,32.0,128,4 MB,0.3818,4.1566,4.1566
GoogLeNet,image,8,32.0,256,4 MB,0.3818,2.0783,2.0783
GoogLeNet,image,8,32.0,512,4 MB,0.3818,1.0391,1.0391
GoogLeNet,image,8,64.0,4,4 MB,0.1909,133.0110,133.0110
GoogLeNet,image,8,64.0,8,4 MB,0.1909,66.5055,66.5055
GoogLeNet,image,8,64.0,16,4 MB,0.1909,33.2528,33.2528
GoogLeNet,image,8,64.0,32,4 MB,0.1909,16.6264,16.6264
GoogLeNet,image,8,64.0,64,4 MB,0.1909,8.3132,8.3132
GoogLeNet,image,8,64.0,128,4 MB,0.1909,4.1566,4.1566
GoogLeNet,image,8,64.0,256,4 MB,0.1909,2.0783,2.0783
GoogLeNet,image,8,64.0,512,4 MB,0.1909,1.0391,1.0391
ResNet-18,image,1,0.5,4,256 KB,3.6563,21.4185,21.4185
ResNet-18,image,1,0.5,8,256 KB,3.6563,10.7093,10.7093
ResNet-18,image,1,0.5,16,256 KB,3.6563,5.3546,5.3546
ResNet-18,image,1,0.5,32,256 KB,3.6563,2.6773,4.3238
ResNet-18,image,1,0.5,64,256 KB,3.6563,1.3387,3.9755
ResNet-18,image,1,0.5,128,256 KB,3.6563,0.6693,3.8013
ResNet-18,image,1,0.5,256,256 KB,3.6563,0.3347,3.7142
ResNet-18,image,1,0.5,512,256 KB,3.6563,0.1673,3.6711
ResNet-18,image,1,1.0,4,256 KB,1.8282,21.4185,21.4185
ResNet-18,image,1,1.0,8,256 KB,1.8282,10.7093,10.7093
ResNet-18,image,1,1.0,16,256 KB,1.8282,5.3546,5.3546
ResNet-18,image,1,1.0,32,256 KB,1.8282,2.6773,2.6773
ResNet-18,image,1,1.0,64,256 KB,1.8282,1.3387,2.1619
ResNet-18,image,1,1.0,128,256 KB,1.8282,0.6693,1.9877
ResNet-18,image,1,1.0,256,256 KB,1.8282,0.3347,1.9006
ResNet-18,image,1,1.0,512,256 KB,1.8282,0.1673,1.8571
ResNet-18,image,1,2.0,4,256 KB,0.9141,21.4185,21.4185
ResNet-18,image,1,2.0,8,256 KB,0.9141,10.7093,10.7093
ResNet-18,image,1,2.0,16,256 KB,0.9141,5.3546,5.3546
ResNet-18,image,1,2.0,32,256 KB,0.9141,2.6773,2.6773
ResNet-18,image,1,2.0,64,256 KB,0.9141,1.3387,1.3387
ResNet-18,image,1,2.0,128,256 KB,0.9141,0.6693,1.0809
ResNet-18,image,1,2.0,256,256 KB,0.9141,0.3347,0.9939
ResNet-18,image,1,2.0,512,256 KB,0.9141,0.1673,0.9503
ResNet-18,image,1,4.0,4,256 KB,0.4570,21.4185,21.4185
ResNet-18,image,1,4.0,8,256 KB,0.4570,10.7093,10.7093
ResNet-18,image,1,4.0,16,256 KB,0.4570,5.3546,5.3546
ResNet-18,image,1,4.0,32,256 KB,0.4570,2.6773,2.6773
ResNet-18,image,1,4.0,64,256 KB,0.4570,1.3387,1.3387
ResNet-18,image,1,4.0,128,256 KB,0.4570,0.6693,0.6693
ResNet-18,image,1,4.0,256,256 KB,0.4570,0.3347,0.5405
ResNet-18,image,1,4.0,512,256 KB,0.4570,0.1673,0.4969
ResNet-18,image,1,8.0,4,256 KB,0.2285,21.4185,21.4185
ResNet-18,image,1,8.0,8,256 KB,0.2285,10.7093,10.7093
ResNet-18,image,1,8.0,16,256 KB,0.2285,5.3546,5.3546
ResNet-18,image,1,8.0,32,256 KB,0.2285,2.6773,2.6773
ResNet-18,image,1,8.0,64,256 KB,0.2285,1.3387,1.3387
ResNet-18,image,1,8.0,128,256 KB,0.2285,0.6693,0.6693
ResNet-18,image,1,8.0,256,256 KB,0.2285,0.3347,0.3347
ResNet-18,image,1,8.0,512,256 KB,0.2285,0.1673,0.2702
ResNet-18,image,1,16.0,4,256 KB,0.1143,21.4185,21.4185
ResNet-18,image,1,16.0,8,256 KB,0.1143,10.7093,10.7093
ResNet-18,image,1,16.0,16,256 KB,0.1143,5.3546,5.3546
ResNet-18,image,1,16.0,32,256 KB,0.1143,2.6773,2.6773
ResNet-18,image,1,16.0,64,256 KB,0.1143,1.3387,1.3387
ResNet-18,image,1,16.0,128,256 KB,0.1143,0.6693,0.6693
ResNet-18,image,1,16.0,256,256 KB,0.1143,0.3347,0.3347
ResNet-18,image,1,16.0,512,256 KB,0.1143,0.1673,0.1673
ResNet-18,image,1,32.0,4,256 KB,0.0571,21.4185,21.4185
ResNet-18,image,1,32.0,8,256 KB,0.0571,10.7093,10.7093
ResNet-18,image,1,32.0,16,256 KB,0.0571,5.3546,5.3546
ResNet-18,image,1,32.0,32,256 KB,0.0571,2.6773,2.6773
ResNet-18,image,1,32.0,64,256 KB,0.0571,1.3387,1.3387
ResNet-18,image,1,32.0,128,256 KB,0.0571,0.6693,0.6693
ResNet-18,image,1,32.0,256,256 KB,0.0571,0.3347,0.3347
ResNet-18,image,1,32.0,512,256 KB,0.0571,0.1673,0.1673
ResNet-18,image,1,64.0,4,256 KB,0.0286,21.4185,21.4185
ResNet-18,image,1,64.0,8,256 KB,0.0286,10.7093,10.7093
ResNet-18,image,1,64.0,16,256 KB,0.0286,5.3546,5.3546
ResNet-18,image,1,64.0,32,256 KB,0.0286,2.6773,2.6773
ResNet-18,image,1,64.0,64,256 KB,0.0286,1.3387,1.3387
ResNet-18,image,1,64.0,128,256 KB,0.0286,0.6693,0.6693
ResNet-18,image,1,64.0,256,256 KB,0.0286,0.3347,0.3347
ResNet-18,image,1,64.0,512,256 KB,0.0286,0.1673,0.1673
ResNet-18,image,1,0.5,4,1 MB,3.6563,20.3798,20.3798
ResNet-18,image,1,0.5,8,1 MB,3.6563,10.1899,10.1899
ResNet-18,image,1,0.5,16,1 MB,3.6563,5.0950,5.0950
ResNet-18,image,1,0.5,32,1 MB,3.6563,2.5475,4.3237
ResNet-18,image,1,0.5,64,1 MB,3.6563,1.2737,3.9754
ResNet-18,image,1,0.5,128,1 MB,3.6563,0.6369,3.8013
ResNet-18,image,1,0.5,256,1 MB,3.6563,0.3184,3.7142
ResNet-18,image,1,0.5,512,1 MB,3.6563,0.1592,3.6711
ResNet-18,image,1,1.0,4,1 MB,1.8282,20.3798,20.3798
ResNet-18,image,1,1.0,8,1 MB,1.8282,10.1899,10.1899
ResNet-18,image,1,1.0,16,1 MB,1.8282,5.0950,5.0950
ResNet-18,image,1,1.0,32,1 MB,1.8282,2.5475,2.5475
ResNet-18,image,1,1.0,64,1 MB,1.8282,1.2737,2.1619
ResNet-18,image,1,1.0,128,1 MB,1.8282,0.6369,1.9877
ResNet-18,image,1,1.0,256,1 MB,1.8282,0.3184,1.9006
ResNet-18,image,1,1.0,512,1 MB,1.8282,0.1592,1.8571
ResNet-18,image,1,2.0,4,1 MB,0.9141,20.3798,20.3798
ResNet-18,image,1,2.0,8,1 MB,0.9141,10.1899,10.1899
ResNet-18,image,1,2.0,16,1 MB,0.9141,5.0950,5.0950
ResNet-18,image,1,2.0,32,1 MB,0.9141,2.5475,2.5475
ResNet-18,image,1,2.0,64,1 MB,0.9141,1.2737,1.2737
ResNet-18,image,1,2.0,128,1 MB,0.9141,0.6369,1.0809
ResNet-18,image,1,2.0,256,1 MB,0.9141,0.3184,0.9939
ResNet-18,image,1,2.0,512,1 MB,0.9141,0.1592,0.9503
ResNet-18,image,1,4.0,4,1 MB,0.4570,20.3798,20.3798
ResNet-18,image,1,4.0,8,1 MB,0.4570,10.1899,10.1899
ResNet-18,image,1,4.0,16,1 MB,0.4570,5.0950,5.0950
ResNet-18,image,1,4.0,32,1 MB,0.4570,2.5475,2.5475
ResNet-18,image,1,4.0,64,1 MB,0.4570,1.2737,1.2737
ResNet-18,image,1,4.0,128,1 MB,0.4570,0.6369,0.6369
ResNet-18,image,1,4.0,256,1 MB,0.4570,0.3184,0.5405
ResNet-18,image,1,4.0,512,1 MB,0.4570,0.1592,0.4969
ResNet-18,image,1,8.0,4,1 MB,0.2285,20.3798,20.3798
ResNet-18,image,1,8.0,8,1 MB,0.2285,10.1899,10.1899
ResNet-18,image,1,8.0,16,1 MB,0.2285,5.0950,5.0950
ResNet-18,image,1,8.0,32,1 MB,0.2285,2.5475,2.5475
ResNet-18,image,1,8.0,64,1 MB,0.2285,1.2737,1.2737
ResNet-18,image,1,8.0,128,1 MB,0.2285,0.6369,0.6369
ResNet-18,image,1,8.0,256,1 MB,0.2285,0.3184,0.3184
ResNet-18,image,1,8.0,512,1 MB,0.2285,0.1592,0.2702
ResNet-18,image,1,16.0,4,1 MB,0.1143,20.3798,20.3798
ResNet-18,image,1,16.0,8,1 MB,0.1143,10.1899,10.1899
ResNet-18,image,1,16.0,16,1 MB,0.1143,5.0950,5.0950
ResNet-18,image,1,16.0,32,1 MB,0.1143,2.5475,2.5475
ResNet-18,image,1,16.0,64,1 MB,0.1143,1.2737,1.2737
ResNet-18,image,1,16.0,128,1 MB,0.1143,0.6369,0.6369
ResNet-18,image,1,16.0,256,1 MB,0.1143,0.3184,0.3184
ResNet-18,image,1,16.0,512,1 MB,0.1143,0.1592,0.1592
ResNet-18,image,1,32.0,4,1 MB,0.0571,20.3798,20.3798
ResNet-18,image,1,32.0,8,1 MB,0.0571,10.1899,10.1899
ResNet-18,image,1,32.0,16,1 MB,0.0571,5.0950,5.0950
ResNet-18,image,1,32.0,32,1 MB,0.0571,2.5475,2.5475
ResNet-18,image,1,32.0,64,1 MB,0.0571,1.2737,1.2737
ResNet-18,image,1,32.0,128,1 MB,0.0571,0.6369,0.6369
ResNet-18,image,1,32.0,256,1 MB,0.0571,0.3184,0.3184
ResNet-18,image,1,32.0,512,1 MB,0.0571,0.1592,0.1592
ResNet-18,image,1,64.0,4,1 MB,0.0286,20.3798,20.3798
ResNet-18,image,1,64.0,8,1 MB,0.0286,10.1899,10.1899
ResNet-18,image,1,64.0,16,1 MB,0.0286,5.0950,5.0950
ResNet-18,image,1,64.0,32,1 MB,0.0286,2.5475,2.5475
ResNet-18,image,1,64.0,64,1 MB,0.0286,1.2737,1.2737
ResNet-18,image,1,64.0,128,1 MB,0.0286,0.6369,0.6369
ResNet-18,image,1,64.0,256,1 MB,0.0286,0.3184,0.3184
ResNet-18,image,1,64.0,512,1 MB,0.0286,0.1592,0.1592
ResNet-18,image,1,0.5,4,4 MB,3.6563,19.9276,19.9276
ResNet-18,image,1,0.5,8,4 MB,3.6563,9.9638,9.9638
ResNet-18,image,1,0.5,16,4 MB,3.6563,4.9819,5.0203
ResNet-18,image,1,0.5,32,4 MB,3.6563,2.4910,4.3237
ResNet-18,image,1,0.5,64,4 MB,3.6563,1.2455,3.9754
ResNet-18,image,1,0.5,128,4 MB,3.6563,0.6227,3.8013
ResNet-18,image,1,0.5,256,4 MB,3.6563,0.3114,3.7142
ResNet-18,image,1,0.5,512,4 MB,3.6563,0.1557,3.6711
ResNet-18,image,1,1.0,4,4 MB,1.8282,19.9276,19.9276
ResNet-18,image,1,1.0,8,4 MB,1.8282,9.9638,9.9638
ResNet-18,image,1,1.0,16,4 MB,1.8282,4.9819,4.9819
ResNet-18,image,1,1.0,32,4 MB,1.8282,2.4910,2.5102
ResNet-18,image,1,1.0,64,4 MB,1.8282,1.2455,2.1619
ResNet-18,image,1,1.0,128,4 MB,1.8282,0.6227,1.9877
ResNet-18,image,1,1.0,256,4 MB,1.8282,0.3114,1.9006
ResNet-18,image,1,1.0,512,4 MB,1.8282,0.1557,1.8571
ResNet-18,image,1,2.0,4,4 MB,0.9141,19.9276,19.9276
ResNet-18,image,1,2.0,8,4 MB,0.9141,9.9638,9.9638
ResNet-18,image,1,2.0,16,4 MB,0.9141,4.9819,4.9819
ResNet-18,image,1,2.0,32,4 MB,0.9141,2.4910,2.4910
ResNet-18,image,1,2.0,64,4 MB,0.9141,1.2455,1.2551
ResNet-18,image,1,2.0,128,4 MB,0.9141,0.6227,1.0809
ResNet-18,image,1,2.0,256,4 MB,0.9141,0.3114,0.9939
ResNet-18,image,1,2.0,512,4 MB,0.9141,0.1557,0.9503
ResNet-18,image,1,4.0,4,4 MB,0.4570,19.9276,19.9276
ResNet-18,image,1,4.0,8,4 MB,0.4570,9.9638,9.9638
ResNet-18,image,1,4.0,16,4 MB,0.4570,4.9819,4.9819
ResNet-18,image,1,4.0,32,4 MB,0.4570,2.4910,2.4910
ResNet-18,image,1,4.0,64,4 MB,0.4570,1.2455,1.2455
ResNet-18,image,1,4.0,128,4 MB,0.4570,0.6227,0.6275
ResNet-18,image,1,4.0,256,4 MB,0.4570,0.3114,0.5405
ResNet-18,image,1,4.0,512,4 MB,0.4570,0.1557,0.4969
ResNet-18,image,1,8.0,4,4 MB,0.2285,19.9276,19.9276
ResNet-18,image,1,8.0,8,4 MB,0.2285,9.9638,9.9638
ResNet-18,image,1,8.0,16,4 MB,0.2285,4.9819,4.9819
ResNet-18,image,1,8.0,32,4 MB,0.2285,2.4910,2.4910
ResNet-18,image,1,8.0,64,4 MB,0.2285,1.2455,1.2455
ResNet-18,image,1,8.0,128,4 MB,0.2285,0.6227,0.6227
ResNet-18,image,1,8.0,256,4 MB,0.2285,0.3114,0.3138
ResNet-18,image,1,8.0,512,4 MB,0.2285,0.1557,0.2702
ResNet-18,image,1,16.0,4,4 MB,0.1143,19.9276,19.9276
ResNet-18,image,1,16.0,8,4 MB,0.1143,9.9638,9.9638
ResNet-18,image,1,16.0,16,4 MB,0.1143,4.9819,4.9819
ResNet-18,image,1,16.0,32,4 MB,0.1143,2.4910,2.4910
ResNet-18,image,1,16.0,64,4 MB,0.1143,1.2455,1.2455
ResNet-18,image,1,16.0,128,4 MB,0.1143,0.6227,0.6227
ResNet-18,image,1,16.0,256,4 MB,0.1143,0.3114,0.3114
ResNet-18,image,1,16.0,512,4 MB,0.1143,0.1557,0.1569
ResNet-18,image,1,32.0,4,4 MB,0.0571,19.9276,19.9276
ResNet-18,image,1,32.0,8,4 MB,0.0571,9.9638,9.9638
ResNet-18,image,1,32.0,16,4 MB,0.0571,4.9819,4.9819
ResNet-18,image,1,32.0,32,4 MB,0.0571,2.4910,2.4910
ResNet-18,image,1,32.0,64,4 MB,0.0571,1.2455,1.2455
ResNet-18,image,1,32.0,128,4 MB,0.0571,0.6227,0.6227
ResNet-18,image,1,32.0,256,4 MB,0.0571,0.3114,0.3114
ResNet-18,image,1,32.0,512,4 MB,0.0571,0.1557,0.1557
ResNet-18,image,1,64.0,4,4 MB,0.0286,19.9276,19.9276
ResNet-18,image,1,64.0,8,4 MB,0.0286,9.9638,9.9638
ResNet-18,image,1,64.0,16,4 MB,0.0286,4.9819,4.9819
ResNet-18,image,1,64.0,32,4 MB,0.0286,2.4910,2.4910
ResNet-18,image,1,64.0,64,4 MB,0.0286,1.2455,1.2455
ResNet-18,image,1,64.0,128,4 MB,0.0286,0.6227,0.6227
ResNet-18,image,1,64.0,256,4 MB,0.0286,0.3114,0.3114
ResNet-18,image,1,64.0,512,4 MB,0.0286,0.1557,0.1557
ResNet-18,image,8,0.5,4,256 KB,29.2504,139.4477,139.4477
ResNet-18,image,8,0.5,8,256 KB,29.2504,69.7238,69.7238
ResNet-18,image,8,0.5,16,256 KB,29.2504,34.8619,39.6987
ResNet-18,image,8,0.5,32,256 KB,29.2504,17.4310,34.3578
ResNet-18,image,8,0.5,64,256 KB,29.2504,8.7155,31.6874
ResNet-18,image,8,0.5,128,256 KB,29.2504,4.3577,30.3522
ResNet-18,image,8,0.5,256,256 KB,29.2504,2.1789,29.6886
ResNet-18,image,8,0.5,512,256 KB,29.2504,1.0894,29.3606
ResNet-18,image,8,1.0,4,256 KB,14.6252,139.4477,139.4477
ResNet-18,image,8,1.0,8,256 KB,14.6252,69.7238,69.7238
ResNet-18,image,8,1.0,16,256 KB,14.6252,34.8619,34.8619
ResNet-18,image,8,1.0,32,256 KB,14.6252,17.4310,19.8493
ResNet-18,image,8,1.0,64,256 KB,14.6252,8.7155,17.1789
ResNet-18,image,8,1.0,128,256 KB,14.6252,4.3577,15.8437
ResNet-18,image,8,1.0,256,256 KB,14.6252,2.1789,15.1761
ResNet-18,image,8,1.0,512,256 KB,14.6252,1.0894,14.8443
ResNet-18,image,8,2.0,4,256 KB,7.3126,139.4477,139.4477
ResNet-18,image,8,2.0,8,256 KB,7.3126,69.7238,69.7238
ResNet-18,image,8,2.0,16,256 KB,7.3126,34.8619,34.8619
ResNet-18,image,8,2.0,32,256 KB,7.3126,17.4310,17.4310
ResNet-18,image,8,2.0,64,256 KB,7.3126,8.7155,9.9247
ResNet-18,image,8,2.0,128,256 KB,7.3126,4.3577,8.5895
ResNet-18,image,8,2.0,256,256 KB,7.3126,2.1789,7.9219
ResNet-18,image,8,2.0,512,256 KB,7.3126,1.0894,7.5880
ResNet-18,image,8,4.0,4,256 KB,3.6563,139.4477,139.4477
ResNet-18,image,8,4.0,8,256 KB,3.6563,69.7238,69.7238
ResNet-18,image,8,4.0,16,256 KB,3.6563,34.8619,34.8619
ResNet-18,image,8,4.0,32,256 KB,3.6563,17.4310,17.4310
ResNet-18,image,8,4.0,64,256 KB,3.6563,8.7155,8.7155
ResNet-18,image,8,4.0,128,256 KB,3.6563,4.3577,4.9623
ResNet-18,image,8,4.0,256,256 KB,3.6563,2.1789,4.2947
ResNet-18,image,8,4.0,512,256 KB,3.6563,1.0894,3.9609
ResNet-18,image,8,8.0,4,256 KB,1.8282,139.4477,139.4477
ResNet-18,image,8,8.0,8,256 KB,1.8282,69.7238,69.7238
ResNet-18,image,8,8.0,16,256 KB,1.8282,34.8619,34.8619
ResNet-18,image,8,8.0,32,256 KB,1.8282,17.4310,17.4310
ResNet-18,image,8,8.0,64,256 KB,1.8282,8.7155,8.7155
ResNet-18,image,8,8.0,128,256 KB,1.8282,4.3577,4.3577
ResNet-18,image,8,8.0,256,256 KB,1.8282,2.1789,2.4812
ResNet-18,image,8,8.0,512,256 KB,1.8282,1.0894,2.1474
ResNet-18,image,8,16.0,4,256 KB,0.9141,139.4477,139.4477
ResNet-18,image,8,16.0,8,256 KB,0.9141,69.7238,69.7238
ResNet-18,image,8,16.0,16,256 KB,0.9141,34.8619,34.8619
ResNet-18,image,8,16.0,32,256 KB,0.9141,17.4310,17.4310
ResNet-18,image,8,16.0,64,256 KB,0.9141,8.7155,8.7155
ResNet-18,image,8,16.0,128,256 KB,0.9141,4.3577,4.3577
ResNet-18,image,8,16.0,256,256 KB,0.9141,2.1789,2.1789
ResNet-18,image,8,16.0,512,256 KB,0.9141,1.0894,1.2406
ResNet-18,image,8,32.0,4,256 KB,0.4570,139.4477,139.4477
ResNet-18,image,8,32.0,8,256 KB,0.4570,69.7238,69.7238
ResNet-18,image,8,32.0,16,256 KB,0.4570,34.8619,34.8619
ResNet-18,image,8,32.0,32,256 KB,0.4570,17.4310,17.4310
ResNet-18,image,8,32.0,64,256 KB,0.4570,8.7155,8.7155
ResNet-18,image,8,32.0,128,256 KB,0.4570,4.3577,4.3577
ResNet-18,image,8,32.0,256,256 KB,0.4570,2.1789,2.1789
ResNet-18,image,8,32.0,512,256 KB,0.4570,1.0894,1.0894
ResNet-18,image,8,64.0,4,256 KB,0.2285,139.4477,139.4477
ResNet-18,image,8,64.0,8,256 KB,0.2285,69.7238,69.7238
ResNet-18,image,8,64.0,16,256 KB,0.2285,34.8619,34.8619
ResNet-18,image,8,64.0,32,256 KB,0.2285,17.4310,17.4310
ResNet-18,image,8,64.0,64,256 KB,0.2285,8.7155,8.7155
ResNet-18,image,8,64.0,128,256 KB,0.2285,4.3577,4.3577
ResNet-18,image,8,64.0,256,256 KB,0.2285,2.1789,2.1789
ResNet-18,image,8,64.0,512,256 KB,0.2285,1.0894,1.0894
ResNet-18,image,8,0.5,4,1 MB,29.2504,124.3493,124.3493
ResNet-18,image,8,0.5,8,1 MB,29.2504,62.1746,62.1746
ResNet-18,image,8,0.5,16,1 MB,29.2504,31.0873,39.6981
ResNet-18,image,8,0.5,32,1 MB,29.2504,15.5437,34.3576
ResNet-18,image,8,0.5,64,1 MB,29.2504,7.7718,31.6873
ResNet-18,image,8,0.5,128,1 MB,29.2504,3.8859,30.3521
ResNet-18,image,8,0.5,256,1 MB,29.2504,1.9430,29.6886
ResNet-18,image,8,0.5,512,1 MB,29.2504,0.9715,29.3606
ResNet-18,image,8,1.0,4,1 MB,14.6252,124.3493,124.3493
ResNet-18,image,8,1.0,8,1 MB,14.6252,62.1746,62.1746
ResNet-18,image,8,1.0,16,1 MB,14.6252,31.0873,31.0873
ResNet-18,image,8,1.0,32,1 MB,14.6252,15.5437,19.8491
ResNet-18,image,8,1.0,64,1 MB,14.6252,7.7718,17.1788
ResNet-18,image,8,1.0,128,1 MB,14.6252,3.8859,15.8436
ResNet-18,image,8,1.0,256,1 MB,14.6252,1.9430,15.1761
ResNet-18,image,8,1.0,512,1 MB,14.6252,0.9715,14.8443
ResNet-18,image,8,2.0,4,1 MB,7.3126,124.3493,124.3493
ResNet-18,image,8,2.0,8,1 MB,7.3126,62.1746,62.1746
ResNet-18,image,8,2.0,16,1 MB,7.3126,31.0873,31.0873
ResNet-18,image,8,2.0,32,1 MB,7.3126,15.5437,15.5437
ResNet-18,image,8,2.0,64,1 MB,7.3126,7.7718,9.9245
ResNet-18,image,8,2.0,128,1 MB,7.3126,3.8859,8.5894
ResNet-18,image,8,2.0,256,1 MB,7.3126,1.9430,7.9218
ResNet-18,image,8,2.0,512,1 MB,7.3126,0.9715,7.5880
ResNet-18,image,8,4.0,4,1 MB,3.6563,124.3493,124.3493
ResNet-18,image,8,4.0,8,1 MB,3.6563,62.1746,62.1746
ResNet-18,image,8,4.0,16,1 MB,3.6563,31.0873,31.0873
ResNet-18,image,8,4.0,32,1 MB,3.6563,15.5437,15.5437
ResNet-18,image,8,4.0,64,1 MB,3.6563,7.7718,7.7718
ResNet-18,image,8,4.0,128,1 MB,3.6563,3.8859,4.9623
ResNet-18,image,8,4.0,256,1 MB,3.6563,1.9430,4.2947
ResNet-18,image,8,4.0,512,1 MB,3.6563,0.9715,3.9609
ResNet-18,image,8,8.0,4,1 MB,1.8282,124.3493,124.3493
ResNet-18,image,8,8.0,8,1 MB,1.8282,62.1746,62.1746
ResNet-18,image,8,8.0,16,1 MB,1.8282,31.0873,31.0873
ResNet-18,image,8,8.0,32,1 MB,1.8282,15.5437,15.5437
ResNet-18,image,8,8.0,64,1 MB,1.8282,7.7718,7.7718
ResNet-18,image,8,8.0,128,1 MB,1.8282,3.8859,3.8859
ResNet-18,image,8,8.0,256,1 MB,1.8282,1.9430,2.4811
ResNet-18,image,8,8.0,512,1 MB,1.8282,0.9715,2.1473
ResNet-18,image,8,16.0,4,1 MB,0.9141,124.3493,124.3493
ResNet-18,image,8,16.0,8,1 MB,0.9141,62.1746,62.1746
ResNet-18,image,8,16.0,16,1 MB,0.9141,31.0873,31.0873
ResNet-18,image,8,16.0,32,1 MB,0.9141,15.5437,15.5437
ResNet-18,image,8,16.0,64,1 MB,0.9141,7.7718,7.7718
ResNet-18,image,8,16.0,128,1 MB,0.9141,3.8859,3.8859
ResNet-18,image,8,16.0,256,1 MB,0.9141,1.9430,1.9430
ResNet-18,image,8,16.0,512,1 MB,0.9141,0.9715,1.2406
ResNet-18,image,8,32.0,4,1 MB,0.4570,124.3493,124.3493
ResNet-18,image,8,32.0,8,1 MB,0.4570,62.1746,62.1746
ResNet-18,image,8,32.0,16,1 MB,0.4570,31.0873,31.0873
ResNet-18,image,8,32.0,32,1 MB,0.4570,15.5437,15.5437
ResNet-18,image,8,32.0,64,1 MB,0.4570,7.7718,7.7718
ResNet-18,image,8,32.0,128,1 MB,0.4570,3.8859,3.8859
ResNet-18,image,8,32.0,256,1 MB,0.4570,1.9430,1.9430
ResNet-18,image,8,32.0,512,1 MB,0.4570,0.9715,0.9715
ResNet-18,image,8,64.0,4,1 MB,0.2285,124.3493,124.3493
ResNet-18,image,8,64.0,8,1 MB,0.2285,62.1746,62.1746
ResNet-18,image,8,64.0,16,1 MB,0.2285,31.0873,31.0873
ResNet-18,image,8,64.0,32,1 MB,0.2285,15.5437,15.5437
ResNet-18,image,8,64.0,64,1 MB,0.2285,7.7718,7.7718
ResNet-18,image,8,64.0,128,1 MB,0.2285,3.8859,3.8859
ResNet-18,image,8,64.0,256,1 MB,0.2285,1.9430,1.9430
ResNet-18,image,8,64.0,512,1 MB,0.2285,0.9715,0.9715
ResNet-18,image,8,0.5,4,4 MB,29.2504,120.6721,120.6721
ResNet-18,image,8,0.5,8,4 MB,29.2504,60.3361,60.3361
ResNet-18,image,8,0.5,16,4 MB,29.2504,30.1680,39.6976
ResNet-18,image,8,0.5,32,4 MB,29.2504,15.0840,34.3573
ResNet-18,image,8,0.5,64,4 MB,29.2504,7.5420,31.6871
ResNet-18,image,8,0.5,128,4 MB,29.2504,3.7710,30.3521
ResNet-18,image,8,0.5,256,4 MB,29.2504,1.8855,29.6886
ResNet-18,image,8,0.5,512,4 MB,29.2504,0.9428,29.3606
ResNet-18,image,8,1.0,4,4 MB,14.6252,120.6721,120.6721
ResNet-18,image,8,1.0,8,4 MB,14.6252,60.3361,60.3361
ResNet-18,image,8,1.0,16,4 MB,14.6252,30.1680,30.1680
ResNet-18,image,8,1.0,32,4 MB,14.6252,15.0840,19.8488
ResNet-18,image,8,1.0,64,4 MB,14.6252,7.5420,17.1787
ResNet-18,image,8,1.0,128,4 MB,14.6252,3.7710,15.8436
ResNet-18,image,8,1.0,256,4 MB,14.6252,1.8855,15.1760
ResNet-18,image,8,1.0,512,4 MB,14.6252,0.9428,14.8443
ResNet-18,image,8,2.0,4,4 MB,7.3126,120.6721,120.6721
ResNet-18,image,8,2.0,8,4 MB,7.3126,60.3361,60.3361
ResNet-18,image,8,2.0,16,4 MB,7.3126,30.1680,30.1680
ResNet-18,image,8,2.0,32,4 MB,7.3126,15.0840,15.0840
ResNet-18,image,8,2.0,64,4 MB,7.3126,7.5420,9.9244
ResNet-18,image,8,2.0,128,4 MB,7.3126,3.7710,8.5893
ResNet-18,image,8,2.0,256,4 MB,7.3126,1.8855,7.9218
ResNet-18,image,8,2.0,512,4 MB,7.3126,0.9428,7.5880
ResNet-18,image,8,4.0,4,4 MB,3.6563,120.6721,120.6721
ResNet-18,image,8,4.0,8,4 MB,3.6563,60.3361,60.3361
ResNet-18,image,8,4.0,16,4 MB,3.6563,30.1680,30.1680
ResNet-18,image,8,4.0,32,4 MB,3.6563,15.0840,15.0840
ResNet-18,image,8,4.0,64,4 MB,3.6563,7.5420,7.5420
ResNet-18,image,8,4.0,128,4 MB,3.6563,3.7710,4.9622
ResNet-18,image,8,4.0,256,4 MB,3.6563,1.8855,4.2947
ResNet-18,image,8,4.0,512,4 MB,3.6563,0.9428,3.9609
ResNet-18,image,8,8.0,4,4 MB,1.8282,120.6721,120.6721
ResNet-18,image,8,8.0,8,4 MB,1.8282,60.3361,60.3361
ResNet-18,image,8,8.0,16,4 MB,1.8282,30.1680,30.1680
ResNet-18,image,8,8.0,32,4 MB,1.8282,15.0840,15.0840
ResNet-18,image,8,8.0,64,4 MB,1.8282,7.5420,7.5420
ResNet-18,image,8,8.0,128,4 MB,1.8282,3.7710,3.7710
ResNet-18,image,8,8.0,256,4 MB,1.8282,1.8855,2.4811
ResNet-18,image,8,8.0,512,4 MB,1.8282,0.9428,2.1473
ResNet-18,image,8,16.0,4,4 MB,0.9141,120.6721,120.6721
ResNet-18,image,8,16.0,8,4 MB,0.9141,60.3361,60.3361
ResNet-18,image,8,16.0,16,4 MB,0.9141,30.1680,30.1680
ResNet-18,image,8,16.0,32,4 MB,0.9141,15.0840,15.0840
ResNet-18,image,8,16.0,64,4 MB,0.9141,7.5420,7.5420
ResNet-18,image,8,16.0,128,4 MB,0.9141,3.7710,3.7710
ResNet-18,image,8,16.0,256,4 MB,0.9141,1.8855,1.8855
ResNet-18,image,8,16.0,512,4 MB,0.9141,0.9428,1.2406
ResNet-18,image,8,32.0,4,4 MB,0.4570,120.6721,120.6721
ResNet-18,image,8,32.0,8,4 MB,0.4570,60.3361,60.3361
ResNet-18,image,8,32.0,16,4 MB,0.4570,30.1680,30.1680
ResNet-18,image,8,32.0,32,4 MB,0.4570,15.0840,15.0840
ResNet-18,image,8,32.0,64,4 MB,0.4570,7.5420,7.5420
ResNet-18,image,8,32.0,128,4 MB,0.4570,3.7710,3.7710
ResNet-18,image,8,32.0,256,4 MB,0.4570,1.8855,1.8855
ResNet-18,image,8,32.0,512,4 MB,0.4570,0.9428,0.9428
ResNet-18,image,8,64.0,4,4 MB,0.2285,120.6721,120.6721
ResNet-18,image,8,64.0,8,4 MB,0.2285,60.3361,60.3361
ResNet-18,image,8,64.0,16,4 MB,0.2285,30.1680,30.1680
ResNet-18,image,8,64.0,32,4 MB,0.2285,15.0840,15.0840
ResNet-18,image,8,64.0,64,4 MB,0.2285,7.5420,7.5420
ResNet-18,image,8,64.0,128,4 MB,0.2285,3.7710,3.7710
ResNet-18,image,8,64.0,256,4 MB,0.2285,1.8855,1.8855
ResNet-18,image,8,64.0,512,4 MB,0.2285,0.9428,0.9428
ResNet-34,image,1,0.5,4,256 KB,7.3683,36.3677,36.3677
ResNet-34,image,1,0.5,8,256 KB,7.3683,18.1838,18.1838
ResNet-34,image,1,0.5,16,256 KB,7.3683,9.0919,9.3489
ResNet-34,image,1,0.5,32,256 KB,7.3683,4.5460,8.3377
ResNet-34,image,1,0.5,64,256 KB,7.3683,2.2730,7.8321
ResNet-34,image,1,0.5,128,256 KB,7.3683,1.1365,7.5793
ResNet-34,image,1,0.5,256,256 KB,7.3683,0.5682,7.4529
ResNet-34,image,1,0.5,512,256 KB,7.3683,0.2841,7.3903
ResNet-34,image,1,1.0,4,256 KB,3.6841,36.3677,36.3677
ResNet-34,image,1,1.0,8,256 KB,3.6841,18.1838,18.1838
ResNet-34,image,1,1.0,16,256 KB,3.6841,9.0919,9.0919
ResNet-34,image,1,1.0,32,256 KB,3.6841,4.5460,4.6744
ResNet-34,image,1,1.0,64,256 KB,3.6841,2.2730,4.1688
ResNet-34,image,1,1.0,128,256 KB,3.6841,1.1365,3.9160
ResNet-34,image,1,1.0,256,256 KB,3.6841,0.5682,3.7896
ResNet-34,image,1,1.0,512,256 KB,3.6841,0.2841,3.7264
ResNet-34,image,1,2.0,4,256 KB,1.8421,36.3677,36.3677
ResNet-34,image,1,2.0,8,256 KB,1.8421,18.1838,18.1838
ResNet-34,image,1,2.0,16,256 KB,1.8421,9.0919,9.0919
ResNet-34,image,1,2.0,32,256 KB,1.8421,4.5460,4.5460
ResNet-34,image,1,2.0,64,256 KB,1.8421,2.2730,2.3372
ResNet-34,image,1,2.0,128,256 KB,1.8421,1.1365,2.0844
ResNet-34,image,1,2.0,256,256 KB,1.8421,0.5682,1.9580
ResNet-34,image,1,2.0,512,256 KB,1.8421,0.2841,1.8948
ResNet-34,image,1,4.0,4,256 KB,0.9210,36.3677,36.3677
ResNet-34,image,1,4.0,8,256 KB,0.9210,18.1838,18.1838
ResNet-34,image,1,4.0,16,256 KB,0.9210,9.0919,9.0919
ResNet-34,image,1,4.0,32,256 KB,0.9210,4.5460,4.5460
ResNet-34,image,1,4.0,64,256 KB,0.9210,2.2730,2.2730
ResNet-34,image,1,4.0,128,256 KB,0.9210,1.1365,1.1686
ResNet-34,image,1,4.0,256,256 KB,0.9210,0.5682,1.0422
ResNet-34,image,1,4.0,512,256 KB,0.9210,0.2841,0.9790
ResNet-34,image,1,8.0,4,256 KB,0.4605,36.3677,36.3677
ResNet-34,image,1,8.0,8,256 KB,0.4605,18.1838,18.1838
ResNet-34,image,1,8.0,16,256 KB,0.4605,9.0919,9.0919
ResNet-34,image,1,8.0,32,256 KB,0.4605,4.5460,4.5460
ResNet-34,image,1,8.0,64,256 KB,0.4605,2.2730,2.2730
ResNet-34,image,1,8.0,128,256 KB,0.4605,1.1365,1.1365
ResNet-34,image,1,8.0,256,256 KB,0.4605,0.5682,0.5843
ResNet-34,image,1,8.0,512,256 KB,0.4605,0.2841,0.5211
ResNet-34,image,1,16.0,4,256 KB,0.2303,36.3677,36.3677
ResNet-34,image,1,16.0,8,256 KB,0.2303,18.1838,18.1838
ResNet-34,image,1,16.0,16,256 KB,0.2303,9.0919,9.0919
ResNet-34,image,1,16.0,32,256 KB,0.2303,4.5460,4.5460
ResNet-34,image,1,16.0,64,256 KB,0.2303,2.2730,2.2730
ResNet-34,image,1,16.0,128,256 KB,0.2303,1.1365,1.1365
ResNet-34,image,1,16.0,256,256 KB,0.2303,0.5682,0.5682
ResNet-34,image,1,16.0,512,256 KB,0.2303,0.2841,0.2922
ResNet-34,image,1,32.0,4,256 KB,0.1151,36.3677,36.3677
ResNet-34,image,1,32.0,8,256 KB,0.1151,18.1838,18.1838
ResNet-34,image,1,32.0,16,256 KB,0.1151,9.0919,9.0919
ResNet-34,image,1,32.0,32,256 KB,0.1151,4.5460,4.5460
ResNet-34,image,1,32.0,64,256 KB,0.1151,2.2730,2.2730
ResNet-34,image,1,32.0,128,256 KB,0.1151,1.1365,1.1365
ResNet-34,image,1,32.0,256,256 KB,0.1151,0.5682,0.5682
ResNet-34,image,1,32.0,512,256 KB,0.1151,0.2841,0.2841
ResNet-34,image,1,64.0,4,256 KB,0.0576,36.3677,36.3677
ResNet-34,image,1,64.0,8,256 KB,0.0576,18.1838,18.1838
ResNet-34,image,1,64.0,16,256 KB,0.0576,9.0919,9.0919
ResNet-34,image,1,64.0,32,256 KB,0.0576,4.5460,4.5460
ResNet-34,image,1,64.0,64,256 KB,0.0576,2.2730,2.2730
ResNet-34,image,1,64.0,128,256 KB,0.0576,1.1365,1.1365
ResNet-34,image,1,64.0,256,256 KB,0.0576,0.5682,0.5682
ResNet-34,image,1,64.0,512,256 KB,0.0576,0.2841,0.2841
ResNet-34,image,1,0.5,4,1 MB,7.3683,34.6608,34.6608
ResNet-34,image,1,0.5,8,1 MB,7.3683,17.3304,17.3304
ResNet-34,image,1,0.5,16,1 MB,7.3683,8.6652,9.3488
ResNet-34,image,1,0.5,32,1 MB,7.3683,4.3326,8.3377
ResNet-34,image,1,0.5,64,1 MB,7.3683,2.1663,7.8321
ResNet-34,image,1,0.5,128,1 MB,7.3683,1.0832,7.5793
ResNet-34,image,1,0.5,256,1 MB,7.3683,0.5416,7.4529
ResNet-34,image,1,0.5,512,1 MB,7.3683,0.2708,7.3903
ResNet-34,image,1,1.0,4,1 MB,3.6841,34.6608,34.6608
ResNet-34,image,1,1.0,8,1 MB,3.6841,17.3304,17.3304
ResNet-34,image,1,1.0,16,1 MB,3.6841,8.6652,8.6652
ResNet-34,image,1,1.0,32,1 MB,3.6841,4.3326,4.6744
ResNet-34,image,1,1.0,64,1 MB,3.6841,2.1663,4.1688
ResNet-34,image,1,1.0,128,1 MB,3.6841,1.0832,3.9160
ResNet-34,image,1,1.0,256,1 MB,3.6841,0.5416,3.7896
ResNet-34,image,1,1.0,512,1 MB,3.6841,0.2708,3.7264
ResNet-34,image,1,2.0,4,1 MB,1.8421,34.6608,34.6608
ResNet-34,image,1,2.0,8,1 MB,1.8421,17.3304,17.3304
ResNet-34,image,1,2.0,16,1 MB,1.8421,8.6652,8.6652
ResNet-34,image,1,2.0,32,1 MB,1.8421,4.3326,4.3326
ResNet-34,image,1,2.0,64,1 MB,1.8421,2.1663,2.3372
ResNet-34,image,1,2.0,128,1 MB,1.8421,1.0832,2.0844
ResNet-34,image,1,2.0,256,1 MB,1.8421,0.5416,1.9580
ResNet-34,image,1,2.0,512,1 MB,1.8421,0.2708,1.8948
ResNet-34,image,1,4.0,4,1 MB,0.9210,34.6608,34.6608
ResNet-34,image,1,4.0,8,1 MB,0.9210,17.3304,17.3304
ResNet-34,image,1,4.0,16,1 MB,0.9210,8.6652,8.6652
ResNet-34,image,1,4.0,32,1 MB,0.9210,4.3326,4.3326
ResNet-34,image,1,4.0,64,1 MB,0.9210,2.1663,2.1663
ResNet-34,image,1,4.0,128,1 MB,0.9210,1.0832,1.1686
ResNet-34,image,1,4.0,256,1 MB,0.9210,0.5416,1.0422
ResNet-34,image,1,4.0,512,1 MB,0.9210,0.2708,0.9790
ResNet-34,image,1,8.0,4,1 MB,0.4605,34.6608,34.6608
ResNet-34,image,1,8.0,8,1 MB,0.4605,17.3304,17.3304
ResNet-34,image,1,8.0,16,1 MB,0.4605,8.6652,8.6652
ResNet-34,image,1,8.0,32,1 MB,0.4605,4.3326,4.3326
ResNet-34,image,1,8.0,64,1 MB,0.4605,2.1663,2.1663
ResNet-34,image,1,8.0,128,1 MB,0.4605,1.0832,1.0832
ResNet-34,image,1,8.0,256,1 MB,0.4605,0.5416,0.5843
ResNet-34,image,1,8.0,512,1 MB,0.4605,0.2708,0.5211
ResNet-34,image,1,16.0,4,1 MB,0.2303,34.6608,34.6608
ResNet-34,image,1,16.0,8,1 MB,0.2303,17.3304,17.3304
ResNet-34,image,1,16.0,16,1 MB,0.2303,8.6652,8.6652
ResNet-34,image,1,16.0,32,1 MB,0.2303,4.3326,4.3326
ResNet-34,image,1,16.0,64,1 MB,0.2303,2.1663,2.1663
ResNet-34,image,1,16.0,128,1 MB,0.2303,1.0832,1.0832
ResNet-34,image,1,16.0,256,1 MB,0.2303,0.5416,0.5416
ResNet-34,image,1,16.0,512,1 MB,0.2303,0.2708,0.2922
ResNet-34,image,1,32.0,4,1 MB,0.1151,34.6608,34.6608
ResNet-34,image,1,32.0,8,1 MB,0.1151,17.3304,17.3304
ResNet-34,image,1,32.0,16,1 MB,0.1151,8.6652,8.6652
ResNet-34,image,1,32.0,32,1 MB,0.1151,4.3326,4.3326
ResNet-34,image,1,32.0,64,1 MB,0.1151,2.1663,2.1663
ResNet-34,image,1,32.0,128,1 MB,0.1151,1.0832,1.0832
ResNet-34,image,1,32.0,256,1 MB,0.1151,0.5416,0.5416
ResNet-34,image,1,32.0,512,1 MB,0.1151,0.2708,0.2708
ResNet-34,image,1,64.0,4,1 MB,0.0576,34.6608,34.6608
ResNet-34,image,1,64.0,8,1 MB,0.0576,17.3304,17.3304
ResNet-34,image,1,64.0,16,1 MB,0.0576,8.6652,8.6652
ResNet-34,image,1,64.0,32,1 MB,0.0576,4.3326,4.3326
ResNet-34,image,1,64.0,64,1 MB,0.0576,2.1663,2.1663
ResNet-34,image,1,64.0,128,1 MB,0.0576,1.0832,1.0832
ResNet-34,image,1,64.0,256,1 MB,0.0576,0.5416,0.5416
ResNet-34,image,1,64.0,512,1 MB,0.0576,0.2708,0.2708
ResNet-34,image,1,0.5,4,4 MB,7.3683,33.8400,33.8400
ResNet-34,image,1,0.5,8,4 MB,7.3683,16.9200,16.9200
ResNet-34,image,1,0.5,16,4 MB,7.3683,8.4600,9.3487
ResNet-34,image,1,0.5,32,4 MB,7.3683,4.2300,8.3376
ResNet-34,image,1,0.5,64,4 MB,7.3683,2.1150,7.8321
ResNet-34,image,1,0.5,128,4 MB,7.3683,1.0575,7.5793
ResNet-34,image,1,0.5,256,4 MB,7.3683,0.5287,7.4529
ResNet-34,image,1,0.5,512,4 MB,7.3683,0.2644,7.3903
ResNet-34,image,1,1.0,4,4 MB,3.6841,33.8400,33.8400
ResNet-34,image,1,1.0,8,4 MB,3.6841,16.9200,16.9200
ResNet-34,image,1,1.0,16,4 MB,3.6841,8.4600,8.4600
ResNet-34,image,1,1.0,32,4 MB,3.6841,4.2300,4.6744
ResNet-34,image,1,1.0,64,4 MB,3.6841,2.1150,4.1688
ResNet-34,image,1,1.0,128,4 MB,3.6841,1.0575,3.9160
ResNet-34,image,1,1.0,256,4 MB,3.6841,0.5287,3.7896
ResNet-34,image,1,1.0,512,4 MB,3.6841,0.2644,3.7264
ResNet-34,image,1,2.0,4,4 MB,1.8421,33.8400,33.8400
ResNet-34,image,1,2.0,8,4 MB,1.8421,16.9200,16.9200
ResNet-34,image,1,2.0,16,4 MB,1.8421,8.4600,8.4600
ResNet-34,image,1,2.0,32,4 MB,1.8421,4.2300,4.2300
ResNet-34,image,1,2.0,64,4 MB,1.8421,2.1150,2.3372
ResNet-34,image,1,2.0,128,4 MB,1.8421,1.0575,2.0844
ResNet-34,image,1,2.0,256,4 MB,1.8421,0.5287,1.9580
ResNet-34,image,1,2.0,512,4 MB,1.8421,0.2644,1.8948
ResNet-34,image,1,4.0,4,4 MB,0.9210,33.8400,33.8400
ResNet-34,image,1,4.0,8,4 MB,0.9210,16.9200,16.9200
ResNet-34,image,1,4.0,16,4 MB,0.9210,8.4600,8.4600
ResNet-34,image,1,4.0,32,4 MB,0.9210,4.2300,4.2300
ResNet-34,image,1,4.0,64,4 MB,0.9210,2.1150,2.1150
ResNet-34,image,1,4.0,128,4 MB,0.9210,1.0575,1.1686
ResNet-34,image,1,4.0,256,4 MB,0.9210,0.5287,1.0422
ResNet-34,image,1,4.0,512,4 MB,0.9210,0.2644,0.9790
ResNet-34,image,1,8.0,4,4 MB,0.4605,33.8400,33.8400
ResNet-34,image,1,8.0,8,4 MB,0.4605,16.9200,16.9200
ResNet-34,image,1,8.0,16,4 MB,0.4605,8.4600,8.4600
ResNet-34,image,1,8.0,32,4 MB,0.4605,4.2300,4.2300
ResNet-34,image,1,8.0,64,4 MB,0.4605,2.1150,2.1150
ResNet-34,image,1,8.0,128,4 MB,0.4605,1.0575,1.0575
ResNet-34,image,1,8.0,256,4 MB,0.4605,0.5287,0.5843
ResNet-34,image,1,8.0,512,4 MB,0.4605,0.2644,0.5211
ResNet-34,image,1,16.0,4,4 MB,0.2303,33.8400,33.8400
ResNet-34,image,1,16.0,8,4 MB,0.2303,16.9200,16.9200
ResNet-34,image,1,16.0,16,4 MB,0.2303,8.4600,8.4600
ResNet-34,image,1,16.0,32,4 MB,0.2303,4.2300,4.2300
ResNet-34,image,1,16.0,64,4 MB,0.2303,2.1150,2.1150
ResNet-34,image,1,16.0,128,4 MB,0.2303,1.0575,1.0575
ResNet-34,image,1,16.0,256,4 MB,0.2303,0.5287,0.5287
ResNet-34,image,1,16.0,512,4 MB,0.2303,0.2644,0.2921
ResNet-34,image,1,32.0,4,4 MB,0.1151,33.8400,33.8400
ResNet-34,image,1,32.0,8,4 MB,0.1151,16.9200,16.9200
ResNet-34,image,1,32.0,16,4 MB,0.1151,8.4600,8.4600
ResNet-34,image,1,32.0,32,4 MB,0.1151,4.2300,4.2300
ResNet-34,image,1,32.0,64,4 MB,0.1151,2.1150,2.1150
ResNet-34,image,1,32.0,128,4 MB,0.1151,1.0575,1.0575
ResNet-34,image,1,32.0,256,4 MB,0.1151,0.5287,0.5287
ResNet-34,image,1,32.0,512,4 MB,0.1151,0.2644,0.2644
ResNet-34,image,1,64.0,4,4 MB,0.0576,33.8400,33.8400
ResNet-34,image,1,64.0,8,4 MB,0.0576,16.9200,16.9200
ResNet-34,image,1,64.0,16,4 MB,0.0576,8.4600,8.4600
ResNet-34,image,1,64.0,32,4 MB,0.0576,4.2300,4.2300
ResNet-34,image,1,64.0,64,4 MB,0.0576,2.1150,2.1150
ResNet-34,image,1,64.0,128,4 MB,0.0576,1.0575,1.0575
ResNet-34,image,1,64.0,256,4 MB,0.0576,0.5287,0.5287
ResNet-34,image,1,64.0,512,4 MB,0.0576,0.2644,0.2644
ResNet-34,image,8,0.5,4,256 KB,58.9458,235.9118,235.9118
ResNet-34,image,8,0.5,8,256 KB,58.9458,117.9559,117.9559
ResNet-34,image,8,0.5,16,256 KB,58.9458,58.9779,74.3131
ResNet-34,image,8,0.5,32,256 KB,58.9458,29.4890,66.4626
ResNet-34,image,8,0.5,64,256 KB,58.9458,14.7445,62.5373
ResNet-34,image,8,0.5,128,256 KB,58.9458,7.3722,60.5746
ResNet-34,image,8,0.5,256,256 KB,58.9458,3.6861,59.5974
ResNet-34,image,8,0.5,512,256 KB,58.9458,1.8431,59.1143
ResNet-34,image,8,1.0,4,256 KB,29.4729,235.9118,235.9118
ResNet-34,image,8,1.0,8,256 KB,29.4729,117.9559,117.9559
ResNet-34,image,8,1.0,16,256 KB,29.4729,58.9779,58.9779
ResNet-34,image,8,1.0,32,256 KB,29.4729,29.4890,37.1566
ResNet-34,image,8,1.0,64,256 KB,29.4729,14.7445,33.2313
ResNet-34,image,8,1.0,128,256 KB,29.4729,7.3722,31.2686
ResNet-34,image,8,1.0,256,256 KB,29.4729,3.6861,30.2873
ResNet-34,image,8,1.0,512,256 KB,29.4729,1.8431,29.7987
ResNet-34,image,8,2.0,4,256 KB,14.7364,235.9118,235.9118
ResNet-34,image,8,2.0,8,256 KB,14.7364,117.9559,117.9559
ResNet-34,image,8,2.0,16,256 KB,14.7364,58.9779,58.9779
ResNet-34,image,8,2.0,32,256 KB,14.7364,29.4890,29.4890
ResNet-34,image,8,2.0,64,256 KB,14.7364,14.7445,18.5783
ResNet-34,image,8,2.0,128,256 KB,14.7364,7.3722,16.6156
ResNet-34,image,8,2.0,256,256 KB,14.7364,3.6861,15.6343
ResNet-34,image,8,2.0,512,256 KB,14.7364,1.8431,15.1437
ResNet-34,image,8,4.0,4,256 KB,7.3682,235.9118,235.9118
ResNet-34,image,8,4.0,8,256 KB,7.3682,117.9559,117.9559
ResNet-34,image,8,4.0,16,256 KB,7.3682,58.9779,58.9779
ResNet-34,image,8,4.0,32,256 KB,7.3682,29.4890,29.4890
ResNet-34,image,8,4.0,64,256 KB,7.3682,14.7445,14.7445
ResNet-34,image,8,4.0,128,256 KB,7.3682,7.3722,9.2891
ResNet-34,image,8,4.0,256,256 KB,7.3682,3.6861,8.3078
ResNet-34,image,8,4.0,512,256 KB,7.3682,1.8431,7.8172
ResNet-34,image,8,8.0,4,256 KB,3.6841,235.9118,235.9118
ResNet-34,image,8,8.0,8,256 KB,3.6841,117.9559,117.9559
ResNet-34,image,8,8.0,16,256 KB,3.6841,58.9779,58.9779
ResNet-34,image,8,8.0,32,256 KB,3.6841,29.4890,29.4890
ResNet-34,image,8,8.0,64,256 KB,3.6841,14.7445,14.7445
ResNet-34,image,8,8.0,128,256 KB,3.6841,7.3722,7.3722
ResNet-34,image,8,8.0,256,256 KB,3.6841,3.6861,4.6446
ResNet-34,image,8,8.0,512,256 KB,3.6841,1.8431,4.1539
ResNet-34,image,8,16.0,4,256 KB,1.8421,235.9118,235.9118
ResNet-34,image,8,16.0,8,256 KB,1.8421,117.9559,117.9559
ResNet-34,image,8,16.0,16,256 KB,1.8421,58.9779,58.9779
ResNet-34,image,8,16.0,32,256 KB,1.8421,29.4890,29.4890
ResNet-34,image,8,16.0,64,256 KB,1.8421,14.7445,14.7445
ResNet-34,image,8,16.0,128,256 KB,1.8421,7.3722,7.3722
ResNet-34,image,8,16.0,256,256 KB,1.8421,3.6861,3.6861
ResNet-34,image,8,16.0,512,256 KB,1.8421,1.8431,2.3223
ResNet-34,image,8,32.0,4,256 KB,0.9210,235.9118,235.9118
ResNet-34,image,8,32.0,8,256 KB,0.9210,117.9559,117.9559
ResNet-34,image,8,32.0,16,256 KB,0.9210,58.9779,58.9779
ResNet-34,image,8,32.0,32,256 KB,0.9210,29.4890,29.4890
ResNet-34,image,8,32.0,64,256 KB,0.9210,14.7445,14.7445
ResNet-34,image,8,32.0,128,256 KB,0.9210,7.3722,7.3722
ResNet-34,image,8,32.0,256,256 KB,0.9210,3.6861,3.6861
ResNet-34,image,8,32.0,512,256 KB,0.9210,1.8431,1.8431
ResNet-34,image,8,64.0,4,256 KB,0.4605,235.9118,235.9118
ResNet-34,image,8,64.0,8,256 KB,0.4605,117.9559,117.9559
ResNet-34,image,8,64.0,16,256 KB,0.4605,58.9779,58.9779
ResNet-34,image,8,64.0,32,256 KB,0.4605,29.4890,29.4890
ResNet-34,image,8,64.0,64,256 KB,0.4605,14.7445,14.7445
ResNet-34,image,8,64.0,128,256 KB,0.4605,7.3722,7.3722
ResNet-34,image,8,64.0,256,256 KB,0.4605,3.6861,3.6861
ResNet-34,image,8,64.0,512,256 KB,0.4605,1.8431,1.8431
ResNet-34,image,8,0.5,4,1 MB,58.9458,207.9847,207.9847
ResNet-34,image,8,0.5,8,1 MB,58.9458,103.9924,103.9924
ResNet-34,image,8,0.5,16,1 MB,58.9458,51.9962,74.3126
ResNet-34,image,8,0.5,32,1 MB,58.9458,25.9981,66.4623
ResNet-34,image,8,0.5,64,1 MB,58.9458,12.9990,62.5371
ResNet-34,image,8,0.5,128,1 MB,58.9458,6.4995,60.5746
ResNet-34,image,8,0.5,256,1 MB,58.9458,3.2498,59.5974
ResNet-34,image,8,0.5,512,1 MB,58.9458,1.6249,59.1143
ResNet-34,image,8,1.0,4,1 MB,29.4729,207.9847,207.9847
ResNet-34,image,8,1.0,8,1 MB,29.4729,103.9924,103.9924
ResNet-34,image,8,1.0,16,1 MB,29.4729,51.9962,51.9962
ResNet-34,image,8,1.0,32,1 MB,29.4729,25.9981,37.1563
ResNet-34,image,8,1.0,64,1 MB,29.4729,12.9990,33.2312
ResNet-34,image,8,1.0,128,1 MB,29.4729,6.4995,31.2686
ResNet-34,image,8,1.0,256,1 MB,29.4729,3.2498,30.2873
ResNet-34,image,8,1.0,512,1 MB,29.4729,1.6249,29.7987
ResNet-34,image,8,2.0,4,1 MB,14.7364,207.9847,207.9847
ResNet-34,image,8,2.0,8,1 MB,14.7364,103.9924,103.9924
ResNet-34,image,8,2.0,16,1 MB,14.7364,51.9962,51.9962
ResNet-34,image,8,2.0,32,1 MB,14.7364,25.9981,25.9981
ResNet-34,image,8,2.0,64,1 MB,14.7364,12.9990,18.5782
ResNet-34,image,8,2.0,128,1 MB,14.7364,6.4995,16.6156
ResNet-34,image,8,2.0,256,1 MB,14.7364,3.2498,15.6343
ResNet-34,image,8,2.0,512,1 MB,14.7364,1.6249,15.1436
ResNet-34,image,8,4.0,4,1 MB,7.3682,207.9847,207.9847
ResNet-34,image,8,4.0,8,1 MB,7.3682,103.9924,103.9924
ResNet-34,image,8,4.0,16,1 MB,7.3682,51.9962,51.9962
ResNet-34,image,8,4.0,32,1 MB,7.3682,25.9981,25.9981
ResNet-34,image,8,4.0,64,1 MB,7.3682,12.9990,12.9990
ResNet-34,image,8,4.0,128,1 MB,7.3682,6.4995,9.2891
ResNet-34,image,8,4.0,256,1 MB,7.3682,3.2498,8.3078
ResNet-34,image,8,4.0,512,1 MB,7.3682,1.6249,7.8171
ResNet-34,image,8,8.0,4,1 MB,3.6841,207.9847,207.9847
ResNet-34,image,8,8.0,8,1 MB,3.6841,103.9924,103.9924
ResNet-34,image,8,8.0,16,1 MB,3.6841,51.9962,51.9962
ResNet-34,image,8,8.0,32,1 MB,3.6841,25.9981,25.9981
ResNet-34,image,8,8.0,64,1 MB,3.6841,12.9990,12.9990
ResNet-34,image,8,8.0,128,1 MB,3.6841,6.4995,6.4995
ResNet-34,image,8,8.0,256,1 MB,3.6841,3.2498,4.6445
ResNet-34,image,8,8.0,512,1 MB,3.6841,1.6249,4.1539
ResNet-34,image,8,16.0,4,1 MB,1.8421,207.9847,207.9847
ResNet-34,image,8,16.0,8,1 MB,1.8421,103.9924,103.9924
ResNet-34,image,8,16.0,16,1 MB,1.8421,51.9962,51.9962
ResNet-34,image,8,16.0,32,1 MB,1.8421,25.9981,25.9981
ResNet-34,image,8,16.0,64,1 MB,1.8421,12.9990,12.9990
ResNet-34,image,8,16.0,128,1 MB,1.8421,6.4995,6.4995
ResNet-34,image,8,16.0,256,1 MB,1.8421,3.2498,3.2498
ResNet-34,image,8,16.0,512,1 MB,1.8421,1.6249,2.3223
ResNet-34,image,8,32.0,4,1 MB,0.9210,207.9847,207.9847
ResNet-34,image,8,32.0,8,1 MB,0.9210,103.9924,103.9924
ResNet-34,image,8,32.0,16,1 MB,0.9210,51.9962,51.9962
ResNet-34,image,8,32.0,32,1 MB,0.9210,25.9981,25.9981
ResNet-34,image,8,32.0,64,1 MB,0.9210,12.9990,12.9990
ResNet-34,image,8,32.0,128,1 MB,0.9210,6.4995,6.4995
ResNet-34,image,8,32.0,256,1 MB,0.9210,3.2498,3.2498
ResNet-34,image,8,32.0,512,1 MB,0.9210,1.6249,1.6249
ResNet-34,image,8,64.0,4,1 MB,0.4605,207.9847,207.9847
ResNet-34,image,8,64.0,8,1 MB,0.4605,103.9924,103.9924
ResNet-34,image,8,64.0,16,1 MB,0.4605,51.9962,51.9962
ResNet-34,image,8,64.0,32,1 MB,0.4605,25.9981,25.9981
ResNet-34,image,8,64.0,64,1 MB,0.4605,12.9990,12.9990
ResNet-34,image,8,64.0,128,1 MB,0.4605,6.4995,6.4995
ResNet-34,image,8,64.0,256,1 MB,0.4605,3.2498,3.2498
ResNet-34,image,8,64.0,512,1 MB,0.4605,1.6249,1.6249
ResNet-34,image,8,0.5,4,4 MB,58.9458,200.1419,200.1419
ResNet-34,image,8,0.5,8,4 MB,58.9458,100.0710,100.0710
ResNet-34,image,8,0.5,16,4 MB,58.9458,50.0355,74.3121
ResNet-34,image,8,0.5,32,4 MB,58.9458,25.0177,66.4620
ResNet-34,image,8,0.5,64,4 MB,58.9458,12.5089,62.5370
ResNet-34,image,8,0.5,128,4 MB,58.9458,6.2544,60.5745
ResNet-34,image,8,0.5,256,4 MB,58.9458,3.1272,59.5974
ResNet-34,image,8,0.5,512,4 MB,58.9458,1.5636,59.1143
ResNet-34,image,8,1.0,4,4 MB,29.4729,200.1419,200.1419
ResNet-34,image,8,1.0,8,4 MB,29.4729,100.0710,100.0710
ResNet-34,image,8,1.0,16,4 MB,29.4729,50.0355,50.0355
ResNet-34,image,8,1.0,32,4 MB,29.4729,25.0177,37.1560
ResNet-34,image,8,1.0,64,4 MB,29.4729,12.5089,33.2310
ResNet-34,image,8,1.0,128,4 MB,29.4729,6.2544,31.2685
ResNet-34,image,8,1.0,256,4 MB,29.4729,3.1272,30.2873
ResNet-34,image,8,1.0,512,4 MB,29.4729,1.5636,29.7987
ResNet-34,image,8,2.0,4,4 MB,14.7364,200.1419,200.1419
ResNet-34,image,8,2.0,8,4 MB,14.7364,100.0710,100.0710
ResNet-34,image,8,2.0,16,4 MB,14.7364,50.0355,50.0355
ResNet-34,image,8,2.0,32,4 MB,14.7364,25.0177,25.0177
ResNet-34,image,8,2.0,64,4 MB,14.7364,12.5089,18.5780
ResNet-34,image,8,2.0,128,4 MB,14.7364,6.2544,16.6155
ResNet-34,image,8,2.0,256,4 MB,14.7364,3.1272,15.6343
ResNet-34,image,8,2.0,512,4 MB,14.7364,1.5636,15.1436
ResNet-34,image,8,4.0,4,4 MB,7.3682,200.1419,200.1419
ResNet-34,image,8,4.0,8,4 MB,7.3682,100.0710,100.0710
ResNet-34,image,8,4.0,16,4 MB,7.3682,50.0355,50.0355
ResNet-34,image,8,4.0,32,4 MB,7.3682,25.0177,25.0177
ResNet-34,image,8,4.0,64,4 MB,7.3682,12.5089,12.5089
ResNet-34,image,8,4.0,128,4 MB,7.3682,6.2544,9.2890
ResNet-34,image,8,4.0,256,4 MB,7.3682,3.1272,8.3078
ResNet-34,image,8,4.0,512,4 MB,7.3682,1.5636,7.8171
ResNet-34,image,8,8.0,4,4 MB,3.6841,200.1419,200.1419
ResNet-34,image,8,8.0,8,4 MB,3.6841,100.0710,100.0710
ResNet-34,image,8,8.0,16,4 MB,3.6841,50.0355,50.0355
ResNet-34,image,8,8.0,32,4 MB,3.6841,25.0177,25.0177
ResNet-34,image,8,8.0,64,4 MB,3.6841,12.5089,12.5089
ResNet-34,image,8,8.0,128,4 MB,3.6841,6.2544,6.2544
ResNet-34,image,8,8.0,256,4 MB,3.6841,3.1272,4.6445
ResNet-34,image,8,8.0,512,4 MB,3.6841,1.5636,4.1539
ResNet-34,image,8,16.0,4,4 MB,1.8421,200.1419,200.1419
ResNet-34,image,8,16.0,8,4 MB,1.8421,100.0710,100.0710
ResNet-34,image,8,16.0,16,4 MB,1.8421,50.0355,50.0355
ResNet-34,image,8,16.0,32,4 MB,1.8421,25.0177,25.0177
ResNet-34,image,8,16.0,64,4 MB,1.8421,12.5089,12.5089
ResNet-34,image,8,16.0,128,4 MB,1.8421,6.2544,6.2544
ResNet-34,image,8,16.0,256,4 MB,1.8421,3.1272,3.1272
ResNet-34,image,8,16.0,512,4 MB,1.8421,1.5636,2.3223
ResNet-34,image,8,32.0,4,4 MB,0.9210,200.1419,200.1419
ResNet-34,image,8,32.0,8,4 MB,0.9210,100.0710,100.0710
ResNet-34,image,8,32.0,16,4 MB,0.9210,50.0355,50.0355
ResNet-34,image,8,32.0,32,4 MB,0.9210,25.0177,25.0177
ResNet-34,image,8,32.0,64,4 MB,0.9210,12.5089,12.5089
ResNet-34,image,8,32.0,128,4 MB,0.9210,6.2544,6.2544
ResNet-34,image,8,32.0,256,4 MB,0.9210,3.1272,3.1272
ResNet-34,image,8,32.0,512,4 MB,0.9210,1.5636,1.5636
ResNet-34,image,8,64.0,4,4 MB,0.4605,200.1419,200.1419
ResNet-34,image,8,64.0,8,4 MB,0.4605,100.0710,100.0710
ResNet-34,image,8,64.0,16,4 MB,0.4605,50.0355,50.0355
ResNet-34,image,8,64.0,32,4 MB,0.4605,25.0177,25.0177
ResNet-34,image,8,64.0,64,4 MB,0.4605,12.5089,12.5089
ResNet-34,image,8,64.0,128,4 MB,0.4605,6.2544,6.2544
ResNet-34,image,8,64.0,256,4 MB,0.4605,3.1272,3.1272
ResNet-34,image,8,64.0,512,4 MB,0.4605,1.5636,1.5636
ResNet-50,image,1,0.5,4,256 KB,8.2904,54.5570,54.5570
ResNet-50,image,1,0.5,8,256 KB,8.2904,27.2785,27.2785
ResNet-50,image,1,0.5,16,256 KB,8.2904,13.6392,13.7634
ResNet-50,image,1,0.5,32,256 KB,8.2904,6.8196,10.9688
ResNet-50,image,1,0.5,64,256 KB,8.2904,3.4098,9.5715
ResNet-50,image,1,0.5,128,256 KB,8.2904,1.7049,8.8729
ResNet-50,image,1,0.5,256,256 KB,8.2904,0.8525,8.5236
ResNet-50,image,1,0.5,512,256 KB,8.2904,0.4262,8.3507
ResNet-50,image,1,1.0,4,256 KB,4.1452,54.5570,54.5570
ResNet-50,image,1,1.0,8,256 KB,4.1452,27.2785,27.2785
ResNet-50,image,1,1.0,16,256 KB,4.1452,13.6392,13.6392
ResNet-50,image,1,1.0,32,256 KB,4.1452,6.8196,6.8817
ResNet-50,image,1,1.0,64,256 KB,4.1452,3.4098,5.4844
ResNet-50,image,1,1.0,128,256 KB,4.1452,1.7049,4.7858
ResNet-50,image,1,1.0,256,256 KB,4.1452,0.8525,4.4365
ResNet-50,image,1,1.0,512,256 KB,4.1452,0.4262,4.2618
ResNet-50,image,1,2.0,4,256 KB,2.0726,54.5570,54.5570
ResNet-50,image,1,2.0,8,256 KB,2.0726,27.2785,27.2785
ResNet-50,image,1,2.0,16,256 KB,2.0726,13.6392,13.6392
ResNet-50,image,1,2.0,32,256 KB,2.0726,6.8196,6.8196
ResNet-50,image,1,2.0,64,256 KB,2.0726,3.4098,3.4408
ResNet-50,image,1,2.0,128,256 KB,2.0726,1.7049,2.7422
ResNet-50,image,1,2.0,256,256 KB,2.0726,0.8525,2.3929
ResNet-50,image,1,2.0,512,256 KB,2.0726,0.4262,2.2182
ResNet-50,image,1,4.0,4,256 KB,1.0363,54.5570,54.5570
ResNet-50,image,1,4.0,8,256 KB,1.0363,27.2785,27.2785
ResNet-50,image,1,4.0,16,256 KB,1.0363,13.6392,13.6392
ResNet-50,image,1,4.0,32,256 KB,1.0363,6.8196,6.8196
ResNet-50,image,1,4.0,64,256 KB,1.0363,3.4098,3.4098
ResNet-50,image,1,4.0,128,256 KB,1.0363,1.7049,1.7204
ResNet-50,image,1,4.0,256,256 KB,1.0363,0.8525,1.3711
ResNet-50,image,1,4.0,512,256 KB,1.0363,0.4262,1.1964
ResNet-50,image,1,8.0,4,256 KB,0.5182,54.5570,54.5570
ResNet-50,image,1,8.0,8,256 KB,0.5182,27.2785,27.2785
ResNet-50,image,1,8.0,16,256 KB,0.5182,13.6392,13.6392
ResNet-50,image,1,8.0,32,256 KB,0.5182,6.8196,6.8196
ResNet-50,image,1,8.0,64,256 KB,0.5182,3.4098,3.4098
ResNet-50,image,1,8.0,128,256 KB,0.5182,1.7049,1.7049
ResNet-50,image,1,8.0,256,256 KB,0.5182,0.8525,0.8602
ResNet-50,image,1,8.0,512,256 KB,0.5182,0.4262,0.6856
ResNet-50,image,1,16.0,4,256 KB,0.2591,54.5570,54.5570
ResNet-50,image,1,16.0,8,256 KB,0.2591,27.2785,27.2785
ResNet-50,image,1,16.0,16,256 KB,0.2591,13.6392,13.6392
ResNet-50,image,1,16.0,32,256 KB,0.2591,6.8196,6.8196
ResNet-50,image,1,16.0,64,256 KB,0.2591,3.4098,3.4098
ResNet-50,image,1,16.0,128,256 KB,0.2591,1.7049,1.7049
ResNet-50,image,1,16.0,256,256 KB,0.2591,0.8525,0.8525
ResNet-50,image,1,16.0,512,256 KB,0.2591,0.4262,0.4301
ResNet-50,image,1,32.0,4,256 KB,0.1295,54.5570,54.5570
ResNet-50,image,1,32.0,8,256 KB,0.1295,27.2785,27.2785
ResNet-50,image,1,32.0,16,256 KB,0.1295,13.6392,13.6392
ResNet-50,image,1,32.0,32,256 KB,0.1295,6.8196,6.8196
ResNet-50,image,1,32.0,64,256 KB,0.1295,3.4098,3.4098
ResNet-50,image,1,32.0,128,256 KB,0.1295,1.7049,1.7049
ResNet-50,image,1,32.0,256,256 KB,0.1295,0.8525,0.8525
ResNet-50,image,1,32.0,512,256 KB,0.1295,0.4262,0.4262
ResNet-50,image,1,64.0,4,256 KB,0.0648,54.5570,54.5570
ResNet-50,image,1,64.0,8,256 KB,0.0648,27.2785,27.2785
ResNet-50,image,1,64.0,16,256 KB,0.0648,13.6392,13.6392
ResNet-50,image,1,64.0,32,256 KB,0.0648,6.8196,6.8196
ResNet-50,image,1,64.0,64,256 KB,0.0648,3.4098,3.4098
ResNet-50,image,1,64.0,128,256 KB,0.0648,1.7049,1.7049
ResNet-50,image,1,64.0,256,256 KB,0.0648,0.8525,0.8525
ResNet-50,image,1,64.0,512,256 KB,0.0648,0.4262,0.4262
ResNet-50,image,1,0.5,4,1 MB,8.2904,52.0998,52.0998
ResNet-50,image,1,0.5,8,1 MB,8.2904,26.0499,26.0499
ResNet-50,image,1,0.5,16,1 MB,8.2904,13.0249,13.7631
ResNet-50,image,1,0.5,32,1 MB,8.2904,6.5125,10.9687
ResNet-50,image,1,0.5,64,1 MB,8.2904,3.2562,9.5715
ResNet-50,image,1,0.5,128,1 MB,8.2904,1.6281,8.8729
ResNet-50,image,1,0.5,256,1 MB,8.2904,0.8141,8.5236
ResNet-50,image,1,0.5,512,1 MB,8.2904,0.4070,8.3507
ResNet-50,image,1,1.0,4,1 MB,4.1452,52.0998,52.0998
ResNet-50,image,1,1.0,8,1 MB,4.1452,26.0499,26.0499
ResNet-50,image,1,1.0,16,1 MB,4.1452,13.0249,13.0249
ResNet-50,image,1,1.0,32,1 MB,4.1452,6.5125,6.8816
ResNet-50,image,1,1.0,64,1 MB,4.1452,3.2562,5.4843
ResNet-50,image,1,1.0,128,1 MB,4.1452,1.6281,4.7857
ResNet-50,image,1,1.0,256,1 MB,4.1452,0.8141,4.4364
ResNet-50,image,1,1.0,512,1 MB,4.1452,0.4070,4.2618
ResNet-50,image,1,2.0,4,1 MB,2.0726,52.0998,52.0998
ResNet-50,image,1,2.0,8,1 MB,2.0726,26.0499,26.0499
ResNet-50,image,1,2.0,16,1 MB,2.0726,13.0249,13.0249
ResNet-50,image,1,2.0,32,1 MB,2.0726,6.5125,6.5125
ResNet-50,image,1,2.0,64,1 MB,2.0726,3.2562,3.4408
ResNet-50,image,1,2.0,128,1 MB,2.0726,1.6281,2.7422
ResNet-50,image,1,2.0,256,1 MB,2.0726,0.8141,2.3929
ResNet-50,image,1,2.0,512,1 MB,2.0726,0.4070,2.2182
ResNet-50,image,1,4.0,4,1 MB,1.0363,52.0998,52.0998
ResNet-50,image,1,4.0,8,1 MB,1.0363,26.0499,26.0499
ResNet-50,image,1,4.0,16,1 MB,1.0363,13.0249,13.0249
ResNet-50,image,1,4.0,32,1 MB,1.0363,6.5125,6.5125
ResNet-50,image,1,4.0,64,1 MB,1.0363,3.2562,3.2562
ResNet-50,image,1,4.0,128,1 MB,1.0363,1.6281,1.7204
ResNet-50,image,1,4.0,256,1 MB,1.0363,0.8141,1.3711
ResNet-50,image,1,4.0,512,1 MB,1.0363,0.4070,1.1964
ResNet-50,image,1,8.0,4,1 MB,0.5182,52.0998,52.0998
ResNet-50,image,1,8.0,8,1 MB,0.5182,26.0499,26.0499
ResNet-50,image,1,8.0,16,1 MB,0.5182,13.0249,13.0249
ResNet-50,image,1,8.0,32,1 MB,0.5182,6.5125,6.5125
ResNet-50,image,1,8.0,64,1 MB,0.5182,3.2562,3.2562
ResNet-50,image,1,8.0,128,1 MB,0.5182,1.6281,1.6281
ResNet-50,image,1,8.0,256,1 MB,0.5182,0.8141,0.8602
ResNet-50,image,1,8.0,512,1 MB,0.5182,0.4070,0.6855
ResNet-50,image,1,16.0,4,1 MB,0.2591,52.0998,52.0998
ResNet-50,image,1,16.0,8,1 MB,0.2591,26.0499,26.0499
ResNet-50,image,1,16.0,16,1 MB,0.2591,13.0249,13.0249
ResNet-50,image,1,16.0,32,1 MB,0.2591,6.5125,6.5125
ResNet-50,image,1,16.0,64,1 MB,0.2591,3.2562,3.2562
ResNet-50,image,1,16.0,128,1 MB,0.2591,1.6281,1.6281
ResNet-50,image,1,16.0,256,1 MB,0.2591,0.8141,0.8141
ResNet-50,image,1,16.0,512,1 MB,0.2591,0.4070,0.4301
ResNet-50,image,1,32.0,4,1 MB,0.1295,52.0998,52.0998
ResNet-50,image,1,32.0,8,1 MB,0.1295,26.0499,26.0499
ResNet-50,image,1,32.0,16,1 MB,0.1295,13.0249,13.0249
ResNet-50,image,1,32.0,32,1 MB,0.1295,6.5125,6.5125
ResNet-50,image,1,32.0,64,1 MB,0.1295,3.2562,3.2562
ResNet-50,image,1,32.0,128,1 MB,0.1295,1.6281,1.6281
ResNet-50,image,1,32.0,256,1 MB,0.1295,0.8141,0.8141
ResNet-50,image,1,32.0,512,1 MB,0.1295,0.4070,0.4070
ResNet-50,image,1,64.0,4,1 MB,0.0648,52.0998,52.0998
ResNet-50,image,1,64.0,8,1 MB,0.0648,26.0499,26.0499
ResNet-50,image,1,64.0,16,1 MB,0.0648,13.0249,13.0249
ResNet-50,image,1,64.0,32,1 MB,0.0648,6.5125,6.5125
ResNet-50,image,1,64.0,64,1 MB,0.0648,3.2562,3.2562
ResNet-50,image,1,64.0,128,1 MB,0.0648,1.6281,1.6281
ResNet-50,image,1,64.0,256,1 MB,0.0648,0.8141,0.8141
ResNet-50,image,1,64.0,512,1 MB,0.0648,0.4070,0.4070
ResNet-50,image,1,0.5,4,4 MB,8.2904,50.8919,50.8919
ResNet-50,image,1,0.5,8,4 MB,8.2904,25.4459,25.4459
ResNet-50,image,1,0.5,16,4 MB,8.2904,12.7230,13.7629
ResNet-50,image,1,0.5,32,4 MB,8.2904,6.3615,10.9686
ResNet-50,image,1,0.5,64,4 MB,8.2904,3.1807,9.5714
ResNet-50,image,1,0.5,128,4 MB,8.2904,1.5904,8.8728
ResNet-50,image,1,0.5,256,4 MB,8.2904,0.7952,8.5236
ResNet-50,image,1,0.5,512,4 MB,8.2904,0.3976,8.3507
ResNet-50,image,1,1.0,4,4 MB,4.1452,50.8919,50.8919
ResNet-50,image,1,1.0,8,4 MB,4.1452,25.4459,25.4459
ResNet-50,image,1,1.0,16,4 MB,4.1452,12.7230,12.7230
ResNet-50,image,1,1.0,32,4 MB,4.1452,6.3615,6.8814
ResNet-50,image,1,1.0,64,4 MB,4.1452,3.1807,5.4843
ResNet-50,image,1,1.0,128,4 MB,4.1452,1.5904,4.7857
ResNet-50,image,1,1.0,256,4 MB,4.1452,0.7952,4.4364
ResNet-50,image,1,1.0,512,4 MB,4.1452,0.3976,4.2618
ResNet-50,image,1,2.0,4,4 MB,2.0726,50.8919,50.8919
ResNet-50,image,1,2.0,8,4 MB,2.0726,25.4459,25.4459
ResNet-50,image,1,2.0,16,4 MB,2.0726,12.7230,12.7230
ResNet-50,image,1,2.0,32,4 MB,2.0726,6.3615,6.3615
ResNet-50,image,1,2.0,64,4 MB,2.0726,3.1807,3.4407
ResNet-50,image,1,2.0,128,4 MB,2.0726,1.5904,2.7421
ResNet-50,image,1,2.0,256,4 MB,2.0726,0.7952,2.3929
ResNet-50,image,1,2.0,512,4 MB,2.0726,0.3976,2.2182
ResNet-50,image,1,4.0,4,4 MB,1.0363,50.8919,50.8919
ResNet-50,image,1,4.0,8,4 MB,1.0363,25.4459,25.4459
ResNet-50,image,1,4.0,16,4 MB,1.0363,12.7230,12.7230
ResNet-50,image,1,4.0,32,4 MB,1.0363,6.3615,6.3615
ResNet-50,image,1,4.0,64,4 MB,1.0363,3.1807,3.1807
ResNet-50,image,1,4.0,128,4 MB,1.0363,1.5904,1.7204
ResNet-50,image,1,4.0,256,4 MB,1.0363,0.7952,1.3711
ResNet-50,image,1,4.0,512,4 MB,1.0363,0.3976,1.1964
ResNet-50,image,1,8.0,4,4 MB,0.5182,50.8919,50.8919
ResNet-50,image,1,8.0,8,4 MB,0.5182,25.4459,25.4459
ResNet-50,image,1,8.0,16,4 MB,0.5182,12.7230,12.7230
ResNet-50,image,1,8.0,32,4 MB,0.5182,6.3615,6.3615
ResNet-50,image,1,8.0,64,4 MB,0.5182,3.1807,3.1807
ResNet-50,image,1,8.0,128,4 MB,0.5182,1.5904,1.5904
ResNet-50,image,1,8.0,256,4 MB,0.5182,0.7952,0.8602
ResNet-50,image,1,8.0,512,4 MB,0.5182,0.3976,0.6855
ResNet-50,image,1,16.0,4,4 MB,0.2591,50.8919,50.8919
ResNet-50,image,1,16.0,8,4 MB,0.2591,25.4459,25.4459
ResNet-50,image,1,16.0,16,4 MB,0.2591,12.7230,12.7230
ResNet-50,image,1,16.0,32,4 MB,0.2591,6.3615,6.3615
ResNet-50,image,1,16.0,64,4 MB,0.2591,3.1807,3.1807
ResNet-50,image,1,16.0,128,4 MB,0.2591,1.5904,1.5904
ResNet-50,image,1,16.0,256,4 MB,0.2591,0.7952,0.7952
ResNet-50,image,1,16.0,512,4 MB,0.2591,0.3976,0.4301
ResNet-50,image,1,32.0,4,4 MB,0.1295,50.8919,50.8919
ResNet-50,image,1,32.0,8,4 MB,0.1295,25.4459,25.4459
ResNet-50,image,1,32.0,16,4 MB,0.1295,12.7230,12.7230
ResNet-50,image,1,32.0,32,4 MB,0.1295,6.3615,6.3615
ResNet-50,image,1,32.0,64,4 MB,0.1295,3.1807,3.1807
ResNet-50,image,1,32.0,128,4 MB,0.1295,1.5904,1.5904
ResNet-50,image,1,32.0,256,4 MB,0.1295,0.7952,0.7952
ResNet-50,image,1,32.0,512,4 MB,0.1295,0.3976,0.3976
ResNet-50,image,1,64.0,4,4 MB,0.0648,50.8919,50.8919
ResNet-50,image,1,64.0,8,4 MB,0.0648,25.4459,25.4459
ResNet-50,image,1,64.0,16,4 MB,0.0648,12.7230,12.7230
ResNet-50,image,1,64.0,32,4 MB,0.0648,6.3615,6.3615
ResNet-50,image,1,64.0,64,4 MB,0.0648,3.1807,3.1807
ResNet-50,image,1,64.0,128,4 MB,0.0648,1.5904,1.5904
ResNet-50,image,1,64.0,256,4 MB,0.0648,0.7952,0.7952
ResNet-50,image,1,64.0,512,4 MB,0.0648,0.3976,0.3976
ResNet-50,image,8,0.5,4,256 KB,66.3226,370.2680,370.2680
ResNet-50,image,8,0.5,8,256 KB,66.3226,185.1340,185.1340
ResNet-50,image,8,0.5,16,256 KB,66.3226,92.5670,108.2219
ResNet-50,image,8,0.5,32,256 KB,66.3226,46.2835,86.8080
ResNet-50,image,8,0.5,64,256 KB,66.3226,23.1418,76.1011
ResNet-50,image,8,0.5,128,256 KB,66.3226,11.5709,70.7476
ResNet-50,image,8,0.5,256,256 KB,66.3226,5.7854,68.0873
ResNet-50,image,8,0.5,512,256 KB,66.3226,2.8927,66.7735
ResNet-50,image,8,1.0,4,256 KB,33.1613,370.2680,370.2680
ResNet-50,image,8,1.0,8,256 KB,33.1613,185.1340,185.1340
ResNet-50,image,8,1.0,16,256 KB,33.1613,92.5670,92.5670
ResNet-50,image,8,1.0,32,256 KB,33.1613,46.2835,54.1110
ResNet-50,image,8,1.0,64,256 KB,33.1613,23.1418,43.4040
ResNet-50,image,8,1.0,128,256 KB,33.1613,11.5709,38.0506
ResNet-50,image,8,1.0,256,256 KB,33.1613,5.7854,35.3738
ResNet-50,image,8,1.0,512,256 KB,33.1613,2.8927,34.0436
ResNet-50,image,8,2.0,4,256 KB,16.5807,370.2680,370.2680
ResNet-50,image,8,2.0,8,256 KB,16.5807,185.1340,185.1340
ResNet-50,image,8,2.0,16,256 KB,16.5807,92.5670,92.5670
ResNet-50,image,8,2.0,32,256 KB,16.5807,46.2835,46.2835
ResNet-50,image,8,2.0,64,256 KB,16.5807,23.1418,27.0555
ResNet-50,image,8,2.0,128,256 KB,16.5807,11.5709,21.7020
ResNet-50,image,8,2.0,256,256 KB,16.5807,5.7854,19.0253
ResNet-50,image,8,2.0,512,256 KB,16.5807,2.8927,17.6869
ResNet-50,image,8,4.0,4,256 KB,8.2903,370.2680,370.2680
ResNet-50,image,8,4.0,8,256 KB,8.2903,185.1340,185.1340
ResNet-50,image,8,4.0,16,256 KB,8.2903,92.5670,92.5670
ResNet-50,image,8,4.0,32,256 KB,8.2903,46.2835,46.2835
ResNet-50,image,8,4.0,64,256 KB,8.2903,23.1418,23.1418
ResNet-50,image,8,4.0,128,256 KB,8.2903,11.5709,13.5277
ResNet-50,image,8,4.0,256,256 KB,8.2903,5.7854,10.8510
ResNet-50,image,8,4.0,512,256 KB,8.2903,2.8927,9.5126
ResNet-50,image,8,8.0,4,256 KB,4.1452,370.2680,370.2680
ResNet-50,image,8,8.0,8,256 KB,4.1452,185.1340,185.1340
ResNet-50,image,8,8.0,16,256 KB,4.1452,92.5670,92.5670
ResNet-50,image,8,8.0,32,256 KB,4.1452,46.2835,46.2835
ResNet-50,image,8,8.0,64,256 KB,4.1452,23.1418,23.1418
ResNet-50,image,8,8.0,128,256 KB,4.1452,11.5709,11.5709
ResNet-50,image,8,8.0,256,256 KB,4.1452,5.7854,6.7639
ResNet-50,image,8,8.0,512,256 KB,4.1452,2.8927,5.4255
ResNet-50,image,8,16.0,4,256 KB,2.0726,370.2680,370.2680
ResNet-50,image,8,16.0,8,256 KB,2.0726,185.1340,185.1340
ResNet-50,image,8,16.0,16,256 KB,2.0726,92.5670,92.5670
ResNet-50,image,8,16.0,32,256 KB,2.0726,46.2835,46.2835
ResNet-50,image,8,16.0,64,256 KB,2.0726,23.1418,23.1418
ResNet-50,image,8,16.0,128,256 KB,2.0726,11.5709,11.5709
ResNet-50,image,8,16.0,256,256 KB,2.0726,5.7854,5.7854
ResNet-50,image,8,16.0,512,256 KB,2.0726,2.8927,3.3819
ResNet-50,image,8,32.0,4,256 KB,1.0363,370.2680,370.2680
ResNet-50,image,8,32.0,8,256 KB,1.0363,185.1340,185.1340
ResNet-50,image,8,32.0,16,256 KB,1.0363,92.5670,92.5670
ResNet-50,image,8,32.0,32,256 KB,1.0363,46.2835,46.2835
ResNet-50,image,8,32.0,64,256 KB,1.0363,23.1418,23.1418
ResNet-50,image,8,32.0,128,256 KB,1.0363,11.5709,11.5709
ResNet-50,image,8,32.0,256,256 KB,1.0363,5.7854,5.7854
ResNet-50,image,8,32.0,512,256 KB,1.0363,2.8927,2.8927
ResNet-50,image,8,64.0,4,256 KB,0.5181,370.2680,370.2680
ResNet-50,image,8,64.0,8,256 KB,0.5181,185.1340,185.1340
ResNet-50,image,8,64.0,16,256 KB,0.5181,92.5670,92.5670
ResNet-50,image,8,64.0,32,256 KB,0.5181,46.2835,46.2835
ResNet-50,image,8,64.0,64,256 KB,0.5181,23.1418,23.1418
ResNet-50,image,8,64.0,128,256 KB,0.5181,11.5709,11.5709
ResNet-50,image,8,64.0,256,256 KB,0.5181,5.7854,5.7854
ResNet-50,image,8,64.0,512,256 KB,0.5181,2.8927,2.8927
ResNet-50,image,8,0.5,4,1 MB,66.3226,334.8924,334.8924
ResNet-50,image,8,0.5,8,1 MB,66.3226,167.4462,167.4462
ResNet-50,image,8,0.5,16,1 MB,66.3226,83.7231,108.2199
ResNet-50,image,8,0.5,32,1 MB,66.3226,41.8615,86.8070
ResNet-50,image,8,0.5,64,1 MB,66.3226,20.9308,76.1006
ResNet-50,image,8,0.5,128,1 MB,66.3226,10.4654,70.7475
ResNet-50,image,8,0.5,256,1 MB,66.3226,5.2327,68.0873
ResNet-50,image,8,0.5,512,1 MB,66.3226,2.6163,66.7735
ResNet-50,image,8,1.0,4,1 MB,33.1613,334.8924,334.8924
ResNet-50,image,8,1.0,8,1 MB,33.1613,167.4462,167.4462
ResNet-50,image,8,1.0,16,1 MB,33.1613,83.7231,83.7231
ResNet-50,image,8,1.0,32,1 MB,33.1613,41.8615,54.1099
ResNet-50,image,8,1.0,64,1 MB,33.1613,20.9308,43.4035
ResNet-50,image,8,1.0,128,1 MB,33.1613,10.4654,38.0503
ResNet-50,image,8,1.0,256,1 MB,33.1613,5.2327,35.3738
ResNet-50,image,8,1.0,512,1 MB,33.1613,2.6163,34.0436
ResNet-50,image,8,2.0,4,1 MB,16.5807,334.8924,334.8924
ResNet-50,image,8,2.0,8,1 MB,16.5807,167.4462,167.4462
ResNet-50,image,8,2.0,16,1 MB,16.5807,83.7231,83.7231
ResNet-50,image,8,2.0,32,1 MB,16.5807,41.8615,41.8615
ResNet-50,image,8,2.0,64,1 MB,16.5807,20.9308,27.0550
ResNet-50,image,8,2.0,128,1 MB,16.5807,10.4654,21.7018
ResNet-50,image,8,2.0,256,1 MB,16.5807,5.2327,19.0251
ResNet-50,image,8,2.0,512,1 MB,16.5807,2.6163,17.6869
ResNet-50,image,8,4.0,4,1 MB,8.2903,334.8924,334.8924
ResNet-50,image,8,4.0,8,1 MB,8.2903,167.4462,167.4462
ResNet-50,image,8,4.0,16,1 MB,8.2903,83.7231,83.7231
ResNet-50,image,8,4.0,32,1 MB,8.2903,41.8615,41.8615
ResNet-50,image,8,4.0,64,1 MB,8.2903,20.9308,20.9308
ResNet-50,image,8,4.0,128,1 MB,8.2903,10.4654,13.5275
ResNet-50,image,8,4.0,256,1 MB,8.2903,5.2327,10.8509
ResNet-50,image,8,4.0,512,1 MB,8.2903,2.6163,9.5126
ResNet-50,image,8,8.0,4,1 MB,4.1452,334.8924,334.8924
ResNet-50,image,8,8.0,8,1 MB,4.1452,167.4462,167.4462
ResNet-50,image,8,8.0,16,1 MB,4.1452,83.7231,83.7231
ResNet-50,image,8,8.0,32,1 MB,4.1452,41.8615,41.8615
ResNet-50,image,8,8.0,64,1 MB,4.1452,20.9308,20.9308
ResNet-50,image,8,8.0,128,1 MB,4.1452,10.4654,10.4654
ResNet-50,image,8,8.0,256,1 MB,4.1452,5.2327,6.7637
ResNet-50,image,8,8.0,512,1 MB,4.1452,2.6163,5.4254
ResNet-50,image,8,16.0,4,1 MB,2.0726,334.8924,334.8924
ResNet-50,image,8,16.0,8,1 MB,2.0726,167.4462,167.4462
ResNet-50,image,8,16.0,16,1 MB,2.0726,83.7231,83.7231
ResNet-50,image,8,16.0,32,1 MB,2.0726,41.8615,41.8615
ResNet-50,image,8,16.0,64,1 MB,2.0726,20.9308,20.9308
ResNet-50,image,8,16.0,128,1 MB,2.0726,10.4654,10.4654
ResNet-50,image,8,16.0,256,1 MB,2.0726,5.2327,5.2327
ResNet-50,image,8,16.0,512,1 MB,2.0726,2.6163,3.3819
ResNet-50,image,8,32.0,4,1 MB,1.0363,334.8924,334.8924
ResNet-50,image,8,32.0,8,1 MB,1.0363,167.4462,167.4462
ResNet-50,image,8,32.0,16,1 MB,1.0363,83.7231,83.7231
ResNet-50,image,8,32.0,32,1 MB,1.0363,41.8615,41.8615
ResNet-50,image,8,32.0,64,1 MB,1.0363,20.9308,20.9308
ResNet-50,image,8,32.0,128,1 MB,1.0363,10.4654,10.4654
ResNet-50,image,8,32.0,256,1 MB,1.0363,5.2327,5.2327
ResNet-50,image,8,32.0,512,1 MB,1.0363,2.6163,2.6163
ResNet-50,image,8,64.0,4,1 MB,0.5181,334.8924,334.8924
ResNet-50,image,8,64.0,8,1 MB,0.5181,167.4462,167.4462
ResNet-50,image,8,64.0,16,1 MB,0.5181,83.7231,83.7231
ResNet-50,image,8,64.0,32,1 MB,0.5181,41.8615,41.8615
ResNet-50,image,8,64.0,64,1 MB,0.5181,20.9308,20.9308
ResNet-50,image,8,64.0,128,1 MB,0.5181,10.4654,10.4654
ResNet-50,image,8,64.0,256,1 MB,0.5181,5.2327,5.2327
ResNet-50,image,8,64.0,512,1 MB,0.5181,2.6163,2.6163
ResNet-50,image,8,0.5,4,4 MB,66.3226,324.0063,324.0063
ResNet-50,image,8,0.5,8,4 MB,66.3226,162.0031,162.0031
ResNet-50,image,8,0.5,16,4 MB,66.3226,81.0016,108.2178
ResNet-50,image,8,0.5,32,4 MB,66.3226,40.5008,86.8060
ResNet-50,image,8,0.5,64,4 MB,66.3226,20.2504,76.1001
ResNet-50,image,8,0.5,128,4 MB,66.3226,10.1252,70.7475
ResNet-50,image,8,0.5,256,4 MB,66.3226,5.0626,68.0873
ResNet-50,image,8,0.5,512,4 MB,66.3226,2.5313,66.7735
ResNet-50,image,8,1.0,4,4 MB,33.1613,324.0063,324.0063
ResNet-50,image,8,1.0,8,4 MB,33.1613,162.0031,162.0031
ResNet-50,image,8,1.0,16,4 MB,33.1613,81.0016,81.0016
ResNet-50,image,8,1.0,32,4 MB,33.1613,40.5008,54.1089
ResNet-50,image,8,1.0,64,4 MB,33.1613,20.2504,43.4030
ResNet-50,image,8,1.0,128,4 MB,33.1613,10.1252,38.0500
ResNet-50,image,8,1.0,256,4 MB,33.1613,5.0626,35.3738
ResNet-50,image,8,1.0,512,4 MB,33.1613,2.5313,34.0436
ResNet-50,image,8,2.0,4,4 MB,16.5807,324.0063,324.0063
ResNet-50,image,8,2.0,8,4 MB,16.5807,162.0031,162.0031
ResNet-50,image,8,2.0,16,4 MB,16.5807,81.0016,81.0016
ResNet-50,image,8,2.0,32,4 MB,16.5807,40.5008,40.5008
ResNet-50,image,8,2.0,64,4 MB,16.5807,20.2504,27.0545
ResNet-50,image,8,2.0,128,4 MB,16.5807,10.1252,21.7015
ResNet-50,image,8,2.0,256,4 MB,16.5807,5.0626,19.0250
ResNet-50,image,8,2.0,512,4 MB,16.5807,2.5313,17.6869
ResNet-50,image,8,4.0,4,4 MB,8.2903,324.0063,324.0063
ResNet-50,image,8,4.0,8,4 MB,8.2903,162.0031,162.0031
ResNet-50,image,8,4.0,16,4 MB,8.2903,81.0016,81.0016
ResNet-50,image,8,4.0,32,4 MB,8.2903,40.5008,40.5008
ResNet-50,image,8,4.0,64,4 MB,8.2903,20.2504,20.2504
ResNet-50,image,8,4.0,128,4 MB,8.2903,10.1252,13.5272
ResNet-50,image,8,4.0,256,4 MB,8.2903,5.0626,10.8507
ResNet-50,image,8,4.0,512,4 MB,8.2903,2.5313,9.5125
ResNet-50,image,8,8.0,4,4 MB,4.1452,324.0063,324.0063
ResNet-50,image,8,8.0,8,4 MB,4.1452,162.0031,162.0031
ResNet-50,image,8,8.0,16,4 MB,4.1452,81.0016,81.0016
ResNet-50,image,8,8.0,32,4 MB,4.1452,40.5008,40.5008
ResNet-50,image,8,8.0,64,4 MB,4.1452,20.2504,20.2504
ResNet-50,image,8,8.0,128,4 MB,4.1452,10.1252,10.1252
ResNet-50,image,8,8.0,256,4 MB,4.1452,5.0626,6.7636
ResNet-50,image,8,8.0,512,4 MB,4.1452,2.5313,5.4254
ResNet-50,image,8,16.0,4,4 MB,2.0726,324.0063,324.0063
ResNet-50,image,8,16.0,8,4 MB,2.0726,162.0031,162.0031
ResNet-50,image,8,16.0,16,4 MB,2.0726,81.0016,81.0016
ResNet-50,image,8,16.0,32,4 MB,2.0726,40.5008,40.5008
ResNet-50,image,8,16.0,64,4 MB,2.0726,20.2504,20.2504
ResNet-50,image,8,16.0,128,4 MB,2.0726,10.1252,10.1252
ResNet-50,image,8,16.0,256,4 MB,2.0726,5.0626,5.0626
ResNet-50,image,8,16.0,512,4 MB,2.0726,2.5313,3.3818
ResNet-50,image,8,32.0,4,4 MB,1.0363,324.0063,324.0063
ResNet-50,image,8,32.0,8,4 MB,1.0363,162.0031,162.0031
ResNet-50,image,8,32.0,16,4 MB,1.0363,81.0016,81.0016
ResNet-50,image,8,32.0,32,4 MB,1.0363,40.5008,40.5008
ResNet-50,image,8,32.0,64,4 MB,1.0363,20.2504,20.2504
ResNet-50,image,8,32.0,128,4 MB,1.0363,10.1252,10.1252
ResNet-50,image,8,32.0,256,4 MB,1.0363,5.0626,5.0626
ResNet-50,image,8,32.0,512,4 MB,1.0363,2.5313,2.5313
ResNet-50,image,8,64.0,4,4 MB,0.5181,324.0063,324.0063
ResNet-50,image,8,64.0,8,4 MB,0.5181,162.0031,162.0031
ResNet-50,image,8,64.0,16,4 MB,0.5181,81.0016,81.0016
ResNet-50,image,8,64.0,32,4 MB,0.5181,40.5008,40.5008
ResNet-50,image,8,64.0,64,4 MB,0.5181,20.2504,20.2504
ResNet-50,image,8,64.0,128,4 MB,0.5181,10.1252,10.1252
ResNet-50,image,8,64.0,256,4 MB,0.5181,5.0626,5.0626
ResNet-50,image,8,64.0,512,4 MB,0.5181,2.5313,2.5313
EfficientNet-B0,image,1,0.5,4,256 KB,0.8550,23.9147,23.9147
EfficientNet-B0,image,1,0.5,8,256 KB,0.8550,11.9574,11.9574
EfficientNet-B0,image,1,0.5,16,256 KB,0.8550,5.9787,5.9787
EfficientNet-B0,image,1,0.5,32,256 KB,0.8550,2.9893,2.9893
EfficientNet-B0,image,1,0.5,64,256 KB,0.8550,1.4947,1.6928
EfficientNet-B0,image,1,0.5,128,256 KB,0.8550,0.7473,1.2310
EfficientNet-B0,image,1,0.5,256,256 KB,0.8550,0.3737,1.0000
EfficientNet-B0,image,1,0.5,512,256 KB,0.8550,0.1868,0.8856
EfficientNet-B0,image,1,1.0,4,256 KB,0.4275,23.9147,23.9147
EfficientNet-B0,image,1,1.0,8,256 KB,0.4275,11.9574,11.9574
EfficientNet-B0,image,1,1.0,16,256 KB,0.4275,5.9787,5.9787
EfficientNet-B0,image,1,1.0,32,256 KB,0.4275,2.9893,2.9893
EfficientNet-B0,image,1,1.0,64,256 KB,0.4275,1.4947,1.4947
EfficientNet-B0,image,1,1.0,128,256 KB,0.4275,0.7473,0.8464
EfficientNet-B0,image,1,1.0,256,256 KB,0.4275,0.3737,0.6155
EfficientNet-B0,image,1,1.0,512,256 KB,0.4275,0.1868,0.5000
EfficientNet-B0,image,1,2.0,4,256 KB,0.2138,23.9147,23.9147
EfficientNet-B0,image,1,2.0,8,256 KB,0.2138,11.9574,11.9574
EfficientNet-B0,image,1,2.0,16,256 KB,0.2138,5.9787,5.9787
EfficientNet-B0,image,1,2.0,32,256 KB,0.2138,2.9893,2.9893
EfficientNet-B0,image,1,2.0,64,256 KB,0.2138,1.4947,1.4947
EfficientNet-B0,image,1,2.0,128,256 KB,0.2138,0.7473,0.7473
EfficientNet-B0,image,1,2.0,256,256 KB,0.2138,0.3737,0.4232
EfficientNet-B0,image,1,2.0,512,256 KB,0.2138,0.1868,0.3077
EfficientNet-B0,image,1,4.0,4,256 KB,0.1069,23.9147,23.9147
EfficientNet-B0,image,1,4.0,8,256 KB,0.1069,11.9574,11.9574
EfficientNet-B0,image,1,4.0,16,256 KB,0.1069,5.9787,5.9787
EfficientNet-B0,image,1,4.0,32,256 KB,0.1069,2.9893,2.9893
EfficientNet-B0,image,1,4.0,64,256 KB,0.1069,1.4947,1.4947
EfficientNet-B0,image,1,4.0,128,256 KB,0.1069,0.7473,0.7473
EfficientNet-B0,image,1,4.0,256,256 KB,0.1069,0.3737,0.3737
EfficientNet-B0,image,1,4.0,512,256 KB,0.1069,0.1868,0.2116
EfficientNet-B0,image,1,8.0,4,256 KB,0.0534,23.9147,23.9147
EfficientNet-B0,image,1,8.0,8,256 KB,0.0534,11.9574,11.9574
EfficientNet-B0,image,1,8.0,16,256 KB,0.0534,5.9787,5.9787
EfficientNet-B0,image,1,8.0,32,256 KB,0.0534,2.9893,2.9893
EfficientNet-B0,image,1,8.0,64,256 KB,0.0534,1.4947,1.4947
EfficientNet-B0,image,1,8.0,128,256 KB,0.0534,0.7473,0.7473
EfficientNet-B0,image,1,8.0,256,256 KB,0.0534,0.3737,0.3737
EfficientNet-B0,image,1,8.0,512,256 KB,0.0534,0.1868,0.1868
EfficientNet-B0,image,1,16.0,4,256 KB,0.0267,23.9147,23.9147
EfficientNet-B0,image,1,16.0,8,256 KB,0.0267,11.9574,11.9574
EfficientNet-B0,image,1,16.0,16,256 KB,0.0267,5.9787,5.9787
EfficientNet-B0,image,1,16.0,32,256 KB,0.0267,2.9893,2.9893
EfficientNet-B0,image,1,16.0,64,256 KB,0.0267,1.4947,1.4947
EfficientNet-B0,image,1,16.0,128,256 KB,0.0267,0.7473,0.7473
EfficientNet-B0,image,1,16.0,256,256 KB,0.0267,0.3737,0.3737
EfficientNet-B0,image,1,16.0,512,256 KB,0.0267,0.1868,0.1868
EfficientNet-B0,image,1,32.0,4,256 KB,0.0134,23.9147,23.9147
EfficientNet-B0,image,1,32.0,8,256 KB,0.0134,11.9574,11.9574
EfficientNet-B0,image,1,32.0,16,256 KB,0.0134,5.9787,5.9787
EfficientNet-B0,image,1,32.0,32,256 KB,0.0134,2.9893,2.9893
EfficientNet-B0,image,1,32.0,64,256 KB,0.0134,1.4947,1.4947
EfficientNet-B0,image,1,32.0,128,256 KB,0.0134,0.7473,0.7473
EfficientNet-B0,image,1,32.0,256,256 KB,0.0134,0.3737,0.3737
EfficientNet-B0,image,1,32.0,512,256 KB,0.0134,0.1868,0.1868
EfficientNet-B0,image,1,64.0,4,256 KB,0.0067,23.9147,23.9147
EfficientNet-B0,image,1,64.0,8,256 KB,0.0067,11.9574,11.9574
EfficientNet-B0,image,1,64.0,16,256 KB,0.0067,5.9787,5.9787
EfficientNet-B0,image,1,64.0,32,256 KB,0.0067,2.9893,2.9893
EfficientNet-B0,image,1,64.0,64,256 KB,0.0067,1.4947,1.4947
EfficientNet-B0,image,1,64.0,128,256 KB,0.0067,0.7473,0.7473
EfficientNet-B0,image,1,64.0,256,256 KB,0.0067,0.3737,0.3737
EfficientNet-B0,image,1,64.0,512,256 KB,0.0067,0.1868,0.1868
EfficientNet-B0,image,1,0.5,4,1 MB,0.8550,23.7367,23.7367
EfficientNet-B0,image,1,0.5,8,1 MB,0.8550,11.8683,11.8683
EfficientNet-B0,image,1,0.5,16,1 MB,0.8550,5.9342,5.9342
EfficientNet-B0,image,1,0.5,32,1 MB,0.8550,2.9671,2.9671
EfficientNet-B0,image,1,0.5,64,1 MB,0.8550,1.4835,1.6928
EfficientNet-B0,image,1,0.5,128,1 MB,0.8550,0.7418,1.2309
EfficientNet-B0,image,1,0.5,256,1 MB,0.8550,0.3709,1.0000
EfficientNet-B0,image,1,0.5,512,1 MB,0.8550,0.1854,0.8856
EfficientNet-B0,image,1,1.0,4,1 MB,0.4275,23.7367,23.7367
EfficientNet-B0,image,1,1.0,8,1 MB,0.4275,11.8683,11.8683
EfficientNet-B0,image,1,1.0,16,1 MB,0.4275,5.9342,5.9342
EfficientNet-B0,image,1,1.0,32,1 MB,0.4275,2.9671,2.9671
EfficientNet-B0,image,1,1.0,64,1 MB,0.4275,1.4835,1.4835
EfficientNet-B0,image,1,1.0,128,1 MB,0.4275,0.7418,0.8464
EfficientNet-B0,image,1,1.0,256,1 MB,0.4275,0.3709,0.6155
EfficientNet-B0,image,1,1.0,512,1 MB,0.4275,0.1854,0.5000
EfficientNet-B0,image,1,2.0,4,1 MB,0.2138,23.7367,23.7367
EfficientNet-B0,image,1,2.0,8,1 MB,0.2138,11.8683,11.8683
EfficientNet-B0,image,1,2.0,16,1 MB,0.2138,5.9342,5.9342
EfficientNet-B0,image,1,2.0,32,1 MB,0.2138,2.9671,2.9671
EfficientNet-B0,image,1,2.0,64,1 MB,0.2138,1.4835,1.4835
EfficientNet-B0,image,1,2.0,128,1 MB,0.2138,0.7418,0.7418
EfficientNet-B0,image,1,2.0,256,1 MB,0.2138,0.3709,0.4232
EfficientNet-B0,image,1,2.0,512,1 MB,0.2138,0.1854,0.3077
EfficientNet-B0,image,1,4.0,4,1 MB,0.1069,23.7367,23.7367
EfficientNet-B0,image,1,4.0,8,1 MB,0.1069,11.8683,11.8683
EfficientNet-B0,image,1,4.0,16,1 MB,0.1069,5.9342,5.9342
EfficientNet-B0,image,1,4.0,32,1 MB,0.1069,2.9671,2.9671
EfficientNet-B0,image,1,4.0,64,1 MB,0.1069,1.4835,1.4835
EfficientNet-B0,image,1,4.0,128,1 MB,0.1069,0.7418,0.7418
EfficientNet-B0,image,1,4.0,256,1 MB,0.1069,0.3709,0.3709
EfficientNet-B0,image,1,4.0,512,1 MB,0.1069,0.1854,0.2116
EfficientNet-B0,image,1,8.0,4,1 MB,0.0534,23.7367,23.7367
EfficientNet-B0,image,1,8.0,8,1 MB,0.0534,11.8683,11.8683
EfficientNet-B0,image,1,8.0,16,1 MB,0.0534,5.9342,5.9342
EfficientNet-B0,image,1,8.0,32,1 MB,0.0534,2.9671,2.9671
EfficientNet-B0,image,1,8.0,64,1 MB,0.0534,1.4835,1.4835
EfficientNet-B0,image,1,8.0,128,1 MB,0.0534,0.7418,0.7418
EfficientNet-B0,image,1,8.0,256,1 MB,0.0534,0.3709,0.3709
EfficientNet-B0,image,1,8.0,512,1 MB,0.0534,0.1854,0.1854
EfficientNet-B0,image,1,16.0,4,1 MB,0.0267,23.7367,23.7367
EfficientNet-B0,image,1,16.0,8,1 MB,0.0267,11.8683,11.8683
EfficientNet-B0,image,1,16.0,16,1 MB,0.0267,5.9342,5.9342
EfficientNet-B0,image,1,16.0,32,1 MB,0.0267,2.9671,2.9671
EfficientNet-B0,image,1,16.0,64,1 MB,0.0267,1.4835,1.4835
EfficientNet-B0,image,1,16.0,128,1 MB,0.0267,0.7418,0.7418
EfficientNet-B0,image,1,16.0,256,1 MB,0.0267,0.3709,0.3709
EfficientNet-B0,image,1,16.0,512,1 MB,0.0267,0.1854,0.1854
EfficientNet-B0,image,1,32.0,4,1 MB,0.0134,23.7367,23.7367
EfficientNet-B0,image,1,32.0,8,1 MB,0.0134,11.8683,11.8683
EfficientNet-B0,image,1,32.0,16,1 MB,0.0134,5.9342,5.9342
EfficientNet-B0,image,1,32.0,32,1 MB,0.0134,2.9671,2.9671
EfficientNet-B0,image,1,32.0,64,1 MB,0.0134,1.4835,1.4835
EfficientNet-B0,image,1,32.0,128,1 MB,0.0134,0.7418,0.7418
EfficientNet-B0,image,1,32.0,256,1 MB,0.0134,0.3709,0.3709
EfficientNet-B0,image,1,32.0,512,1 MB,0.0134,0.1854,0.1854
EfficientNet-B0,image,1,64.0,4,1 MB,0.0067,23.7367,23.7367
EfficientNet-B0,image,1,64.0,8,1 MB,0.0067,11.8683,11.8683
EfficientNet-B0,image,1,64.0,16,1 MB,0.0067,5.9342,5.9342
EfficientNet-B0,image,1,64.0,32,1 MB,0.0067,2.9671,2.9671
EfficientNet-B0,image,1,64.0,64,1 MB,0.0067,1.4835,1.4835
EfficientNet-B0,image,1,64.0,128,1 MB,0.0067,0.7418,0.7418
EfficientNet-B0,image,1,64.0,256,1 MB,0.0067,0.3709,0.3709
EfficientNet-B0,image,1,64.0,512,1 MB,0.0067,0.1854,0.1854
EfficientNet-B0,image,1,0.5,4,4 MB,0.8550,23.6662,23.6662
EfficientNet-B0,image,1,0.5,8,4 MB,0.8550,11.8331,11.8331
EfficientNet-B0,image,1,0.5,16,4 MB,0.8550,5.9166,5.9166
EfficientNet-B0,image,1,0.5,32,4 MB,0.8550,2.9583,2.9583
EfficientNet-B0,image,1,0.5,64,4 MB,0.8550,1.4791,1.6928
EfficientNet-B0,image,1,0.5,128,4 MB,0.8550,0.7396,1.2309
EfficientNet-B0,image,1,0.5,256,4 MB,0.8550,0.3698,1.0000
EfficientNet-B0,image,1,0.5,512,4 MB,0.8550,0.1849,0.8856
EfficientNet-B0,image,1,1.0,4,4 MB,0.4275,23.6662,23.6662
EfficientNet-B0,image,1,1.0,8,4 MB,0.4275,11.8331,11.8331
EfficientNet-B0,image,1,1.0,16,4 MB,0.4275,5.9166,5.9166
EfficientNet-B0,image,1,1.0,32,4 MB,0.4275,2.9583,2.9583
EfficientNet-B0,image,1,1.0,64,4 MB,0.4275,1.4791,1.4791
EfficientNet-B0,image,1,1.0,128,4 MB,0.4275,0.7396,0.8464
EfficientNet-B0,image,1,1.0,256,4 MB,0.4275,0.3698,0.6155
EfficientNet-B0,image,1,1.0,512,4 MB,0.4275,0.1849,0.5000
EfficientNet-B0,image,1,2.0,4,4 MB,0.2138,23.6662,23.6662
EfficientNet-B0,image,1,2.0,8,4 MB,0.2138,11.8331,11.8331
EfficientNet-B0,image,1,2.0,16,4 MB,0.2138,5.9166,5.9166
EfficientNet-B0,image,1,2.0,32,4 MB,0.2138,2.9583,2.9583
EfficientNet-B0,image,1,2.0,64,4 MB,0.2138,1.4791,1.4791
EfficientNet-B0,image,1,2.0,128,4 MB,0.2138,0.7396,0.7396
EfficientNet-B0,image,1,2.0,256,4 MB,0.2138,0.3698,0.4232
EfficientNet-B0,image,1,2.0,512,4 MB,0.2138,0.1849,0.3077
EfficientNet-B0,image,1,4.0,4,4 MB,0.1069,23.6662,23.6662
EfficientNet-B0,image,1,4.0,8,4 MB,0.1069,11.8331,11.8331
EfficientNet-B0,image,1,4.0,16,4 MB,0.1069,5.9166,5.9166
EfficientNet-B0,image,1,4.0,32,4 MB,0.1069,2.9583,2.9583
EfficientNet-B0,image,1,4.0,64,4 MB,0.1069,1.4791,1.4791
EfficientNet-B0,image,1,4.0,128,4 MB,0.1069,0.7396,0.7396
EfficientNet-B0,image,1,4.0,256,4 MB,0.1069,0.3698,0.3698
EfficientNet-B0,image,1,4.0,512,4 MB,0.1069,0.1849,0.2116
EfficientNet-B0,image,1,8.0,4,4 MB,0.0534,23.6662,23.6662
EfficientNet-B0,image,1,8.0,8,4 MB,0.0534,11.8331,11.8331
EfficientNet-B0,image,1,8.0,16,4 MB,0.0534,5.9166,5.9166
EfficientNet-B0,image,1,8.0,32,4 MB,0.0534,2.9583,2.9583
EfficientNet-B0,image,1,8.0,64,4 MB,0.0534,1.4791,1.4791
EfficientNet-B0,image,1,8.0,128,4 MB,0.0534,0.7396,0.7396
EfficientNet-B0,image,1,8.0,256,4 MB,0.0534,0.3698,0.3698
EfficientNet-B0,image,1,8.0,512,4 MB,0.0534,0.1849,0.1849
EfficientNet-B0,image,1,16.0,4,4 MB,0.0267,23.6662,23.6662
EfficientNet-B0,image,1,16.0,8,4 MB,0.0267,11.8331,11.8331
EfficientNet-B0,image,1,16.0,16,4 MB,0.0267,5.9166,5.9166
EfficientNet-B0,image,1,16.0,32,4 MB,0.0267,2.9583,2.9583
EfficientNet-B0,image,1,16.0,64,4 MB,0.0267,1.4791,1.4791
EfficientNet-B0,image,1,16.0,128,4 MB,0.0267,0.7396,0.7396
EfficientNet-B0,image,1,16.0,256,4 MB,0.0267,0.3698,0.3698
EfficientNet-B0,image,1,16.0,512,4 MB,0.0267,0.1849,0.1849
EfficientNet-B0,image,1,32.0,4,4 MB,0.0134,23.6662,23.6662
EfficientNet-B0,image,1,32.0,8,4 MB,0.0134,11.8331,11.8331
EfficientNet-B0,image,1,32.0,16,4 MB,0.0134,5.9166,5.9166
EfficientNet-B0,image,1,32.0,32,4 MB,0.0134,2.9583,2.9583
EfficientNet-B0,image,1,32.0,64,4 MB,0.0134,1.4791,1.4791
EfficientNet-B0,image,1,32.0,128,4 MB,0.0134,0.7396,0.7396
EfficientNet-B0,image,1,32.0,256,4 MB,0.0134,0.3698,0.3698
EfficientNet-B0,image,1,32.0,512,4 MB,0.0134,0.1849,0.1849
EfficientNet-B0,image,1,64.0,4,4 MB,0.0067,23.6662,23.6662
EfficientNet-B0,image,1,64.0,8,4 MB,0.0067,11.8331,11.8331
EfficientNet-B0,image,1,64.0,16,4 MB,0.0067,5.9166,5.9166
EfficientNet-B0,image,1,64.0,32,4 MB,0.0067,2.9583,2.9583
EfficientNet-B0,image,1,64.0,64,4 MB,0.0067,1.4791,1.4791
EfficientNet-B0,image,1,64.0,128,4 MB,0.0067,0.7396,0.7396
EfficientNet-B0,image,1,64.0,256,4 MB,0.0067,0.3698,0.3698
EfficientNet-B0,image,1,64.0,512,4 MB,0.0067,0.1849,0.1849
EfficientNet-B0,image,8,0.5,4,256 KB,6.8398,175.2632,175.2632
EfficientNet-B0,image,8,0.5,8,256 KB,6.8398,87.6316,87.6316
EfficientNet-B0,image,8,0.5,16,256 KB,6.8398,43.8158,43.8158
EfficientNet-B0,image,8,0.5,32,256 KB,6.8398,21.9079,21.9079
EfficientNet-B0,image,8,0.5,64,256 KB,6.8398,10.9540,13.2443
EfficientNet-B0,image,8,0.5,128,256 KB,6.8398,5.4770,9.6985
EfficientNet-B0,image,8,0.5,256,256 KB,6.8398,2.7385,7.9358
EfficientNet-B0,image,8,0.5,512,256 KB,6.8398,1.3692,7.0644
EfficientNet-B0,image,8,1.0,4,256 KB,3.4199,175.2632,175.2632
EfficientNet-B0,image,8,1.0,8,256 KB,3.4199,87.6316,87.6316
EfficientNet-B0,image,8,1.0,16,256 KB,3.4199,43.8158,43.8158
EfficientNet-B0,image,8,1.0,32,256 KB,3.4199,21.9079,21.9079
EfficientNet-B0,image,8,1.0,64,256 KB,3.4199,10.9540,10.9540
EfficientNet-B0,image,8,1.0,128,256 KB,3.4199,5.4770,6.6222
EfficientNet-B0,image,8,1.0,256,256 KB,3.4199,2.7385,4.8493
EfficientNet-B0,image,8,1.0,512,256 KB,3.4199,1.3692,3.9679
EfficientNet-B0,image,8,2.0,4,256 KB,1.7099,175.2632,175.2632
EfficientNet-B0,image,8,2.0,8,256 KB,1.7099,87.6316,87.6316
EfficientNet-B0,image,8,2.0,16,256 KB,1.7099,43.8158,43.8158
EfficientNet-B0,image,8,2.0,32,256 KB,1.7099,21.9079,21.9079
EfficientNet-B0,image,8,2.0,64,256 KB,1.7099,10.9540,10.9540
EfficientNet-B0,image,8,2.0,128,256 KB,1.7099,5.4770,5.4770
EfficientNet-B0,image,8,2.0,256,256 KB,1.7099,2.7385,3.3111
EfficientNet-B0,image,8,2.0,512,256 KB,1.7099,1.3692,2.4246
EfficientNet-B0,image,8,4.0,4,256 KB,0.8550,175.2632,175.2632
EfficientNet-B0,image,8,4.0,8,256 KB,0.8550,87.6316,87.6316
EfficientNet-B0,image,8,4.0,16,256 KB,0.8550,43.8158,43.8158
EfficientNet-B0,image,8,4.0,32,256 KB,0.8550,21.9079,21.9079
EfficientNet-B0,image,8,4.0,64,256 KB,0.8550,10.9540,10.9540
EfficientNet-B0,image,8,4.0,128,256 KB,0.8550,5.4770,5.4770
EfficientNet-B0,image,8,4.0,256,256 KB,0.8550,2.7385,2.7385
EfficientNet-B0,image,8,4.0,512,256 KB,0.8550,1.3692,1.6555
EfficientNet-B0,image,8,8.0,4,256 KB,0.4275,175.2632,175.2632
EfficientNet-B0,image,8,8.0,8,256 KB,0.4275,87.6316,87.6316
EfficientNet-B0,image,8,8.0,16,256 KB,0.4275,43.8158,43.8158
EfficientNet-B0,image,8,8.0,32,256 KB,0.4275,21.9079,21.9079
EfficientNet-B0,image,8,8.0,64,256 KB,0.4275,10.9540,10.9540
EfficientNet-B0,image,8,8.0,128,256 KB,0.4275,5.4770,5.4770
EfficientNet-B0,image,8,8.0,256,256 KB,0.4275,2.7385,2.7385
EfficientNet-B0,image,8,8.0,512,256 KB,0.4275,1.3692,1.3692
EfficientNet-B0,image,8,16.0,4,256 KB,0.2137,175.2632,175.2632
EfficientNet-B0,image,8,16.0,8,256 KB,0.2137,87.6316,87.6316
EfficientNet-B0,image,8,16.0,16,256 KB,0.2137,43.8158,43.8158
EfficientNet-B0,image,8,16.0,32,256 KB,0.2137,21.9079,21.9079
EfficientNet-B0,image,8,16.0,64,256 KB,0.2137,10.9540,10.9540
EfficientNet-B0,image,8,16.0,128,256 KB,0.2137,5.4770,5.4770
EfficientNet-B0,image,8,16.0,256,256 KB,0.2137,2.7385,2.7385
EfficientNet-B0,image,8,16.0,512,256 KB,0.2137,1.3692,1.3692
EfficientNet-B0,image,8,32.0,4,256 KB,0.1069,175.2632,175.2632
EfficientNet-B0,image,8,32.0,8,256 KB,0.1069,87.6316,87.6316
EfficientNet-B0,image,8,32.0,16,256 KB,0.1069,43.8158,43.8158
EfficientNet-B0,image,8,32.0,32,256 KB,0.1069,21.9079,21.9079
EfficientNet-B0,image,8,32.0,64,256 KB,0.1069,10.9540,10.9540
EfficientNet-B0,image,8,32.0,128,256 KB,0.1069,5.4770,5.4770
EfficientNet-B0,image,8,32.0,256,256 KB,0.1069,2.7385,2.7385
EfficientNet-B0,image,8,32.0,512,256 KB,0.1069,1.3692,1.3692
EfficientNet-B0,image,8,64.0,4,256 KB,0.0534,175.2632,175.2632
EfficientNet-B0,image,8,64.0,8,256 KB,0.0534,87.6316,87.6316
EfficientNet-B0,image,8,64.0,16,256 KB,0.0534,43.8158,43.8158
EfficientNet-B0,image,8,64.0,32,256 KB,0.0534,21.9079,21.9079
EfficientNet-B0,image,8,64.0,64,256 KB,0.0534,10.9540,10.9540
EfficientNet-B0,image,8,64.0,128,256 KB,0.0534,5.4770,5.4770
EfficientNet-B0,image,8,64.0,256,256 KB,0.0534,2.7385,2.7385
EfficientNet-B0,image,8,64.0,512,256 KB,0.0534,1.3692,1.3692
EfficientNet-B0,image,8,0.5,4,1 MB,6.8398,171.9292,171.9292
EfficientNet-B0,image,8,0.5,8,1 MB,6.8398,85.9646,85.9646
EfficientNet-B0,image,8,0.5,16,1 MB,6.8398,42.9823,42.9823
EfficientNet-B0,image,8,0.5,32,1 MB,6.8398,21.4911,21.4911
EfficientNet-B0,image,8,0.5,64,1 MB,6.8398,10.7456,13.2440
EfficientNet-B0,image,8,0.5,128,1 MB,6.8398,5.3728,9.6984
EfficientNet-B0,image,8,0.5,256,1 MB,6.8398,2.6864,7.9358
EfficientNet-B0,image,8,0.5,512,1 MB,6.8398,1.3432,7.0644
EfficientNet-B0,image,8,1.0,4,1 MB,3.4199,171.9292,171.9292
EfficientNet-B0,image,8,1.0,8,1 MB,3.4199,85.9646,85.9646
EfficientNet-B0,image,8,1.0,16,1 MB,3.4199,42.9823,42.9823
EfficientNet-B0,image,8,1.0,32,1 MB,3.4199,21.4911,21.4911
EfficientNet-B0,image,8,1.0,64,1 MB,3.4199,10.7456,10.7456
EfficientNet-B0,image,8,1.0,128,1 MB,3.4199,5.3728,6.6220
EfficientNet-B0,image,8,1.0,256,1 MB,3.4199,2.6864,4.8492
EfficientNet-B0,image,8,1.0,512,1 MB,3.4199,1.3432,3.9679
EfficientNet-B0,image,8,2.0,4,1 MB,1.7099,171.9292,171.9292
EfficientNet-B0,image,8,2.0,8,1 MB,1.7099,85.9646,85.9646
EfficientNet-B0,image,8,2.0,16,1 MB,1.7099,42.9823,42.9823
EfficientNet-B0,image,8,2.0,32,1 MB,1.7099,21.4911,21.4911
EfficientNet-B0,image,8,2.0,64,1 MB,1.7099,10.7456,10.7456
EfficientNet-B0,image,8,2.0,128,1 MB,1.7099,5.3728,5.3728
EfficientNet-B0,image,8,2.0,256,1 MB,1.7099,2.6864,3.3110
EfficientNet-B0,image,8,2.0,512,1 MB,1.7099,1.3432,2.4246
EfficientNet-B0,image,8,4.0,4,1 MB,0.8550,171.9292,171.9292
EfficientNet-B0,image,8,4.0,8,1 MB,0.8550,85.9646,85.9646
EfficientNet-B0,image,8,4.0,16,1 MB,0.8550,42.9823,42.9823
EfficientNet-B0,image,8,4.0,32,1 MB,0.8550,21.4911,21.4911
EfficientNet-B0,image,8,4.0,64,1 MB,0.8550,10.7456,10.7456
EfficientNet-B0,image,8,4.0,128,1 MB,0.8550,5.3728,5.3728
EfficientNet-B0,image,8,4.0,256,1 MB,0.8550,2.6864,2.6864
EfficientNet-B0,image,8,4.0,512,1 MB,0.8550,1.3432,1.6555
EfficientNet-B0,image,8,8.0,4,1 MB,0.4275,171.9292,171.9292
EfficientNet-B0,image,8,8.0,8,1 MB,0.4275,85.9646,85.9646
EfficientNet-B0,image,8,8.0,16,1 MB,0.4275,42.9823,42.9823
EfficientNet-B0,image,8,8.0,32,1 MB,0.4275,21.4911,21.4911
EfficientNet-B0,image,8,8.0,64,1 MB,0.4275,10.7456,10.7456
EfficientNet-B0,image,8,8.0,128,1 MB,0.4275,5.3728,5.3728
EfficientNet-B0,image,8,8.0,256,1 MB,0.4275,2.6864,2.6864
EfficientNet-B0,image,8,8.0,512,1 MB,0.4275,1.3432,1.3432
EfficientNet-B0,image,8,16.0,4,1 MB,0.2137,171.9292,171.9292
EfficientNet-B0,image,8,16.0,8,1 MB,0.2137,85.9646,85.9646
EfficientNet-B0,image,8,16.0,16,1 MB,0.2137,42.9823,42.9823
EfficientNet-B0,image,8,16.0,32,1 MB,0.2137,21.4911,21.4911
EfficientNet-B0,image,8,16.0,64,1 MB,0.2137,10.7456,10.7456
EfficientNet-B0,image,8,16.0,128,1 MB,0.2137,5.3728,5.3728
EfficientNet-B0,image,8,16.0,256,1 MB,0.2137,2.6864,2.6864
EfficientNet-B0,image,8,16.0,512,1 MB,0.2137,1.3432,1.3432
EfficientNet-B0,image,8,32.0,4,1 MB,0.1069,171.9292,171.9292
EfficientNet-B0,image,8,32.0,8,1 MB,0.1069,85.9646,85.9646
EfficientNet-B0,image,8,32.0,16,1 MB,0.1069,42.9823,42.9823
EfficientNet-B0,image,8,32.0,32,1 MB,0.1069,21.4911,21.4911
EfficientNet-B0,image,8,32.0,64,1 MB,0.1069,10.7456,10.7456
EfficientNet-B0,image,8,32.0,128,1 MB,0.1069,5.3728,5.3728
EfficientNet-B0,image,8,32.0,256,1 MB,0.1069,2.6864,2.6864
EfficientNet-B0,image,8,32.0,512,1 MB,0.1069,1.3432,1.3432
EfficientNet-B0,image,8,64.0,4,1 MB,0.0534,171.9292,171.9292
EfficientNet-B0,image,8,64.0,8,1 MB,0.0534,85.9646,85.9646
EfficientNet-B0,image,8,64.0,16,1 MB,0.0534,42.9823,42.9823
EfficientNet-B0,image,8,64.0,32,1 MB,0.0534,21.4911,21.4911
EfficientNet-B0,image,8,64.0,64,1 MB,0.0534,10.7456,10.7456
EfficientNet-B0,image,8,64.0,128,1 MB,0.0534,5.3728,5.3728
EfficientNet-B0,image,8,64.0,256,1 MB,0.0534,2.6864,2.6864
EfficientNet-B0,image,8,64.0,512,1 MB,0.0534,1.3432,1.3432
EfficientNet-B0,image,8,0.5,4,4 MB,6.8398,171.1121,171.1121
EfficientNet-B0,image,8,0.5,8,4 MB,6.8398,85.5561,85.5561
EfficientNet-B0,image,8,0.5,16,4 MB,6.8398,42.7780,42.7780
EfficientNet-B0,image,8,0.5,32,4 MB,6.8398,21.3890,21.3890
EfficientNet-B0,image,8,0.5,64,4 MB,6.8398,10.6945,13.2437
EfficientNet-B0,image,8,0.5,128,4 MB,6.8398,5.3473,9.6984
EfficientNet-B0,image,8,0.5,256,4 MB,6.8398,2.6736,7.9358
EfficientNet-B0,image,8,0.5,512,4 MB,6.8398,1.3368,7.0644
EfficientNet-B0,image,8,1.0,4,4 MB,3.4199,171.1121,171.1121
EfficientNet-B0,image,8,1.0,8,4 MB,3.4199,85.5561,85.5561
EfficientNet-B0,image,8,1.0,16,4 MB,3.4199,42.7780,42.7780
EfficientNet-B0,image,8,1.0,32,4 MB,3.4199,21.3890,21.3890
EfficientNet-B0,image,8,1.0,64,4 MB,3.4199,10.6945,10.6945
EfficientNet-B0,image,8,1.0,128,4 MB,3.4199,5.3473,6.6219
EfficientNet-B0,image,8,1.0,256,4 MB,3.4199,2.6736,4.8492
EfficientNet-B0,image,8,1.0,512,4 MB,3.4199,1.3368,3.9679
EfficientNet-B0,image,8,2.0,4,4 MB,1.7099,171.1121,171.1121
EfficientNet-B0,image,8,2.0,8,4 MB,1.7099,85.5561,85.5561
EfficientNet-B0,image,8,2.0,16,4 MB,1.7099,42.7780,42.7780
EfficientNet-B0,image,8,2.0,32,4 MB,1.7099,21.3890,21.3890
EfficientNet-B0,image,8,2.0,64,4 MB,1.7099,10.6945,10.6945
EfficientNet-B0,image,8,2.0,128,4 MB,1.7099,5.3473,5.3473
EfficientNet-B0,image,8,2.0,256,4 MB,1.7099,2.6736,3.3109
EfficientNet-B0,image,8,2.0,512,4 MB,1.7099,1.3368,2.4246
EfficientNet-B0,image,8,4.0,4,4 MB,0.8550,171.1121,171.1121
EfficientNet-B0,image,8,4.0,8,4 MB,0.8550,85.5561,85.5561
EfficientNet-B0,image,8,4.0,16,4 MB,0.8550,42.7780,42.7780
EfficientNet-B0,image,8,4.0,32,4 MB,0.8550,21.3890,21.3890
EfficientNet-B0,image,8,4.0,64,4 MB,0.8550,10.6945,10.6945
EfficientNet-B0,image,8,4.0,128,4 MB,0.8550,5.3473,5.3473
EfficientNet-B0,image,8,4.0,256,4 MB,0.8550,2.6736,2.6736
EfficientNet-B0,image,8,4.0,512,4 MB,0.8550,1.3368,1.6555
EfficientNet-B0,image,8,8.0,4,4 MB,0.4275,171.1121,171.1121
EfficientNet-B0,image,8,8.0,8,4 MB,0.4275,85.5561,85.5561
EfficientNet-B0,image,8,8.0,16,4 MB,0.4275,42.7780,42.7780
EfficientNet-B0,image,8,8.0,32,4 MB,0.4275,21.3890,21.3890
EfficientNet-B0,image,8,8.0,64,4 MB,0.4275,10.6945,10.6945
EfficientNet-B0,image,8,8.0,128,4 MB,0.4275,5.3473,5.3473
EfficientNet-B0,image,8,8.0,256,4 MB,0.4275,2.6736,2.6736
EfficientNet-B0,image,8,8.0,512,4 MB,0.4275,1.3368,1.3368
EfficientNet-B0,image,8,16.0,4,4 MB,0.2137,171.1121,171.1121
EfficientNet-B0,image,8,16.0,8,4 MB,0.2137,85.5561,85.5561
EfficientNet-B0,image,8,16.0,16,4 MB,0.2137,42.7780,42.7780
EfficientNet-B0,image,8,16.0,32,4 MB,0.2137,21.3890,21.3890
EfficientNet-B0,image,8,16.0,64,4 MB,0.2137,10.6945,10.6945
EfficientNet-B0,image,8,16.0,128,4 MB,0.2137,5.3473,5.3473
EfficientNet-B0,image,8,16.0,256,4 MB,0.2137,2.6736,2.6736
EfficientNet-B0,image,8,16.0,512,4 MB,0.2137,1.3368,1.3368
EfficientNet-B0,image,8,32.0,4,4 MB,0.1069,171.1121,171.1121
EfficientNet-B0,image,8,32.0,8,4 MB,0.1069,85.5561,85.5561
EfficientNet-B0,image,8,32.0,16,4 MB,0.1069,42.7780,42.7780
EfficientNet-B0,image,8,32.0,32,4 MB,0.1069,21.3890,21.3890
EfficientNet-B0,image,8,32.0,64,4 MB,0.1069,10.6945,10.6945
EfficientNet-B0,image,8,32.0,128,4 MB,0.1069,5.3473,5.3473
EfficientNet-B0,image,8,32.0,256,4 MB,0.1069,2.6736,2.6736
EfficientNet-B0,image,8,32.0,512,4 MB,0.1069,1.3368,1.3368
EfficientNet-B0,image,8,64.0,4,4 MB,0.0534,171.1121,171.1121
EfficientNet-B0,image,8,64.0,8,4 MB,0.0534,85.5561,85.5561
EfficientNet-B0,image,8,64.0,16,4 MB,0.0534,42.7780,42.7780
EfficientNet-B0,image,8,64.0,32,4 MB,0.0534,21.3890,21.3890
EfficientNet-B0,image,8,64.0,64,4 MB,0.0534,10.6945,10.6945
EfficientNet-B0,image,8,64.0,128,4 MB,0.0534,5.3473,5.3473
EfficientNet-B0,image,8,64.0,256,4 MB,0.0534,2.6736,2.6736
EfficientNet-B0,image,8,64.0,512,4 MB,0.0534,1.3368,1.3368
EfficientNet-B1,image,1,0.5,4,256 KB,1.2550,33.3577,33.3577
EfficientNet-B1,image,1,0.5,8,256 KB,1.2550,16.6788,16.6788
EfficientNet-B1,image,1,0.5,16,256 KB,1.2550,8.3394,8.3394
EfficientNet-B1,image,1,0.5,32,256 KB,1.2550,4.1697,4.1697
EfficientNet-B1,image,1,0.5,64,256 KB,1.2550,2.0849,2.4025
EfficientNet-B1,image,1,0.5,128,256 KB,1.2550,1.0424,1.7696
EfficientNet-B1,image,1,0.5,256,256 KB,1.2550,0.5212,1.4532
EfficientNet-B1,image,1,0.5,512,256 KB,1.2550,0.2606,1.2964
EfficientNet-B1,image,1,1.0,4,256 KB,0.6275,33.3577,33.3577
EfficientNet-B1,image,1,1.0,8,256 KB,0.6275,16.6788,16.6788
EfficientNet-B1,image,1,1.0,16,256 KB,0.6275,8.3394,8.3394
EfficientNet-B1,image,1,1.0,32,256 KB,0.6275,4.1697,4.1697
EfficientNet-B1,image,1,1.0,64,256 KB,0.6275,2.0849,2.0849
EfficientNet-B1,image,1,1.0,128,256 KB,0.6275,1.0424,1.2012
EfficientNet-B1,image,1,1.0,256,256 KB,0.6275,0.5212,0.8848
EfficientNet-B1,image,1,1.0,512,256 KB,0.6275,0.2606,0.7266
EfficientNet-B1,image,1,2.0,4,256 KB,0.3137,33.3577,33.3577
EfficientNet-B1,image,1,2.0,8,256 KB,0.3137,16.6788,16.6788
EfficientNet-B1,image,1,2.0,16,256 KB,0.3137,8.3394,8.3394
EfficientNet-B1,image,1,2.0,32,256 KB,0.3137,4.1697,4.1697
EfficientNet-B1,image,1,2.0,64,256 KB,0.3137,2.0849,2.0849
EfficientNet-B1,image,1,2.0,128,256 KB,0.3137,1.0424,1.0424
EfficientNet-B1,image,1,2.0,256,256 KB,0.3137,0.5212,0.6006
EfficientNet-B1,image,1,2.0,512,256 KB,0.3137,0.2606,0.4424
EfficientNet-B1,image,1,4.0,4,256 KB,0.1569,33.3577,33.3577
EfficientNet-B1,image,1,4.0,8,256 KB,0.1569,16.6788,16.6788
EfficientNet-B1,image,1,4.0,16,256 KB,0.1569,8.3394,8.3394
EfficientNet-B1,image,1,4.0,32,256 KB,0.1569,4.1697,4.1697
EfficientNet-B1,image,1,4.0,64,256 KB,0.1569,2.0849,2.0849
EfficientNet-B1,image,1,4.0,128,256 KB,0.1569,1.0424,1.0424
EfficientNet-B1,image,1,4.0,256,256 KB,0.1569,0.5212,0.5212
EfficientNet-B1,image,1,4.0,512,256 KB,0.1569,0.2606,0.3003
EfficientNet-B1,image,1,8.0,4,256 KB,0.0784,33.3577,33.3577
EfficientNet-B1,image,1,8.0,8,256 KB,0.0784,16.6788,16.6788
EfficientNet-B1,image,1,8.0,16,256 KB,0.0784,8.3394,8.3394
EfficientNet-B1,image,1,8.0,32,256 KB,0.0784,4.1697,4.1697
EfficientNet-B1,image,1,8.0,64,256 KB,0.0784,2.0849,2.0849
EfficientNet-B1,image,1,8.0,128,256 KB,0.0784,1.0424,1.0424
EfficientNet-B1,image,1,8.0,256,256 KB,0.0784,0.5212,0.5212
EfficientNet-B1,image,1,8.0,512,256 KB,0.0784,0.2606,0.2606
EfficientNet-B1,image,1,16.0,4,256 KB,0.0392,33.3577,33.3577
EfficientNet-B1,image,1,16.0,8,256 KB,0.0392,16.6788,16.6788
EfficientNet-B1,image,1,16.0,16,256 KB,0.0392,8.3394,8.3394
EfficientNet-B1,image,1,16.0,32,256 KB,0.0392,4.1697,4.1697
EfficientNet-B1,image,1,16.0,64,256 KB,0.0392,2.0849,2.0849
EfficientNet-B1,image,1,16.0,128,256 KB,0.0392,1.0424,1.0424
EfficientNet-B1,image,1,16.0,256,256 KB,0.0392,0.5212,0.5212
EfficientNet-B1,image,1,16.0,512,256 KB,0.0392,0.2606,0.2606
EfficientNet-B1,image,1,32.0,4,256 KB,0.0196,33.3577,33.3577
EfficientNet-B1,image,1,32.0,8,256 KB,0.0196,16.6788,16.6788
EfficientNet-B1,image,1,32.0,16,256 KB,0.0196,8.3394,8.3394
EfficientNet-B1,image,1,32.0,32,256 KB,0.0196,4.1697,4.1697
EfficientNet-B1,image,1,32.0,64,256 KB,0.0196,2.0849,2.0849
EfficientNet-B1,image,1,32.0,128,256 KB,0.0196,1.0424,1.0424
EfficientNet-B1,image,1,32.0,256,256 KB,0.0196,0.5212,0.5212
EfficientNet-B1,image,1,32.0,512,256 KB,0.0196,0.2606,0.2606
EfficientNet-B1,image,1,64.0,4,256 KB,0.0098,33.3577,33.3577
EfficientNet-B1,image,1,64.0,8,256 KB,0.0098,16.6788,16.6788
EfficientNet-B1,image,1,64.0,16,256 KB,0.0098,8.3394,8.3394
EfficientNet-B1,image,1,64.0,32,256 KB,0.0098,4.1697,4.1697
EfficientNet-B1,image,1,64.0,64,256 KB,0.0098,2.0849,2.0849
EfficientNet-B1,image,1,64.0,128,256 KB,0.0098,1.0424,1.0424
EfficientNet-B1,image,1,64.0,256,256 KB,0.0098,0.5212,0.5212
EfficientNet-B1,image,1,64.0,512,256 KB,0.0098,0.2606,0.2606
EfficientNet-B1,image,1,0.5,4,1 MB,1.2550,33.1021,33.1021
EfficientNet-B1,image,1,0.5,8,1 MB,1.2550,16.5511,16.5511
EfficientNet-B1,image,1,0.5,16,1 MB,1.2550,8.2755,8.2755
EfficientNet-B1,image,1,0.5,32,1 MB,1.2550,4.1378,4.1378
EfficientNet-B1,image,1,0.5,64,1 MB,1.2550,2.0689,2.4024
EfficientNet-B1,image,1,0.5,128,1 MB,1.2550,1.0344,1.7696
EfficientNet-B1,image,1,0.5,256,1 MB,1.2550,0.5172,1.4532
EfficientNet-B1,image,1,0.5,512,1 MB,1.2550,0.2586,1.2964
EfficientNet-B1,image,1,1.0,4,1 MB,0.6275,33.1021,33.1021
EfficientNet-B1,image,1,1.0,8,1 MB,0.6275,16.5511,16.5511
EfficientNet-B1,image,1,1.0,16,1 MB,0.6275,8.2755,8.2755
EfficientNet-B1,image,1,1.0,32,1 MB,0.6275,4.1378,4.1378
EfficientNet-B1,image,1,1.0,64,1 MB,0.6275,2.0689,2.0689
EfficientNet-B1,image,1,1.0,128,1 MB,0.6275,1.0344,1.2012
EfficientNet-B1,image,1,1.0,256,1 MB,0.6275,0.5172,0.8848
EfficientNet-B1,image,1,1.0,512,1 MB,0.6275,0.2586,0.7266
EfficientNet-B1,image,1,2.0,4,1 MB,0.3137,33.1021,33.1021
EfficientNet-B1,image,1,2.0,8,1 MB,0.3137,16.5511,16.5511
EfficientNet-B1,image,1,2.0,16,1 MB,0.3137,8.2755,8.2755
EfficientNet-B1,image,1,2.0,32,1 MB,0.3137,4.1378,4.1378
EfficientNet-B1,image,1,2.0,64,1 MB,0.3137,2.0689,2.0689
EfficientNet-B1,image,1,2.0,128,1 MB,0.3137,1.0344,1.0344
EfficientNet-B1,image,1,2.0,256,1 MB,0.3137,0.5172,0.6006
EfficientNet-B1,image,1,2.0,512,1 MB,0.3137,0.2586,0.4424
EfficientNet-B1,image,1,4.0,4,1 MB,0.1569,33.1021,33.1021
EfficientNet-B1,image,1,4.0,8,1 MB,0.1569,16.5511,16.5511
EfficientNet-B1,image,1,4.0,16,1 MB,0.1569,8.2755,8.2755
EfficientNet-B1,image,1,4.0,32,1 MB,0.1569,4.1378,4.1378
EfficientNet-B1,image,1,4.0,64,1 MB,0.1569,2.0689,2.0689
EfficientNet-B1,image,1,4.0,128,1 MB,0.1569,1.0344,1.0344
EfficientNet-B1,image,1,4.0,256,1 MB,0.1569,0.5172,0.5172
EfficientNet-B1,image,1,4.0,512,1 MB,0.1569,0.2586,0.3003
EfficientNet-B1,image,1,8.0,4,1 MB,0.0784,33.1021,33.1021
EfficientNet-B1,image,1,8.0,8,1 MB,0.0784,16.5511,16.5511
EfficientNet-B1,image,1,8.0,16,1 MB,0.0784,8.2755,8.2755
EfficientNet-B1,image,1,8.0,32,1 MB,0.0784,4.1378,4.1378
EfficientNet-B1,image,1,8.0,64,1 MB,0.0784,2.0689,2.0689
EfficientNet-B1,image,1,8.0,128,1 MB,0.0784,1.0344,1.0344
EfficientNet-B1,image,1,8.0,256,1 MB,0.0784,0.5172,0.5172
EfficientNet-B1,image,1,8.0,512,1 MB,0.0784,0.2586,0.2586
EfficientNet-B1,image,1,16.0,4,1 MB,0.0392,33.1021,33.1021
EfficientNet-B1,image,1,16.0,8,1 MB,0.0392,16.5511,16.5511
EfficientNet-B1,image,1,16.0,16,1 MB,0.0392,8.2755,8.2755
EfficientNet-B1,image,1,16.0,32,1 MB,0.0392,4.1378,4.1378
EfficientNet-B1,image,1,16.0,64,1 MB,0.0392,2.0689,2.0689
EfficientNet-B1,image,1,16.0,128,1 MB,0.0392,1.0344,1.0344
EfficientNet-B1,image,1,16.0,256,1 MB,0.0392,0.5172,0.5172
EfficientNet-B1,image,1,16.0,512,1 MB,0.0392,0.2586,0.2586
EfficientNet-B1,image,1,32.0,4,1 MB,0.0196,33.1021,33.1021
EfficientNet-B1,image,1,32.0,8,1 MB,0.0196,16.5511,16.5511
EfficientNet-B1,image,1,32.0,16,1 MB,0.0196,8.2755,8.2755
EfficientNet-B1,image,1,32.0,32,1 MB,0.0196,4.1378,4.1378
EfficientNet-B1,image,1,32.0,64,1 MB,0.0196,2.0689,2.0689
EfficientNet-B1,image,1,32.0,128,1 MB,0.0196,1.0344,1.0344
EfficientNet-B1,image,1,32.0,256,1 MB,0.0196,0.5172,0.5172
EfficientNet-B1,image,1,32.0,512,1 MB,0.0196,0.2586,0.2586
EfficientNet-B1,image,1,64.0,4,1 MB,0.0098,33.1021,33.1021
EfficientNet-B1,image,1,64.0,8,1 MB,0.0098,16.5511,16.5511
EfficientNet-B1,image,1,64.0,16,1 MB,0.0098,8.2755,8.2755
EfficientNet-B1,image,1,64.0,32,1 MB,0.0098,4.1378,4.1378
EfficientNet-B1,image,1,64.0,64,1 MB,0.0098,2.0689,2.0689
EfficientNet-B1,image,1,64.0,128,1 MB,0.0098,1.0344,1.0344
EfficientNet-B1,image,1,64.0,256,1 MB,0.0098,0.5172,0.5172
EfficientNet-B1,image,1,64.0,512,1 MB,0.0098,0.2586,0.2586
EfficientNet-B1,image,1,0.5,4,4 MB,1.2550,33.0014,33.0014
EfficientNet-B1,image,1,0.5,8,4 MB,1.2550,16.5007,16.5007
EfficientNet-B1,image,1,0.5,16,4 MB,1.2550,8.2503,8.2503
EfficientNet-B1,image,1,0.5,32,4 MB,1.2550,4.1252,4.1252
EfficientNet-B1,image,1,0.5,64,4 MB,1.2550,2.0626,2.4024
EfficientNet-B1,image,1,0.5,128,4 MB,1.2550,1.0313,1.7696
EfficientNet-B1,image,1,0.5,256,4 MB,1.2550,0.5156,1.4532
EfficientNet-B1,image,1,0.5,512,4 MB,1.2550,0.2578,1.2964
EfficientNet-B1,image,1,1.0,4,4 MB,0.6275,33.0014,33.0014
EfficientNet-B1,image,1,1.0,8,4 MB,0.6275,16.5007,16.5007
EfficientNet-B1,image,1,1.0,16,4 MB,0.6275,8.2503,8.2503
EfficientNet-B1,image,1,1.0,32,4 MB,0.6275,4.1252,4.1252
EfficientNet-B1,image,1,1.0,64,4 MB,0.6275,2.0626,2.0626
EfficientNet-B1,image,1,1.0,128,4 MB,0.6275,1.0313,1.2012
EfficientNet-B1,image,1,1.0,256,4 MB,0.6275,0.5156,0.8848
EfficientNet-B1,image,1,1.0,512,4 MB,0.6275,0.2578,0.7266
EfficientNet-B1,image,1,2.0,4,4 MB,0.3137,33.0014,33.0014
EfficientNet-B1,image,1,2.0,8,4 MB,0.3137,16.5007,16.5007
EfficientNet-B1,image,1,2.0,16,4 MB,0.3137,8.2503,8.2503
EfficientNet-B1,image,1,2.0,32,4 MB,0.3137,4.1252,4.1252
EfficientNet-B1,image,1,2.0,64,4 MB,0.3137,2.0626,2.0626
EfficientNet-B1,image,1,2.0,128,4 MB,0.3137,1.0313,1.0313
EfficientNet-B1,image,1,2.0,256,4 MB,0.3137,0.5156,0.6006
EfficientNet-B1,image,1,2.0,512,4 MB,0.3137,0.2578,0.4424
EfficientNet-B1,image,1,4.0,4,4 MB,0.1569,33.0014,33.0014
EfficientNet-B1,image,1,4.0,8,4 MB,0.1569,16.5007,16.5007
EfficientNet-B1,image,1,4.0,16,4 MB,0.1569,8.2503,8.2503
EfficientNet-B1,image,1,4.0,32,4 MB,0.1569,4.1252,4.1252
EfficientNet-B1,image,1,4.0,64,4 MB,0.1569,2.0626,2.0626
EfficientNet-B1,image,1,4.0,128,4 MB,0.1569,1.0313,1.0313
EfficientNet-B1,image,1,4.0,256,4 MB,0.1569,0.5156,0.5156
EfficientNet-B1,image,1,4.0,512,4 MB,0.1569,0.2578,0.3003
EfficientNet-B1,image,1,8.0,4,4 MB,0.0784,33.0014,33.0014
EfficientNet-B1,image,1,8.0,8,4 MB,0.0784,16.5007,16.5007
EfficientNet-B1,image,1,8.0,16,4 MB,0.0784,8.2503,8.2503
EfficientNet-B1,image,1,8.0,32,4 MB,0.0784,4.1252,4.1252
EfficientNet-B1,image,1,8.0,64,4 MB,0.0784,2.0626,2.0626
EfficientNet-B1,image,1,8.0,128,4 MB,0.0784,1.0313,1.0313
EfficientNet-B1,image,1,8.0,256,4 MB,0.0784,0.5156,0.5156
EfficientNet-B1,image,1,8.0,512,4 MB,0.0784,0.2578,0.2578
EfficientNet-B1,image,1,16.0,4,4 MB,0.0392,33.0014,33.0014
EfficientNet-B1,image,1,16.0,8,4 MB,0.0392,16.5007,16.5007
EfficientNet-B1,image,1,16.0,16,4 MB,0.0392,8.2503,8.2503
EfficientNet-B1,image,1,16.0,32,4 MB,0.0392,4.1252,4.1252
EfficientNet-B1,image,1,16.0,64,4 MB,0.0392,2.0626,2.0626
EfficientNet-B1,image,1,16.0,128,4 MB,0.0392,1.0313,1.0313
EfficientNet-B1,image,1,16.0,256,4 MB,0.0392,0.5156,0.5156
EfficientNet-B1,image,1,16.0,512,4 MB,0.0392,0.2578,0.2578
EfficientNet-B1,image,1,32.0,4,4 MB,0.0196,33.0014,33.0014
EfficientNet-B1,image,1,32.0,8,4 MB,0.0196,16.5007,16.5007
EfficientNet-B1,image,1,32.0,16,4 MB,0.0196,8.2503,8.2503
EfficientNet-B1,image,1,32.0,32,4 MB,0.0196,4.1252,4.1252
EfficientNet-B1,image,1,32.0,64,4 MB,0.0196,2.0626,2.0626
EfficientNet-B1,image,1,32.0,128,4 MB,0.0196,1.0313,1.0313
EfficientNet-B1,image,1,32.0,256,4 MB,0.0196,0.5156,0.5156
EfficientNet-B1,image,1,32.0,512,4 MB,0.0196,0.2578,0.2578
EfficientNet-B1,image,1,64.0,4,4 MB,0.0098,33.0014,33.0014
EfficientNet-B1,image,1,64.0,8,4 MB,0.0098,16.5007,16.5007
EfficientNet-B1,image,1,64.0,16,4 MB,0.0098,8.2503,8.2503
EfficientNet-B1,image,1,64.0,32,4 MB,0.0098,4.1252,4.1252
EfficientNet-B1,image,1,64.0,64,4 MB,0.0098,2.0626,2.0626
EfficientNet-B1,image,1,64.0,128,4 MB,0.0098,1.0313,1.0313
EfficientNet-B1,image,1,64.0,256,4 MB,0.0098,0.5156,0.5156
EfficientNet-B1,image,1,64.0,512,4 MB,0.0098,0.2578,0.2578
EfficientNet-B1,image,8,0.5,4,256 KB,10.0389,243.3018,243.3018
EfficientNet-B1,image,8,0.5,8,256 KB,10.0389,121.6509,121.6509
EfficientNet-B1,image,8,0.5,16,256 KB,10.0389,60.8255,60.8255
EfficientNet-B1,image,8,0.5,32,256 KB,10.0389,30.4127,30.4127
EfficientNet-B1,image,8,0.5,64,256 KB,10.0389,15.2064,18.9127
EfficientNet-B1,image,8,0.5,128,256 KB,10.0389,7.6032,14.0034
EfficientNet-B1,image,8,0.5,256,256 KB,10.0389,3.8016,11.5590
EfficientNet-B1,image,8,0.5,512,256 KB,10.0389,1.9008,10.3505
EfficientNet-B1,image,8,1.0,4,256 KB,5.0195,243.3018,243.3018
EfficientNet-B1,image,8,1.0,8,256 KB,5.0195,121.6509,121.6509
EfficientNet-B1,image,8,1.0,16,256 KB,5.0195,60.8255,60.8255
EfficientNet-B1,image,8,1.0,32,256 KB,5.0195,30.4127,30.4127
EfficientNet-B1,image,8,1.0,64,256 KB,5.0195,15.2064,15.2064
EfficientNet-B1,image,8,1.0,128,256 KB,5.0195,7.6032,9.4563
EfficientNet-B1,image,8,1.0,256,256 KB,5.0195,3.8016,7.0017
EfficientNet-B1,image,8,1.0,512,256 KB,5.0195,1.9008,5.7795
EfficientNet-B1,image,8,2.0,4,256 KB,2.5097,243.3018,243.3018
EfficientNet-B1,image,8,2.0,8,256 KB,2.5097,121.6509,121.6509
EfficientNet-B1,image,8,2.0,16,256 KB,2.5097,60.8255,60.8255
EfficientNet-B1,image,8,2.0,32,256 KB,2.5097,30.4127,30.4127
EfficientNet-B1,image,8,2.0,64,256 KB,2.5097,15.2064,15.2064
EfficientNet-B1,image,8,2.0,128,256 KB,2.5097,7.6032,7.6032
EfficientNet-B1,image,8,2.0,256,256 KB,2.5097,3.8016,4.7282
EfficientNet-B1,image,8,2.0,512,256 KB,2.5097,1.9008,3.5009
EfficientNet-B1,image,8,4.0,4,256 KB,1.2549,243.3018,243.3018
EfficientNet-B1,image,8,4.0,8,256 KB,1.2549,121.6509,121.6509
EfficientNet-B1,image,8,4.0,16,256 KB,1.2549,60.8255,60.8255
EfficientNet-B1,image,8,4.0,32,256 KB,1.2549,30.4127,30.4127
EfficientNet-B1,image,8,4.0,64,256 KB,1.2549,15.2064,15.2064
EfficientNet-B1,image,8,4.0,128,256 KB,1.2549,7.6032,7.6032
EfficientNet-B1,image,8,4.0,256,256 KB,1.2549,3.8016,3.8016
EfficientNet-B1,image,8,4.0,512,256 KB,1.2549,1.9008,2.3641
EfficientNet-B1,image,8,8.0,4,256 KB,0.6274,243.3018,243.3018
EfficientNet-B1,image,8,8.0,8,256 KB,0.6274,121.6509,121.6509
EfficientNet-B1,image,8,8.0,16,256 KB,0.6274,60.8255,60.8255
EfficientNet-B1,image,8,8.0,32,256 KB,0.6274,30.4127,30.4127
EfficientNet-B1,image,8,8.0,64,256 KB,0.6274,15.2064,15.2064
EfficientNet-B1,image,8,8.0,128,256 KB,0.6274,7.6032,7.6032
EfficientNet-B1,image,8,8.0,256,256 KB,0.6274,3.8016,3.8016
EfficientNet-B1,image,8,8.0,512,256 KB,0.6274,1.9008,1.9008
EfficientNet-B1,image,8,16.0,4,256 KB,0.3137,243.3018,243.3018
EfficientNet-B1,image,8,16.0,8,256 KB,0.3137,121.6509,121.6509
EfficientNet-B1,image,8,16.0,16,256 KB,0.3137,60.8255,60.8255
EfficientNet-B1,image,8,16.0,32,256 KB,0.3137,30.4127,30.4127
EfficientNet-B1,image,8,16.0,64,256 KB,0.3137,15.2064,15.2064
EfficientNet-B1,image,8,16.0,128,256 KB,0.3137,7.6032,7.6032
EfficientNet-B1,image,8,16.0,256,256 KB,0.3137,3.8016,3.8016
EfficientNet-B1,image,8,16.0,512,256 KB,0.3137,1.9008,1.9008
EfficientNet-B1,image,8,32.0,4,256 KB,0.1569,243.3018,243.3018
EfficientNet-B1,image,8,32.0,8,256 KB,0.1569,121.6509,121.6509
EfficientNet-B1,image,8,32.0,16,256 KB,0.1569,60.8255,60.8255
EfficientNet-B1,image,8,32.0,32,256 KB,0.1569,30.4127,30.4127
EfficientNet-B1,image,8,32.0,64,256 KB,0.1569,15.2064,15.2064
EfficientNet-B1,image,8,32.0,128,256 KB,0.1569,7.6032,7.6032
EfficientNet-B1,image,8,32.0,256,256 KB,0.1569,3.8016,3.8016
EfficientNet-B1,image,8,32.0,512,256 KB,0.1569,1.9008,1.9008
EfficientNet-B1,image,8,64.0,4,256 KB,0.0784,243.3018,243.3018
EfficientNet-B1,image,8,64.0,8,256 KB,0.0784,121.6509,121.6509
EfficientNet-B1,image,8,64.0,16,256 KB,0.0784,60.8255,60.8255
EfficientNet-B1,image,8,64.0,32,256 KB,0.0784,30.4127,30.4127
EfficientNet-B1,image,8,64.0,64,256 KB,0.0784,15.2064,15.2064
EfficientNet-B1,image,8,64.0,128,256 KB,0.0784,7.6032,7.6032
EfficientNet-B1,image,8,64.0,256,256 KB,0.0784,3.8016,3.8016
EfficientNet-B1,image,8,64.0,512,256 KB,0.0784,1.9008,1.9008
EfficientNet-B1,image,8,0.5,4,1 MB,10.0389,238.2643,238.2643
EfficientNet-B1,image,8,0.5,8,1 MB,10.0389,119.1321,119.1321
EfficientNet-B1,image,8,0.5,16,1 MB,10.0389,59.5661,59.5661
EfficientNet-B1,image,8,0.5,32,1 MB,10.0389,29.7830,29.7830
EfficientNet-B1,image,8,0.5,64,1 MB,10.0389,14.8915,18.9124
EfficientNet-B1,image,8,0.5,128,1 MB,10.0389,7.4458,14.0033
EfficientNet-B1,image,8,0.5,256,1 MB,10.0389,3.7229,11.5590
EfficientNet-B1,image,8,0.5,512,1 MB,10.0389,1.8614,10.3505
EfficientNet-B1,image,8,1.0,4,1 MB,5.0195,238.2643,238.2643
EfficientNet-B1,image,8,1.0,8,1 MB,5.0195,119.1321,119.1321
EfficientNet-B1,image,8,1.0,16,1 MB,5.0195,59.5661,59.5661
EfficientNet-B1,image,8,1.0,32,1 MB,5.0195,29.7830,29.7830
EfficientNet-B1,image,8,1.0,64,1 MB,5.0195,14.8915,14.8915
EfficientNet-B1,image,8,1.0,128,1 MB,5.0195,7.4458,9.4562
EfficientNet-B1,image,8,1.0,256,1 MB,5.0195,3.7229,7.0017
EfficientNet-B1,image,8,1.0,512,1 MB,5.0195,1.8614,5.7795
EfficientNet-B1,image,8,2.0,4,1 MB,2.5097,238.2643,238.2643
EfficientNet-B1,image,8,2.0,8,1 MB,2.5097,119.1321,119.1321
EfficientNet-B1,image,8,2.0,16,1 MB,2.5097,59.5661,59.5661
EfficientNet-B1,image,8,2.0,32,1 MB,2.5097,29.7830,29.7830
EfficientNet-B1,image,8,2.0,64,1 MB,2.5097,14.8915,14.8915
EfficientNet-B1,image,8,2.0,128,1 MB,2.5097,7.4458,7.4458
EfficientNet-B1,image,8,2.0,256,1 MB,2.5097,3.7229,4.7281
EfficientNet-B1,image,8,2.0,512,1 MB,2.5097,1.8614,3.5008
EfficientNet-B1,image,8,4.0,4,1 MB,1.2549,238.2643,238.2643
EfficientNet-B1,image,8,4.0,8,1 MB,1.2549,119.1321,119.1321
EfficientNet-B1,image,8,4.0,16,1 MB,1.2549,59.5661,59.5661
EfficientNet-B1,image,8,4.0,32,1 MB,1.2549,29.7830,29.7830
EfficientNet-B1,image,8,4.0,64,1 MB,1.2549,14.8915,14.8915
EfficientNet-B1,image,8,4.0,128,1 MB,1.2549,7.4458,7.4458
EfficientNet-B1,image,8,4.0,256,1 MB,1.2549,3.7229,3.7229
EfficientNet-B1,image,8,4.0,512,1 MB,1.2549,1.8614,2.3640
EfficientNet-B1,image,8,8.0,4,1 MB,0.6274,238.2643,238.2643
EfficientNet-B1,image,8,8.0,8,1 MB,0.6274,119.1321,119.1321
EfficientNet-B1,image,8,8.0,16,1 MB,0.6274,59.5661,59.5661
EfficientNet-B1,image,8,8.0,32,1 MB,0.6274,29.7830,29.7830
EfficientNet-B1,image,8,8.0,64,1 MB,0.6274,14.8915,14.8915
EfficientNet-B1,image,8,8.0,128,1 MB,0.6274,7.4458,7.4458
EfficientNet-B1,image,8,8.0,256,1 MB,0.6274,3.7229,3.7229
EfficientNet-B1,image,8,8.0,512,1 MB,0.6274,1.8614,1.8614
EfficientNet-B1,image,8,16.0,4,1 MB,0.3137,238.2643,238.2643
EfficientNet-B1,image,8,16.0,8,1 MB,0.3137,119.1321,119.1321
EfficientNet-B1,image,8,16.0,16,1 MB,0.3137,59.5661,59.5661
EfficientNet-B1,image,8,16.0,32,1 MB,0.3137,29.7830,29.7830
EfficientNet-B1,image,8,16.0,64,1 MB,0.3137,14.8915,14.8915
EfficientNet-B1,image,8,16.0,128,1 MB,0.3137,7.4458,7.4458
EfficientNet-B1,image,8,16.0,256,1 MB,0.3137,3.7229,3.7229
EfficientNet-B1,image,8,16.0,512,1 MB,0.3137,1.8614,1.8614
EfficientNet-B1,image,8,32.0,4,1 MB,0.1569,238.2643,238.2643
EfficientNet-B1,image,8,32.0,8,1 MB,0.1569,119.1321,119.1321
EfficientNet-B1,image,8,32.0,16,1 MB,0.1569,59.5661,59.5661
EfficientNet-B1,image,8,32.0,32,1 MB,0.1569,29.7830,29.7830
EfficientNet-B1,image,8,32.0,64,1 MB,0.1569,14.8915,14.8915
EfficientNet-B1,image,8,32.0,128,1 MB,0.1569,7.4458,7.4458
EfficientNet-B1,image,8,32.0,256,1 MB,0.1569,3.7229,3.7229
EfficientNet-B1,image,8,32.0,512,1 MB,0.1569,1.8614,1.8614
EfficientNet-B1,image,8,64.0,4,1 MB,0.0784,238.2643,238.2643
EfficientNet-B1,image,8,64.0,8,1 MB,0.0784,119.1321,119.1321
EfficientNet-B1,image,8,64.0,16,1 MB,0.0784,59.5661,59.5661
EfficientNet-B1,image,8,64.0,32,1 MB,0.0784,29.7830,29.7830
EfficientNet-B1,image,8,64.0,64,1 MB,0.0784,14.8915,14.8915
EfficientNet-B1,image,8,64.0,128,1 MB,0.0784,7.4458,7.4458
EfficientNet-B1,image,8,64.0,256,1 MB,0.0784,3.7229,3.7229
EfficientNet-B1,image,8,64.0,512,1 MB,0.0784,1.8614,1.8614
EfficientNet-B1,image,8,0.5,4,4 MB,10.0389,237.1267,237.1267
EfficientNet-B1,image,8,0.5,8,4 MB,10.0389,118.5633,118.5633
EfficientNet-B1,image,8,0.5,16,4 MB,10.0389,59.2817,59.2817
EfficientNet-B1,image,8,0.5,32,4 MB,10.0389,29.6408,29.6408
EfficientNet-B1,image,8,0.5,64,4 MB,10.0389,14.8204,18.9120
EfficientNet-B1,image,8,0.5,128,4 MB,10.0389,7.4102,14.0033
EfficientNet-B1,image,8,0.5,256,4 MB,10.0389,3.7051,11.5590
EfficientNet-B1,image,8,0.5,512,4 MB,10.0389,1.8526,10.3505
EfficientNet-B1,image,8,1.0,4,4 MB,5.0195,237.1267,237.1267
EfficientNet-B1,image,8,1.0,8,4 MB,5.0195,118.5633,118.5633
EfficientNet-B1,image,8,1.0,16,4 MB,5.0195,59.2817,59.2817
EfficientNet-B1,image,8,1.0,32,4 MB,5.0195,29.6408,29.6408
EfficientNet-B1,image,8,1.0,64,4 MB,5.0195,14.8204,14.8204
EfficientNet-B1,image,8,1.0,128,4 MB,5.0195,7.4102,9.4560
EfficientNet-B1,image,8,1.0,256,4 MB,5.0195,3.7051,7.0017
EfficientNet-B1,image,8,1.0,512,4 MB,5.0195,1.8526,5.7795
EfficientNet-B1,image,8,2.0,4,4 MB,2.5097,237.1267,237.1267
EfficientNet-B1,image,8,2.0,8,4 MB,2.5097,118.5633,118.5633
EfficientNet-B1,image,8,2.0,16,4 MB,2.5097,59.2817,59.2817
EfficientNet-B1,image,8,2.0,32,4 MB,2.5097,29.6408,29.6408
EfficientNet-B1,image,8,2.0,64,4 MB,2.5097,14.8204,14.8204
EfficientNet-B1,image,8,2.0,128,4 MB,2.5097,7.4102,7.4102
EfficientNet-B1,image,8,2.0,256,4 MB,2.5097,3.7051,4.7280
EfficientNet-B1,image,8,2.0,512,4 MB,2.5097,1.8526,3.5008
EfficientNet-B1,image,8,4.0,4,4 MB,1.2549,237.1267,237.1267
EfficientNet-B1,image,8,4.0,8,4 MB,1.2549,118.5633,118.5633
EfficientNet-B1,image,8,4.0,16,4 MB,1.2549,59.2817,59.2817
EfficientNet-B1,image,8,4.0,32,4 MB,1.2549,29.6408,29.6408
EfficientNet-B1,image,8,4.0,64,4 MB,1.2549,14.8204,14.8204
EfficientNet-B1,image,8,4.0,128,4 MB,1.2549,7.4102,7.4102
EfficientNet-B1,image,8,4.0,256,4 MB,1.2549,3.7051,3.7051
EfficientNet-B1,image,8,4.0,512,4 MB,1.2549,1.8526,2.3640
EfficientNet-B1,image,8,8.0,4,4 MB,0.6274,237.1267,237.1267
EfficientNet-B1,image,8,8.0,8,4 MB,0.6274,118.5633,118.5633
EfficientNet-B1,image,8,8.0,16,4 MB,0.6274,59.2817,59.2817
EfficientNet-B1,image,8,8.0,32,4 MB,0.6274,29.6408,29.6408
EfficientNet-B1,image,8,8.0,64,4 MB,0.6274,14.8204,14.8204
EfficientNet-B1,image,8,8.0,128,4 MB,0.6274,7.4102,7.4102
EfficientNet-B1,image,8,8.0,256,4 MB,0.6274,3.7051,3.7051
EfficientNet-B1,image,8,8.0,512,4 MB,0.6274,1.8526,1.8526
EfficientNet-B1,image,8,16.0,4,4 MB,0.3137,237.1267,237.1267
EfficientNet-B1,image,8,16.0,8,4 MB,0.3137,118.5633,118.5633
EfficientNet-B1,image,8,16.0,16,4 MB,0.3137,59.2817,59.2817
EfficientNet-B1,image,8,16.0,32,4 MB,0.3137,29.6408,29.6408
EfficientNet-B1,image,8,16.0,64,4 MB,0.3137,14.8204,14.8204
EfficientNet-B1,image,8,16.0,128,4 MB,0.3137,7.4102,7.4102
EfficientNet-B1,image,8,16.0,256,4 MB,0.3137,3.7051,3.7051
EfficientNet-B1,image,8,16.0,512,4 MB,0.3137,1.8526,1.8526
EfficientNet-B1,image,8,32.0,4,4 MB,0.1569,237.1267,237.1267
EfficientNet-B1,image,8,32.0,8,4 MB,0.1569,118.5633,118.5633
EfficientNet-B1,image,8,32.0,16,4 MB,0.1569,59.2817,59.2817
EfficientNet-B1,image,8,32.0,32,4 MB,0.1569,29.6408,29.6408
EfficientNet-B1,image,8,32.0,64,4 MB,0.1569,14.8204,14.8204
EfficientNet-B1,image,8,32.0,128,4 MB,0.1569,7.4102,7.4102
EfficientNet-B1,image,8,32.0,256,4 MB,0.1569,3.7051,3.7051
EfficientNet-B1,image,8,32.0,512,4 MB,0.1569,1.8526,1.8526
EfficientNet-B1,image,8,64.0,4,4 MB,0.0784,237.1267,237.1267
EfficientNet-B1,image,8,64.0,8,4 MB,0.0784,118.5633,118.5633
EfficientNet-B1,image,8,64.0,16,4 MB,0.0784,59.2817,59.2817
EfficientNet-B1,image,8,64.0,32,4 MB,0.0784,29.6408,29.6408
EfficientNet-B1,image,8,64.0,64,4 MB,0.0784,14.8204,14.8204
EfficientNet-B1,image,8,64.0,128,4 MB,0.0784,7.4102,7.4102
EfficientNet-B1,image,8,64.0,256,4 MB,0.0784,3.7051,3.7051
EfficientNet-B1,image,8,64.0,512,4 MB,0.0784,1.8526,1.8526
EfficientNet-B2,image,1,0.5,4,256 KB,1.4393,35.4712,35.4712
EfficientNet-B2,image,1,0.5,8,256 KB,1.4393,17.7356,17.7356
EfficientNet-B2,image,1,0.5,16,256 KB,1.4393,8.8678,8.8678
EfficientNet-B2,image,1,0.5,32,256 KB,1.4393,4.4339,4.4339
EfficientNet-B2,image,1,0.5,64,256 KB,1.4393,2.2170,2.6454
EfficientNet-B2,image,1,0.5,128,256 KB,1.4393,1.1085,1.9803
EfficientNet-B2,image,1,0.5,256,256 KB,1.4393,0.5542,1.6477
EfficientNet-B2,image,1,0.5,512,256 KB,1.4393,0.2771,1.4829
EfficientNet-B2,image,1,1.0,4,256 KB,0.7196,35.4712,35.4712
EfficientNet-B2,image,1,1.0,8,256 KB,0.7196,17.7356,17.7356
EfficientNet-B2,image,1,1.0,16,256 KB,0.7196,8.8678,8.8678
EfficientNet-B2,image,1,1.0,32,256 KB,0.7196,4.4339,4.4339
EfficientNet-B2,image,1,1.0,64,256 KB,0.7196,2.2170,2.2170
EfficientNet-B2,image,1,1.0,128,256 KB,0.7196,1.1085,1.3227
EfficientNet-B2,image,1,1.0,256,256 KB,0.7196,0.5542,0.9901
EfficientNet-B2,image,1,1.0,512,256 KB,0.7196,0.2771,0.8239
EfficientNet-B2,image,1,2.0,4,256 KB,0.3598,35.4712,35.4712
EfficientNet-B2,image,1,2.0,8,256 KB,0.3598,17.7356,17.7356
EfficientNet-B2,image,1,2.0,16,256 KB,0.3598,8.8678,8.8678
EfficientNet-B2,image,1,2.0,32,256 KB,0.3598,4.4339,4.4339
EfficientNet-B2,image,1,2.0,64,256 KB,0.3598,2.2170,2.2170
EfficientNet-B2,image,1,2.0,128,256 KB,0.3598,1.1085,1.1085
EfficientNet-B2,image,1,2.0,256,256 KB,0.3598,0.5542,0.6613
EfficientNet-B2,image,1,2.0,512,256 KB,0.3598,0.2771,0.4951
EfficientNet-B2,image,1,4.0,4,256 KB,0.1799,35.4712,35.4712
EfficientNet-B2,image,1,4.0,8,256 KB,0.1799,17.7356,17.7356
EfficientNet-B2,image,1,4.0,16,256 KB,0.1799,8.8678,8.8678
EfficientNet-B2,image,1,4.0,32,256 KB,0.1799,4.4339,4.4339
EfficientNet-B2,image,1,4.0,64,256 KB,0.1799,2.2170,2.2170
EfficientNet-B2,image,1,4.0,128,256 KB,0.1799,1.1085,1.1085
EfficientNet-B2,image,1,4.0,256,256 KB,0.1799,0.5542,0.5542
EfficientNet-B2,image,1,4.0,512,256 KB,0.1799,0.2771,0.3307
EfficientNet-B2,image,1,8.0,4,256 KB,0.0900,35.4712,35.4712
EfficientNet-B2,image,1,8.0,8,256 KB,0.0900,17.7356,17.7356
EfficientNet-B2,image,1,8.0,16,256 KB,0.0900,8.8678,8.8678
EfficientNet-B2,image,1,8.0,32,256 KB,0.0900,4.4339,4.4339
EfficientNet-B2,image,1,8.0,64,256 KB,0.0900,2.2170,2.2170
EfficientNet-B2,image,1,8.0,128,256 KB,0.0900,1.1085,1.1085
EfficientNet-B2,image,1,8.0,256,256 KB,0.0900,0.5542,0.5542
EfficientNet-B2,image,1,8.0,512,256 KB,0.0900,0.2771,0.2771
EfficientNet-B2,image,1,16.0,4,256 KB,0.0450,35.4712,35.4712
EfficientNet-B2,image,1,16.0,8,256 KB,0.0450,17.7356,17.7356
EfficientNet-B2,image,1,16.0,16,256 KB,0.0450,8.8678,8.8678
EfficientNet-B2,image,1,16.0,32,256 KB,0.0450,4.4339,4.4339
EfficientNet-B2,image,1,16.0,64,256 KB,0.0450,2.2170,2.2170
EfficientNet-B2,image,1,16.0,128,256 KB,0.0450,1.1085,1.1085
EfficientNet-B2,image,1,16.0,256,256 KB,0.0450,0.5542,0.5542
EfficientNet-B2,image,1,16.0,512,256 KB,0.0450,0.2771,0.2771
EfficientNet-B2,image,1,32.0,4,256 KB,0.0225,35.4712,35.4712
EfficientNet-B2,image,1,32.0,8,256 KB,0.0225,17.7356,17.7356
EfficientNet-B2,image,1,32.0,16,256 KB,0.0225,8.8678,8.8678
EfficientNet-B2,image,1,32.0,32,256 KB,0.0225,4.4339,4.4339
EfficientNet-B2,image,1,32.0,64,256 KB,0.0225,2.2170,2.2170
EfficientNet-B2,image,1,32.0,128,256 KB,0.0225,1.1085,1.1085
EfficientNet-B2,image,1,32.0,256,256 KB,0.0225,0.5542,0.5542
EfficientNet-B2,image,1,32.0,512,256 KB,0.0225,0.2771,0.2771
EfficientNet-B2,image,1,64.0,4,256 KB,0.0112,35.4712,35.4712
EfficientNet-B2,image,1,64.0,8,256 KB,0.0112,17.7356,17.7356
EfficientNet-B2,image,1,64.0,16,256 KB,0.0112,8.8678,8.8678
EfficientNet-B2,image,1,64.0,32,256 KB,0.0112,4.4339,4.4339
EfficientNet-B2,image,1,64.0,64,256 KB,0.0112,2.2170,2.2170
EfficientNet-B2,image,1,64.0,128,256 KB,0.0112,1.1085,1.1085
EfficientNet-B2,image,1,64.0,256,256 KB,0.0112,0.5542,0.5542
EfficientNet-B2,image,1,64.0,512,256 KB,0.0112,0.2771,0.2771
EfficientNet-B2,image,1,0.5,4,1 MB,1.4393,35.1903,35.1903
EfficientNet-B2,image,1,0.5,8,1 MB,1.4393,17.5951,17.5951
EfficientNet-B2,image,1,0.5,16,1 MB,1.4393,8.7976,8.7976
EfficientNet-B2,image,1,0.5,32,1 MB,1.4393,4.3988,4.3988
EfficientNet-B2,image,1,0.5,64,1 MB,1.4393,2.1994,2.6453
EfficientNet-B2,image,1,0.5,128,1 MB,1.4393,1.0997,1.9802
EfficientNet-B2,image,1,0.5,256,1 MB,1.4393,0.5498,1.6477
EfficientNet-B2,image,1,0.5,512,1 MB,1.4393,0.2749,1.4829
EfficientNet-B2,image,1,1.0,4,1 MB,0.7196,35.1903,35.1903
EfficientNet-B2,image,1,1.0,8,1 MB,0.7196,17.5951,17.5951
EfficientNet-B2,image,1,1.0,16,1 MB,0.7196,8.7976,8.7976
EfficientNet-B2,image,1,1.0,32,1 MB,0.7196,4.3988,4.3988
EfficientNet-B2,image,1,1.0,64,1 MB,0.7196,2.1994,2.1994
EfficientNet-B2,image,1,1.0,128,1 MB,0.7196,1.0997,1.3227
EfficientNet-B2,image,1,1.0,256,1 MB,0.7196,0.5498,0.9901
EfficientNet-B2,image,1,1.0,512,1 MB,0.7196,0.2749,0.8238
EfficientNet-B2,image,1,2.0,4,1 MB,0.3598,35.1903,35.1903
EfficientNet-B2,image,1,2.0,8,1 MB,0.3598,17.5951,17.5951
EfficientNet-B2,image,1,2.0,16,1 MB,0.3598,8.7976,8.7976
EfficientNet-B2,image,1,2.0,32,1 MB,0.3598,4.3988,4.3988
EfficientNet-B2,image,1,2.0,64,1 MB,0.3598,2.1994,2.1994
EfficientNet-B2,image,1,2.0,128,1 MB,0.3598,1.0997,1.0997
EfficientNet-B2,image,1,2.0,256,1 MB,0.3598,0.5498,0.6613
EfficientNet-B2,image,1,2.0,512,1 MB,0.3598,0.2749,0.4951
EfficientNet-B2,image,1,4.0,4,1 MB,0.1799,35.1903,35.1903
EfficientNet-B2,image,1,4.0,8,1 MB,0.1799,17.5951,17.5951
EfficientNet-B2,image,1,4.0,16,1 MB,0.1799,8.7976,8.7976
EfficientNet-B2,image,1,4.0,32,1 MB,0.1799,4.3988,4.3988
EfficientNet-B2,image,1,4.0,64,1 MB,0.1799,2.1994,2.1994
EfficientNet-B2,image,1,4.0,128,1 MB,0.1799,1.0997,1.0997
EfficientNet-B2,image,1,4.0,256,1 MB,0.1799,0.5498,0.5498
EfficientNet-B2,image,1,4.0,512,1 MB,0.1799,0.2749,0.3307
EfficientNet-B2,image,1,8.0,4,1 MB,0.0900,35.1903,35.1903
EfficientNet-B2,image,1,8.0,8,1 MB,0.0900,17.5951,17.5951
EfficientNet-B2,image,1,8.0,16,1 MB,0.0900,8.7976,8.7976
EfficientNet-B2,image,1,8.0,32,1 MB,0.0900,4.3988,4.3988
EfficientNet-B2,image,1,8.0,64,1 MB,0.0900,2.1994,2.1994
EfficientNet-B2,image,1,8.0,128,1 MB,0.0900,1.0997,1.0997
EfficientNet-B2,image,1,8.0,256,1 MB,0.0900,0.5498,0.5498
EfficientNet-B2,image,1,8.0,512,1 MB,0.0900,0.2749,0.2749
EfficientNet-B2,image,1,16.0,4,1 MB,0.0450,35.1903,35.1903
EfficientNet-B2,image,1,16.0,8,1 MB,0.0450,17.5951,17.5951
EfficientNet-B2,image,1,16.0,16,1 MB,0.0450,8.7976,8.7976
EfficientNet-B2,image,1,16.0,32,1 MB,0.0450,4.3988,4.3988
EfficientNet-B2,image,1,16.0,64,1 MB,0.0450,2.1994,2.1994
EfficientNet-B2,image,1,16.0,128,1 MB,0.0450,1.0997,1.0997
EfficientNet-B2,image,1,16.0,256,1 MB,0.0450,0.5498,0.5498
EfficientNet-B2,image,1,16.0,512,1 MB,0.0450,0.2749,0.2749
EfficientNet-B2,image,1,32.0,4,1 MB,0.0225,35.1903,35.1903
EfficientNet-B2,image,1,32.0,8,1 MB,0.0225,17.5951,17.5951
EfficientNet-B2,image,1,32.0,16,1 MB,0.0225,8.7976,8.7976
EfficientNet-B2,image,1,32.0,32,1 MB,0.0225,4.3988,4.3988
EfficientNet-B2,image,1,32.0,64,1 MB,0.0225,2.1994,2.1994
EfficientNet-B2,image,1,32.0,128,1 MB,0.0225,1.0997,1.0997
EfficientNet-B2,image,1,32.0,256,1 MB,0.0225,0.5498,0.5498
EfficientNet-B2,image,1,32.0,512,1 MB,0.0225,0.2749,0.2749
EfficientNet-B2,image,1,64.0,4,1 MB,0.0112,35.1903,35.1903
EfficientNet-B2,image,1,64.0,8,1 MB,0.0112,17.5951,17.5951
EfficientNet-B2,image,1,64.0,16,1 MB,0.0112,8.7976,8.7976
EfficientNet-B2,image,1,64.0,32,1 MB,0.0112,4.3988,4.3988
EfficientNet-B2,image,1,64.0,64,1 MB,0.0112,2.1994,2.1994
EfficientNet-B2,image,1,64.0,128,1 MB,0.0112,1.0997,1.0997
EfficientNet-B2,image,1,64.0,256,1 MB,0.0112,0.5498,0.5498
EfficientNet-B2,image,1,64.0,512,1 MB,0.0112,0.2749,0.2749
EfficientNet-B2,image,1,0.5,4,4 MB,1.4393,35.0748,35.0748
EfficientNet-B2,image,1,0.5,8,4 MB,1.4393,17.5374,17.5374
EfficientNet-B2,image,1,0.5,16,4 MB,1.4393,8.7687,8.7687
EfficientNet-B2,image,1,0.5,32,4 MB,1.4393,4.3844,4.3844
EfficientNet-B2,image,1,0.5,64,4 MB,1.4393,2.1922,2.6453
EfficientNet-B2,image,1,0.5,128,4 MB,1.4393,1.0961,1.9802
EfficientNet-B2,image,1,0.5,256,4 MB,1.4393,0.5480,1.6477
EfficientNet-B2,image,1,0.5,512,4 MB,1.4393,0.2740,1.4829
EfficientNet-B2,image,1,1.0,4,4 MB,0.7196,35.0748,35.0748
EfficientNet-B2,image,1,1.0,8,4 MB,0.7196,17.5374,17.5374
EfficientNet-B2,image,1,1.0,16,4 MB,0.7196,8.7687,8.7687
EfficientNet-B2,image,1,1.0,32,4 MB,0.7196,4.3844,4.3844
EfficientNet-B2,image,1,1.0,64,4 MB,0.7196,2.1922,2.1922
EfficientNet-B2,image,1,1.0,128,4 MB,0.7196,1.0961,1.3226
EfficientNet-B2,image,1,1.0,256,4 MB,0.7196,0.5480,0.9901
EfficientNet-B2,image,1,1.0,512,4 MB,0.7196,0.2740,0.8238
EfficientNet-B2,image,1,2.0,4,4 MB,0.3598,35.0748,35.0748
EfficientNet-B2,image,1,2.0,8,4 MB,0.3598,17.5374,17.5374
EfficientNet-B2,image,1,2.0,16,4 MB,0.3598,8.7687,8.7687
EfficientNet-B2,image,1,2.0,32,4 MB,0.3598,4.3844,4.3844
EfficientNet-B2,image,1,2.0,64,4 MB,0.3598,2.1922,2.1922
EfficientNet-B2,image,1,2.0,128,4 MB,0.3598,1.0961,1.0961
EfficientNet-B2,image,1,2.0,256,4 MB,0.3598,0.5480,0.6613
EfficientNet-B2,image,1,2.0,512,4 MB,0.3598,0.2740,0.4951
EfficientNet-B2,image,1,4.0,4,4 MB,0.1799,35.0748,35.0748
EfficientNet-B2,image,1,4.0,8,4 MB,0.1799,17.5374,17.5374
EfficientNet-B2,image,1,4.0,16,4 MB,0.1799,8.7687,8.7687
EfficientNet-B2,image,1,4.0,32,4 MB,0.1799,4.3844,4.3844
EfficientNet-B2,image,1,4.0,64,4 MB,0.1799,2.1922,2.1922
EfficientNet-B2,image,1,4.0,128,4 MB,0.1799,1.0961,1.0961
EfficientNet-B2,image,1,4.0,256,4 MB,0.1799,0.5480,0.5480
EfficientNet-B2,image,1,4.0,512,4 MB,0.1799,0.2740,0.3307
EfficientNet-B2,image,1,8.0,4,4 MB,0.0900,35.0748,35.0748
EfficientNet-B2,image,1,8.0,8,4 MB,0.0900,17.5374,17.5374
EfficientNet-B2,image,1,8.0,16,4 MB,0.0900,8.7687,8.7687
EfficientNet-B2,image,1,8.0,32,4 MB,0.0900,4.3844,4.3844
EfficientNet-B2,image,1,8.0,64,4 MB,0.0900,2.1922,2.1922
EfficientNet-B2,image,1,8.0,128,4 MB,0.0900,1.0961,1.0961
EfficientNet-B2,image,1,8.0,256,4 MB,0.0900,0.5480,0.5480
EfficientNet-B2,image,1,8.0,512,4 MB,0.0900,0.2740,0.2740
EfficientNet-B2,image,1,16.0,4,4 MB,0.0450,35.0748,35.0748
EfficientNet-B2,image,1,16.0,8,4 MB,0.0450,17.5374,17.5374
EfficientNet-B2,image,1,16.0,16,4 MB,0.0450,8.7687,8.7687
EfficientNet-B2,image,1,16.0,32,4 MB,0.0450,4.3844,4.3844
EfficientNet-B2,image,1,16.0,64,4 MB,0.0450,2.1922,2.1922
EfficientNet-B2,image,1,16.0,128,4 MB,0.0450,1.0961,1.0961
EfficientNet-B2,image,1,16.0,256,4 MB,0.0450,0.5480,0.5480
EfficientNet-B2,image,1,16.0,512,4 MB,0.0450,0.2740,0.2740
EfficientNet-B2,image,1,32.0,4,4 MB,0.0225,35.0748,35.0748
EfficientNet-B2,image,1,32.0,8,4 MB,0.0225,17.5374,17.5374
EfficientNet-B2,image,1,32.0,16,4 MB,0.0225,8.7687,8.7687
EfficientNet-B2,image,1,32.0,32,4 MB,0.0225,4.3844,4.3844
EfficientNet-B2,image,1,32.0,64,4 MB,0.0225,2.1922,2.1922
EfficientNet-B2,image,1,32.0,128,4 MB,0.0225,1.0961,1.0961
EfficientNet-B2,image,1,32.0,256,4 MB,0.0225,0.5480,0.5480
EfficientNet-B2,image,1,32.0,512,4 MB,0.0225,0.2740,0.2740
EfficientNet-B2,image,1,64.0,4,4 MB,0.0112,35.0748,35.0748
EfficientNet-B2,image,1,64.0,8,4 MB,0.0112,17.5374,17.5374
EfficientNet-B2,image,1,64.0,16,4 MB,0.0112,8.7687,8.7687
EfficientNet-B2,image,1,64.0,32,4 MB,0.0112,4.3844,4.3844
EfficientNet-B2,image,1,64.0,64,4 MB,0.0112,2.1922,2.1922
EfficientNet-B2,image,1,64.0,128,4 MB,0.0112,1.0961,1.0961
EfficientNet-B2,image,1,64.0,256,4 MB,0.0112,0.5480,0.5480
EfficientNet-B2,image,1,64.0,512,4 MB,0.0112,0.2740,0.2740
EfficientNet-B2,image,8,0.5,4,256 KB,11.5132,256.2917,256.2917
EfficientNet-B2,image,8,0.5,8,256 KB,11.5132,128.1458,128.1458
EfficientNet-B2,image,8,0.5,16,256 KB,11.5132,64.0729,64.0729
EfficientNet-B2,image,8,0.5,32,256 KB,11.5132,32.0365,32.0365
EfficientNet-B2,image,8,0.5,64,256 KB,11.5132,16.0182,20.8255
EfficientNet-B2,image,8,0.5,128,256 KB,11.5132,8.0091,15.6733
EfficientNet-B2,image,8,0.5,256,256 KB,11.5132,4.0046,13.1084
EfficientNet-B2,image,8,0.5,512,256 KB,11.5132,2.0023,11.8404
EfficientNet-B2,image,8,1.0,4,256 KB,5.7566,256.2917,256.2917
EfficientNet-B2,image,8,1.0,8,256 KB,5.7566,128.1458,128.1458
EfficientNet-B2,image,8,1.0,16,256 KB,5.7566,64.0729,64.0729
EfficientNet-B2,image,8,1.0,32,256 KB,5.7566,32.0365,32.0365
EfficientNet-B2,image,8,1.0,64,256 KB,5.7566,16.0182,16.0182
EfficientNet-B2,image,8,1.0,128,256 KB,5.7566,8.0091,10.4127
EfficientNet-B2,image,8,1.0,256,256 KB,5.7566,4.0046,7.8367
EfficientNet-B2,image,8,1.0,512,256 KB,5.7566,2.0023,6.5542
EfficientNet-B2,image,8,2.0,4,256 KB,2.8783,256.2917,256.2917
EfficientNet-B2,image,8,2.0,8,256 KB,2.8783,128.1458,128.1458
EfficientNet-B2,image,8,2.0,16,256 KB,2.8783,64.0729,64.0729
EfficientNet-B2,image,8,2.0,32,256 KB,2.8783,32.0365,32.0365
EfficientNet-B2,image,8,2.0,64,256 KB,2.8783,16.0182,16.0182
EfficientNet-B2,image,8,2.0,128,256 KB,2.8783,8.0091,8.0091
EfficientNet-B2,image,8,2.0,256,256 KB,2.8783,4.0046,5.2064
EfficientNet-B2,image,8,2.0,512,256 KB,2.8783,2.0023,3.9183
EfficientNet-B2,image,8,4.0,4,256 KB,1.4391,256.2917,256.2917
EfficientNet-B2,image,8,4.0,8,256 KB,1.4391,128.1458,128.1458
EfficientNet-B2,image,8,4.0,16,256 KB,1.4391,64.0729,64.0729
EfficientNet-B2,image,8,4.0,32,256 KB,1.4391,32.0365,32.0365
EfficientNet-B2,image,8,4.0,64,256 KB,1.4391,16.0182,16.0182
EfficientNet-B2,image,8,4.0,128,256 KB,1.4391,8.0091,8.0091
EfficientNet-B2,image,8,4.0,256,256 KB,1.4391,4.0046,4.0046
EfficientNet-B2,image,8,4.0,512,256 KB,1.4391,2.0023,2.6032
EfficientNet-B2,image,8,8.0,4,256 KB,0.7196,256.2917,256.2917
EfficientNet-B2,image,8,8.0,8,256 KB,0.7196,128.1458,128.1458
EfficientNet-B2,image,8,8.0,16,256 KB,0.7196,64.0729,64.0729
EfficientNet-B2,image,8,8.0,32,256 KB,0.7196,32.0365,32.0365
EfficientNet-B2,image,8,8.0,64,256 KB,0.7196,16.0182,16.0182
EfficientNet-B2,image,8,8.0,128,256 KB,0.7196,8.0091,8.0091
EfficientNet-B2,image,8,8.0,256,256 KB,0.7196,4.0046,4.0046
EfficientNet-B2,image,8,8.0,512,256 KB,0.7196,2.0023,2.0023
EfficientNet-B2,image,8,16.0,4,256 KB,0.3598,256.2917,256.2917
EfficientNet-B2,image,8,16.0,8,256 KB,0.3598,128.1458,128.1458
EfficientNet-B2,image,8,16.0,16,256 KB,0.3598,64.0729,64.0729
EfficientNet-B2,image,8,16.0,32,256 KB,0.3598,32.0365,32.0365
EfficientNet-B2,image,8,16.0,64,256 KB,0.3598,16.0182,16.0182
EfficientNet-B2,image,8,16.0,128,256 KB,0.3598,8.0091,8.0091
EfficientNet-B2,image,8,16.0,256,256 KB,0.3598,4.0046,4.0046
EfficientNet-B2,image,8,16.0,512,256 KB,0.3598,2.0023,2.0023
EfficientNet-B2,image,8,32.0,4,256 KB,0.1799,256.2917,256.2917
EfficientNet-B2,image,8,32.0,8,256 KB,0.1799,128.1458,128.1458
EfficientNet-B2,image,8,32.0,16,256 KB,0.1799,64.0729,64.0729
EfficientNet-B2,image,8,32.0,32,256 KB,0.1799,32.0365,32.0365
EfficientNet-B2,image,8,32.0,64,256 KB,0.1799,16.0182,16.0182
EfficientNet-B2,image,8,32.0,128,256 KB,0.1799,8.0091,8.0091
EfficientNet-B2,image,8,32.0,256,256 KB,0.1799,4.0046,4.0046
EfficientNet-B2,image,8,32.0,512,256 KB,0.1799,2.0023,2.0023
EfficientNet-B2,image,8,64.0,4,256 KB,0.0899,256.2917,256.2917
EfficientNet-B2,image,8,64.0,8,256 KB,0.0899,128.1458,128.1458
EfficientNet-B2,image,8,64.0,16,256 KB,0.0899,64.0729,64.0729
EfficientNet-B2,image,8,64.0,32,256 KB,0.0899,32.0365,32.0365
EfficientNet-B2,image,8,64.0,64,256 KB,0.0899,16.0182,16.0182
EfficientNet-B2,image,8,64.0,128,256 KB,0.0899,8.0091,8.0091
EfficientNet-B2,image,8,64.0,256,256 KB,0.0899,4.0046,4.0046
EfficientNet-B2,image,8,64.0,512,256 KB,0.0899,2.0023,2.0023
EfficientNet-B2,image,8,0.5,4,1 MB,11.5132,250.4994,250.4994
EfficientNet-B2,image,8,0.5,8,1 MB,11.5132,125.2497,125.2497
EfficientNet-B2,image,8,0.5,16,1 MB,11.5132,62.6249,62.6249
EfficientNet-B2,image,8,0.5,32,1 MB,11.5132,31.3124,31.3124
EfficientNet-B2,image,8,0.5,64,1 MB,11.5132,15.6562,20.8251
EfficientNet-B2,image,8,0.5,128,1 MB,11.5132,7.8281,15.6732
EfficientNet-B2,image,8,0.5,256,1 MB,11.5132,3.9141,13.1084
EfficientNet-B2,image,8,0.5,512,1 MB,11.5132,1.9570,11.8404
EfficientNet-B2,image,8,1.0,4,1 MB,5.7566,250.4994,250.4994
EfficientNet-B2,image,8,1.0,8,1 MB,5.7566,125.2497,125.2497
EfficientNet-B2,image,8,1.0,16,1 MB,5.7566,62.6249,62.6249
EfficientNet-B2,image,8,1.0,32,1 MB,5.7566,31.3124,31.3124
EfficientNet-B2,image,8,1.0,64,1 MB,5.7566,15.6562,15.6562
EfficientNet-B2,image,8,1.0,128,1 MB,5.7566,7.8281,10.4126
EfficientNet-B2,image,8,1.0,256,1 MB,5.7566,3.9141,7.8366
EfficientNet-B2,image,8,1.0,512,1 MB,5.7566,1.9570,6.5542
EfficientNet-B2,image,8,2.0,4,1 MB,2.8783,250.4994,250.4994
EfficientNet-B2,image,8,2.0,8,1 MB,2.8783,125.2497,125.2497
EfficientNet-B2,image,8,2.0,16,1 MB,2.8783,62.6249,62.6249
EfficientNet-B2,image,8,2.0,32,1 MB,2.8783,31.3124,31.3124
EfficientNet-B2,image,8,2.0,64,1 MB,2.8783,15.6562,15.6562
EfficientNet-B2,image,8,2.0,128,1 MB,2.8783,7.8281,7.8281
EfficientNet-B2,image,8,2.0,256,1 MB,2.8783,3.9141,5.2063
EfficientNet-B2,image,8,2.0,512,1 MB,2.8783,1.9570,3.9183
EfficientNet-B2,image,8,4.0,4,1 MB,1.4391,250.4994,250.4994
EfficientNet-B2,image,8,4.0,8,1 MB,1.4391,125.2497,125.2497
EfficientNet-B2,image,8,4.0,16,1 MB,1.4391,62.6249,62.6249
EfficientNet-B2,image,8,4.0,32,1 MB,1.4391,31.3124,31.3124
EfficientNet-B2,image,8,4.0,64,1 MB,1.4391,15.6562,15.6562
EfficientNet-B2,image,8,4.0,128,1 MB,1.4391,7.8281,7.8281
EfficientNet-B2,image,8,4.0,256,1 MB,1.4391,3.9141,3.9141
EfficientNet-B2,image,8,4.0,512,1 MB,1.4391,1.9570,2.6031
EfficientNet-B2,image,8,8.0,4,1 MB,0.7196,250.4994,250.4994
EfficientNet-B2,image,8,8.0,8,1 MB,0.7196,125.2497,125.2497
EfficientNet-B2,image,8,8.0,16,1 MB,0.7196,62.6249,62.6249
EfficientNet-B2,image,8,8.0,32,1 MB,0.7196,31.3124,31.3124
EfficientNet-B2,image,8,8.0,64,1 MB,0.7196,15.6562,15.6562
EfficientNet-B2,image,8,8.0,128,1 MB,0.7196,7.8281,7.8281
EfficientNet-B2,image,8,8.0,256,1 MB,0.7196,3.9141,3.9141
EfficientNet-B2,image,8,8.0,512,1 MB,0.7196,1.9570,1.9570
EfficientNet-B2,image,8,16.0,4,1 MB,0.3598,250.4994,250.4994
EfficientNet-B2,image,8,16.0,8,1 MB,0.3598,125.2497,125.2497
EfficientNet-B2,image,8,16.0,16,1 MB,0.3598,62.6249,62.6249
EfficientNet-B2,image,8,16.0,32,1 MB,0.3598,31.3124,31.3124
EfficientNet-B2,image,8,16.0,64,1 MB,0.3598,15.6562,15.6562
EfficientNet-B2,image,8,16.0,128,1 MB,0.3598,7.8281,7.8281
EfficientNet-B2,image,8,16.0,256,1 MB,0.3598,3.9141,3.9141
EfficientNet-B2,image,8,16.0,512,1 MB,0.3598,1.9570,1.9570
EfficientNet-B2,image,8,32.0,4,1 MB,0.1799,250.4994,250.4994
EfficientNet-B2,image,8,32.0,8,1 MB,0.1799,125.2497,125.2497
EfficientNet-B2,image,8,32.0,16,1 MB,0.1799,62.6249,62.6249
EfficientNet-B2,image,8,32.0,32,1 MB,0.1799,31.3124,31.3124
EfficientNet-B2,image,8,32.0,64,1 MB,0.1799,15.6562,15.6562
EfficientNet-B2,image,8,32.0,128,1 MB,0.1799,7.8281,7.8281
EfficientNet-B2,image,8,32.0,256,1 MB,0.1799,3.9141,3.9141
EfficientNet-B2,image,8,32.0,512,1 MB,0.1799,1.9570,1.9570
EfficientNet-B2,image,8,64.0,4,1 MB,0.0899,250.4994,250.4994
EfficientNet-B2,image,8,64.0,8,1 MB,0.0899,125.2497,125.2497
EfficientNet-B2,image,8,64.0,16,1 MB,0.0899,62.6249,62.6249
EfficientNet-B2,image,8,64.0,32,1 MB,0.0899,31.3124,31.3124
EfficientNet-B2,image,8,64.0,64,1 MB,0.0899,15.6562,15.6562
EfficientNet-B2,image,8,64.0,128,1 MB,0.0899,7.8281,7.8281
EfficientNet-B2,image,8,64.0,256,1 MB,0.0899,3.9141,3.9141
EfficientNet-B2,image,8,64.0,512,1 MB,0.0899,1.9570,1.9570
EfficientNet-B2,image,8,0.5,4,4 MB,11.5132,249.2134,249.2134
EfficientNet-B2,image,8,0.5,8,4 MB,11.5132,124.6067,124.6067
EfficientNet-B2,image,8,0.5,16,4 MB,11.5132,62.3033,62.3033
EfficientNet-B2,image,8,0.5,32,4 MB,11.5132,31.1517,31.1517
EfficientNet-B2,image,8,0.5,64,4 MB,11.5132,15.5758,20.8248
EfficientNet-B2,image,8,0.5,128,4 MB,11.5132,7.7879,15.6732
EfficientNet-B2,image,8,0.5,256,4 MB,11.5132,3.8940,13.1084
EfficientNet-B2,image,8,0.5,512,4 MB,11.5132,1.9470,11.8404
EfficientNet-B2,image,8,1.0,4,4 MB,5.7566,249.2134,249.2134
EfficientNet-B2,image,8,1.0,8,4 MB,5.7566,124.6067,124.6067
EfficientNet-B2,image,8,1.0,16,4 MB,5.7566,62.3033,62.3033
EfficientNet-B2,image,8,1.0,32,4 MB,5.7566,31.1517,31.1517
EfficientNet-B2,image,8,1.0,64,4 MB,5.7566,15.5758,15.5758
EfficientNet-B2,image,8,1.0,128,4 MB,5.7566,7.7879,10.4124
EfficientNet-B2,image,8,1.0,256,4 MB,5.7566,3.8940,7.8366
EfficientNet-B2,image,8,1.0,512,4 MB,5.7566,1.9470,6.5542
EfficientNet-B2,image,8,2.0,4,4 MB,2.8783,249.2134,249.2134
EfficientNet-B2,image,8,2.0,8,4 MB,2.8783,124.6067,124.6067
EfficientNet-B2,image,8,2.0,16,4 MB,2.8783,62.3033,62.3033
EfficientNet-B2,image,8,2.0,32,4 MB,2.8783,31.1517,31.1517
EfficientNet-B2,image,8,2.0,64,4 MB,2.8783,15.5758,15.5758
EfficientNet-B2,image,8,2.0,128,4 MB,2.8783,7.7879,7.7879
EfficientNet-B2,image,8,2.0,256,4 MB,2.8783,3.8940,5.2062
EfficientNet-B2,image,8,2.0,512,4 MB,2.8783,1.9470,3.9183
EfficientNet-B2,image,8,4.0,4,4 MB,1.4391,249.2134,249.2134
EfficientNet-B2,image,8,4.0,8,4 MB,1.4391,124.6067,124.6067
EfficientNet-B2,image,8,4.0,16,4 MB,1.4391,62.3033,62.3033
EfficientNet-B2,image,8,4.0,32,4 MB,1.4391,31.1517,31.1517
EfficientNet-B2,image,8,4.0,64,4 MB,1.4391,15.5758,15.5758
EfficientNet-B2,image,8,4.0,128,4 MB,1.4391,7.7879,7.7879
EfficientNet-B2,image,8,4.0,256,4 MB,1.4391,3.8940,3.8940
EfficientNet-B2,image,8,4.0,512,4 MB,1.4391,1.9470,2.6031
EfficientNet-B2,image,8,8.0,4,4 MB,0.7196,249.2134,249.2134
EfficientNet-B2,image,8,8.0,8,4 MB,0.7196,124.6067,124.6067
EfficientNet-B2,image,8,8.0,16,4 MB,0.7196,62.3033,62.3033
EfficientNet-B2,image,8,8.0,32,4 MB,0.7196,31.1517,31.1517
EfficientNet-B2,image,8,8.0,64,4 MB,0.7196,15.5758,15.5758
EfficientNet-B2,image,8,8.0,128,4 MB,0.7196,7.7879,7.7879
EfficientNet-B2,image,8,8.0,256,4 MB,0.7196,3.8940,3.8940
EfficientNet-B2,image,8,8.0,512,4 MB,0.7196,1.9470,1.9470
EfficientNet-B2,image,8,16.0,4,4 MB,0.3598,249.2134,249.2134
EfficientNet-B2,image,8,16.0,8,4 MB,0.3598,124.6067,124.6067
EfficientNet-B2,image,8,16.0,16,4 MB,0.3598,62.3033,62.3033
EfficientNet-B2,image,8,16.0,32,4 MB,0.3598,31.1517,31.1517
EfficientNet-B2,image,8,16.0,64,4 MB,0.3598,15.5758,15.5758
EfficientNet-B2,image,8,16.0,128,4 MB,0.3598,7.7879,7.7879
EfficientNet-B2,image,8,16.0,256,4 MB,0.3598,3.8940,3.8940
EfficientNet-B2,image,8,16.0,512,4 MB,0.3598,1.9470,1.9470
EfficientNet-B2,image,8,32.0,4,4 MB,0.1799,249.2134,249.2134
EfficientNet-B2,image,8,32.0,8,4 MB,0.1799,124.6067,124.6067
EfficientNet-B2,image,8,32.0,16,4 MB,0.1799,62.3033,62.3033
EfficientNet-B2,image,8,32.0,32,4 MB,0.1799,31.1517,31.1517
EfficientNet-B2,image,8,32.0,64,4 MB,0.1799,15.5758,15.5758
EfficientNet-B2,image,8,32.0,128,4 MB,0.1799,7.7879,7.7879
EfficientNet-B2,image,8,32.0,256,4 MB,0.1799,3.8940,3.8940
EfficientNet-B2,image,8,32.0,512,4 MB,0.1799,1.9470,1.9470
EfficientNet-B2,image,8,64.0,4,4 MB,0.0899,249.2134,249.2134
EfficientNet-B2,image,8,64.0,8,4 MB,0.0899,124.6067,124.6067
EfficientNet-B2,image,8,64.0,16,4 MB,0.0899,62.3033,62.3033
EfficientNet-B2,image,8,64.0,32,4 MB,0.0899,31.1517,31.1517
EfficientNet-B2,image,8,64.0,64,4 MB,0.0899,15.5758,15.5758
EfficientNet-B2,image,8,64.0,128,4 MB,0.0899,7.7879,7.7879
EfficientNet-B2,image,8,64.0,256,4 MB,0.0899,3.8940,3.8940
EfficientNet-B2,image,8,64.0,512,4 MB,0.0899,1.9470,1.9470
