model,weights,kv,batch,length,bytes_per_step,bandwidth_gbs,step_ms,stream_tokens_per_s,total_tokens_per_s
GPT-2,bf16,bf16,1,128,253598208,4,63.400,15.8,15.8
GPT-2,bf16,bf16,1,128,253598208,8,31.700,31.5,31.5
GPT-2,bf16,bf16,1,128,253598208,16,15.850,63.1,63.1
GPT-2,bf16,bf16,1,128,253598208,32,7.925,126.2,126.2
GPT-2,bf16,bf16,1,128,253598208,64,3.962,252.4,252.4
GPT-2,bf16,bf16,1,128,253598208,128,1.981,504.7,504.7
GPT-2,bf16,bf16,1,128,253598208,256,0.991,1009.5,1009.5
GPT-2,bf16,bf16,1,128,253598208,512,0.495,2018.9,2018.9
GPT-2,bf16,bf16,1,256,258316800,4,64.579,15.5,15.5
GPT-2,bf16,bf16,1,256,258316800,8,32.290,31.0,31.0
GPT-2,bf16,bf16,1,256,258316800,16,16.145,61.9,61.9
GPT-2,bf16,bf16,1,256,258316800,32,8.072,123.9,123.9
GPT-2,bf16,bf16,1,256,258316800,64,4.036,247.8,247.8
GPT-2,bf16,bf16,1,256,258316800,128,2.018,495.5,495.5
GPT-2,bf16,bf16,1,256,258316800,256,1.009,991.0,991.0
GPT-2,bf16,bf16,1,256,258316800,512,0.505,1982.1,1982.1
GPT-2,bf16,bf16,1,512,267753984,4,66.938,14.9,14.9
GPT-2,bf16,bf16,1,512,267753984,8,33.469,29.9,29.9
GPT-2,bf16,bf16,1,512,267753984,16,16.735,59.8,59.8
GPT-2,bf16,bf16,1,512,267753984,32,8.367,119.5,119.5
GPT-2,bf16,bf16,1,512,267753984,64,4.184,239.0,239.0
GPT-2,bf16,bf16,1,512,267753984,128,2.092,478.1,478.1
GPT-2,bf16,bf16,1,512,267753984,256,1.046,956.1,956.1
GPT-2,bf16,bf16,1,512,267753984,512,0.523,1912.2,1912.2
GPT-2,bf16,bf16,1,1024,286628352,4,71.657,14.0,14.0
GPT-2,bf16,bf16,1,1024,286628352,8,35.829,27.9,27.9
GPT-2,bf16,bf16,1,1024,286628352,16,17.914,55.8,55.8
GPT-2,bf16,bf16,1,1024,286628352,32,8.957,111.6,111.6
GPT-2,bf16,bf16,1,1024,286628352,64,4.479,223.3,223.3
GPT-2,bf16,bf16,1,1024,286628352,128,2.239,446.6,446.6
GPT-2,bf16,bf16,1,1024,286628352,256,1.120,893.1,893.1
GPT-2,bf16,bf16,1,1024,286628352,512,0.560,1786.3,1786.3
GPT-2,bf16,bf16,4,128,267753984,4,66.938,14.9,59.8
GPT-2,bf16,bf16,4,128,267753984,8,33.469,29.9,119.5
GPT-2,bf16,bf16,4,128,267753984,16,16.735,59.8,239.0
GPT-2,bf16,bf16,4,128,267753984,32,8.367,119.5,478.1
GPT-2,bf16,bf16,4,128,267753984,64,4.184,239.0,956.1
GPT-2,bf16,bf16,4,128,267753984,128,2.092,478.1,1912.2
GPT-2,bf16,bf16,4,128,267753984,256,1.046,956.1,3824.4
GPT-2,bf16,bf16,4,128,267753984,512,0.523,1912.2,7648.8
GPT-2,bf16,bf16,4,256,286628352,4,71.657,14.0,55.8
GPT-2,bf16,bf16,4,256,286628352,8,35.829,27.9,111.6
GPT-2,bf16,bf16,4,256,286628352,16,17.914,55.8,223.3
GPT-2,bf16,bf16,4,256,286628352,32,8.957,111.6,446.6
GPT-2,bf16,bf16,4,256,286628352,64,4.479,223.3,893.1
GPT-2,bf16,bf16,4,256,286628352,128,2.239,446.6,1786.3
GPT-2,bf16,bf16,4,256,286628352,256,1.120,893.1,3572.6
GPT-2,bf16,bf16,4,256,286628352,512,0.560,1786.3,7145.1
GPT-2,bf16,bf16,4,512,324377088,4,81.094,12.3,49.3
GPT-2,bf16,bf16,4,512,324377088,8,40.547,24.7,98.7
GPT-2,bf16,bf16,4,512,324377088,16,20.274,49.3,197.3
GPT-2,bf16,bf16,4,512,324377088,32,10.137,98.7,394.6
GPT-2,bf16,bf16,4,512,324377088,64,5.068,197.3,789.2
GPT-2,bf16,bf16,4,512,324377088,128,2.534,394.6,1578.4
GPT-2,bf16,bf16,4,512,324377088,256,1.267,789.2,3156.8
GPT-2,bf16,bf16,4,512,324377088,512,0.634,1578.4,6313.6
GPT-2,bf16,bf16,4,1024,399874560,4,99.969,10.0,40.0
GPT-2,bf16,bf16,4,1024,399874560,8,49.984,20.0,80.0
GPT-2,bf16,bf16,4,1024,399874560,16,24.992,40.0,160.1
GPT-2,bf16,bf16,4,1024,399874560,32,12.496,80.0,320.1
GPT-2,bf16,bf16,4,1024,399874560,64,6.248,160.1,640.2
GPT-2,bf16,bf16,4,1024,399874560,128,3.124,320.1,1280.4
GPT-2,bf16,bf16,4,1024,399874560,256,1.562,640.2,2560.8
GPT-2,bf16,bf16,4,1024,399874560,512,0.781,1280.4,5121.6
GPT-2,bf16,bf16,16,128,324377088,4,81.094,12.3,197.3
GPT-2,bf16,bf16,16,128,324377088,8,40.547,24.7,394.6
GPT-2,bf16,bf16,16,128,324377088,16,20.274,49.3,789.2
GPT-2,bf16,bf16,16,128,324377088,32,10.137,98.7,1578.4
GPT-2,bf16,bf16,16,128,324377088,64,5.068,197.3,3156.8
GPT-2,bf16,bf16,16,128,324377088,128,2.534,394.6,6313.6
GPT-2,bf16,bf16,16,128,324377088,256,1.267,789.2,12627.3
GPT-2,bf16,bf16,16,128,324377088,512,0.634,1578.4,25254.6
GPT-2,bf16,bf16,16,256,399874560,4,99.969,10.0,160.1
GPT-2,bf16,bf16,16,256,399874560,8,49.984,20.0,320.1
GPT-2,bf16,bf16,16,256,399874560,16,24.992,40.0,640.2
GPT-2,bf16,bf16,16,256,399874560,32,12.496,80.0,1280.4
GPT-2,bf16,bf16,16,256,399874560,64,6.248,160.1,2560.8
GPT-2,bf16,bf16,16,256,399874560,128,3.124,320.1,5121.6
GPT-2,bf16,bf16,16,256,399874560,256,1.562,640.2,10243.2
GPT-2,bf16,bf16,16,256,399874560,512,0.781,1280.4,20486.4
GPT-2,bf16,bf16,16,512,550869504,4,137.717,7.3,116.2
GPT-2,bf16,bf16,16,512,550869504,8,68.859,14.5,232.4
GPT-2,bf16,bf16,16,512,550869504,16,34.429,29.0,464.7
GPT-2,bf16,bf16,16,512,550869504,32,17.215,58.1,929.4
GPT-2,bf16,bf16,16,512,550869504,64,8.607,116.2,1858.9
GPT-2,bf16,bf16,16,512,550869504,128,4.304,232.4,3717.8
GPT-2,bf16,bf16,16,512,550869504,256,2.152,464.7,7435.5
GPT-2,bf16,bf16,16,512,550869504,512,1.076,929.4,14871.0
GPT-2,bf16,bf16,16,1024,852859392,4,213.215,4.7,75.0
GPT-2,bf16,bf16,16,1024,852859392,8,106.607,9.4,150.1
GPT-2,bf16,bf16,16,1024,852859392,16,53.304,18.8,300.2
GPT-2,bf16,bf16,16,1024,852859392,32,26.652,37.5,600.3
GPT-2,bf16,bf16,16,1024,852859392,64,13.326,75.0,1200.7
GPT-2,bf16,bf16,16,1024,852859392,128,6.663,150.1,2401.3
GPT-2,bf16,bf16,16,1024,852859392,256,3.331,300.2,4802.7
GPT-2,bf16,bf16,16,1024,852859392,512,1.666,600.3,9605.3
GPT-2,bf16,bf16,64,128,550869504,4,137.717,7.3,464.7
GPT-2,bf16,bf16,64,128,550869504,8,68.859,14.5,929.4
GPT-2,bf16,bf16,64,128,550869504,16,34.429,29.0,1858.9
GPT-2,bf16,bf16,64,128,550869504,32,17.215,58.1,3717.8
GPT-2,bf16,bf16,64,128,550869504,64,8.607,116.2,7435.5
GPT-2,bf16,bf16,64,128,550869504,128,4.304,232.4,14871.0
GPT-2,bf16,bf16,64,128,550869504,256,2.152,464.7,29742.1
GPT-2,bf16,bf16,64,128,550869504,512,1.076,929.4,59484.1
GPT-2,bf16,bf16,64,256,852859392,4,213.215,4.7,300.2
GPT-2,bf16,bf16,64,256,852859392,8,106.607,9.4,600.3
GPT-2,bf16,bf16,64,256,852859392,16,53.304,18.8,1200.7
GPT-2,bf16,bf16,64,256,852859392,32,26.652,37.5,2401.3
GPT-2,bf16,bf16,64,256,852859392,64,13.326,75.0,4802.7
GPT-2,bf16,bf16,64,256,852859392,128,6.663,150.1,9605.3
GPT-2,bf16,bf16,64,256,852859392,256,3.331,300.2,19210.7
GPT-2,bf16,bf16,64,256,852859392,512,1.666,600.3,38421.3
GPT-2,bf16,bf16,64,512,1456839168,4,364.210,2.7,175.7
GPT-2,bf16,bf16,64,512,1456839168,8,182.105,5.5,351.4
GPT-2,bf16,bf16,64,512,1456839168,16,91.052,11.0,702.9
GPT-2,bf16,bf16,64,512,1456839168,32,45.526,22.0,1405.8
GPT-2,bf16,bf16,64,512,1456839168,64,22.763,43.9,2811.6
GPT-2,bf16,bf16,64,512,1456839168,128,11.382,87.9,5623.1
GPT-2,bf16,bf16,64,512,1456839168,256,5.691,175.7,11246.3
GPT-2,bf16,bf16,64,512,1456839168,512,2.845,351.4,22492.5
GPT-2,bf16,bf16,64,1024,2664798720,4,666.200,1.5,96.1
GPT-2,bf16,bf16,64,1024,2664798720,8,333.100,3.0,192.1
GPT-2,bf16,bf16,64,1024,2664798720,16,166.550,6.0,384.3
GPT-2,bf16,bf16,64,1024,2664798720,32,83.275,12.0,768.5
GPT-2,bf16,bf16,64,1024,2664798720,64,41.637,24.0,1537.1
GPT-2,bf16,bf16,64,1024,2664798720,128,20.819,48.0,3074.2
GPT-2,bf16,bf16,64,1024,2664798720,256,10.409,96.1,6148.3
GPT-2,bf16,bf16,64,1024,2664798720,512,5.205,192.1,12296.6
GPT-2,bf16,int8,1,128,251312640,4,62.828,15.9,15.9
GPT-2,bf16,int8,1,128,251312640,8,31.414,31.8,31.8
GPT-2,bf16,int8,1,128,251312640,16,15.707,63.7,63.7
GPT-2,bf16,int8,1,128,251312640,32,7.854,127.3,127.3
GPT-2,bf16,int8,1,128,251312640,64,3.927,254.7,254.7
GPT-2,bf16,int8,1,128,251312640,128,1.963,509.3,509.3
GPT-2,bf16,int8,1,128,251312640,256,0.982,1018.7,1018.7
GPT-2,bf16,int8,1,128,251312640,512,0.491,2037.3,2037.3
GPT-2,bf16,int8,1,256,253745664,4,63.436,15.8,15.8
GPT-2,bf16,int8,1,256,253745664,8,31.718,31.5,31.5
GPT-2,bf16,int8,1,256,253745664,16,15.859,63.1,63.1
GPT-2,bf16,int8,1,256,253745664,32,7.930,126.1,126.1
GPT-2,bf16,int8,1,256,253745664,64,3.965,252.2,252.2
GPT-2,bf16,int8,1,256,253745664,128,1.982,504.4,504.4
GPT-2,bf16,int8,1,256,253745664,256,0.991,1008.9,1008.9
GPT-2,bf16,int8,1,256,253745664,512,0.496,2017.8,2017.8
GPT-2,bf16,int8,1,512,258611712,4,64.653,15.5,15.5
GPT-2,bf16,int8,1,512,258611712,8,32.326,30.9,30.9
GPT-2,bf16,int8,1,512,258611712,16,16.163,61.9,61.9
GPT-2,bf16,int8,1,512,258611712,32,8.082,123.7,123.7
GPT-2,bf16,int8,1,512,258611712,64,4.041,247.5,247.5
GPT-2,bf16,int8,1,512,258611712,128,2.020,495.0,495.0
GPT-2,bf16,int8,1,512,258611712,256,1.010,989.9,989.9
GPT-2,bf16,int8,1,512,258611712,512,0.505,1979.8,1979.8
GPT-2,bf16,int8,1,1024,268343808,4,67.086,14.9,14.9
GPT-2,bf16,int8,1,1024,268343808,8,33.543,29.8,29.8
GPT-2,bf16,int8,1,1024,268343808,16,16.771,59.6,59.6
GPT-2,bf16,int8,1,1024,268343808,32,8.386,119.3,119.3
GPT-2,bf16,int8,1,1024,268343808,64,4.193,238.5,238.5
GPT-2,bf16,int8,1,1024,268343808,128,2.096,477.0,477.0
GPT-2,bf16,int8,1,1024,268343808,256,1.048,954.0,954.0
GPT-2,bf16,int8,1,1024,268343808,512,0.524,1908.0,1908.0
GPT-2,bf16,int8,4,128,258611712,4,64.653,15.5,61.9
GPT-2,bf16,int8,4,128,258611712,8,32.326,30.9,123.7
GPT-2,bf16,int8,4,128,258611712,16,16.163,61.9,247.5
GPT-2,bf16,int8,4,128,258611712,32,8.082,123.7,495.0
GPT-2,bf16,int8,4,128,258611712,64,4.041,247.5,989.9
GPT-2,bf16,int8,4,128,258611712,128,2.020,495.0,1979.8
GPT-2,bf16,int8,4,128,258611712,256,1.010,989.9,3959.6
GPT-2,bf16,int8,4,128,258611712,512,0.505,1979.8,7919.2
GPT-2,bf16,int8,4,256,268343808,4,67.086,14.9,59.6
GPT-2,bf16,int8,4,256,268343808,8,33.543,29.8,119.3
GPT-2,bf16,int8,4,256,268343808,16,16.771,59.6,238.5
GPT-2,bf16,int8,4,256,268343808,32,8.386,119.3,477.0
GPT-2,bf16,int8,4,256,268343808,64,4.193,238.5,954.0
GPT-2,bf16,int8,4,256,268343808,128,2.096,477.0,1908.0
GPT-2,bf16,int8,4,256,268343808,256,1.048,954.0,3816.0
GPT-2,bf16,int8,4,256,268343808,512,0.524,1908.0,7632.0
GPT-2,bf16,int8,4,512,287808000,4,71.952,13.9,55.6
GPT-2,bf16,int8,4,512,287808000,8,35.976,27.8,111.2
GPT-2,bf16,int8,4,512,287808000,16,17.988,55.6,222.4
GPT-2,bf16,int8,4,512,287808000,32,8.994,111.2,444.7
GPT-2,bf16,int8,4,512,287808000,64,4.497,222.4,889.5
GPT-2,bf16,int8,4,512,287808000,128,2.248,444.7,1779.0
GPT-2,bf16,int8,4,512,287808000,256,1.124,889.5,3557.9
GPT-2,bf16,int8,4,512,287808000,512,0.562,1779.0,7115.9
GPT-2,bf16,int8,4,1024,326736384,4,81.684,12.2,49.0
GPT-2,bf16,int8,4,1024,326736384,8,40.842,24.5,97.9
GPT-2,bf16,int8,4,1024,326736384,16,20.421,49.0,195.9
GPT-2,bf16,int8,4,1024,326736384,32,10.211,97.9,391.8
GPT-2,bf16,int8,4,1024,326736384,64,5.105,195.9,783.5
GPT-2,bf16,int8,4,1024,326736384,128,2.553,391.8,1567.0
GPT-2,bf16,int8,4,1024,326736384,256,1.276,783.5,3134.0
GPT-2,bf16,int8,4,1024,326736384,512,0.638,1567.0,6268.1
GPT-2,bf16,int8,16,128,287808000,4,71.952,13.9,222.4
GPT-2,bf16,int8,16,128,287808000,8,35.976,27.8,444.7
GPT-2,bf16,int8,16,128,287808000,16,17.988,55.6,889.5
GPT-2,bf16,int8,16,128,287808000,32,8.994,111.2,1779.0
GPT-2,bf16,int8,16,128,287808000,64,4.497,222.4,3557.9
GPT-2,bf16,int8,16,128,287808000,128,2.248,444.7,7115.9
GPT-2,bf16,int8,16,128,287808000,256,1.124,889.5,14231.7
GPT-2,bf16,int8,16,128,287808000,512,0.562,1779.0,28463.4
GPT-2,bf16,int8,16,256,326736384,4,81.684,12.2,195.9
GPT-2,bf16,int8,16,256,326736384,8,40.842,24.5,391.8
GPT-2,bf16,int8,16,256,326736384,16,20.421,49.0,783.5
GPT-2,bf16,int8,16,256,326736384,32,10.211,97.9,1567.0
GPT-2,bf16,int8,16,256,326736384,64,5.105,195.9,3134.0
GPT-2,bf16,int8,16,256,326736384,128,2.553,391.8,6268.1
GPT-2,bf16,int8,16,256,326736384,256,1.276,783.5,12536.1
GPT-2,bf16,int8,16,256,326736384,512,0.638,1567.0,25072.2
GPT-2,bf16,int8,16,512,404593152,4,101.148,9.9,158.2
GPT-2,bf16,int8,16,512,404593152,8,50.574,19.8,316.4
GPT-2,bf16,int8,16,512,404593152,16,25.287,39.5,632.7
GPT-2,bf16,int8,16,512,404593152,32,12.644,79.1,1265.5
GPT-2,bf16,int8,16,512,404593152,64,6.322,158.2,2530.9
GPT-2,bf16,int8,16,512,404593152,128,3.161,316.4,5061.9
GPT-2,bf16,int8,16,512,404593152,256,1.580,632.7,10123.8
GPT-2,bf16,int8,16,512,404593152,512,0.790,1265.5,20247.5
GPT-2,bf16,int8,16,1024,560306688,4,140.077,7.1,114.2
GPT-2,bf16,int8,16,1024,560306688,8,70.038,14.3,228.4
GPT-2,bf16,int8,16,1024,560306688,16,35.019,28.6,456.9
GPT-2,bf16,int8,16,1024,560306688,32,17.510,57.1,913.8
GPT-2,bf16,int8,16,1024,560306688,64,8.755,114.2,1827.6
GPT-2,bf16,int8,16,1024,560306688,128,4.377,228.4,3655.1
GPT-2,bf16,int8,16,1024,560306688,256,2.189,456.9,7310.3
GPT-2,bf16,int8,16,1024,560306688,512,1.094,913.8,14620.6
GPT-2,bf16,int8,64,128,404593152,4,101.148,9.9,632.7
GPT-2,bf16,int8,64,128,404593152,8,50.574,19.8,1265.5
GPT-2,bf16,int8,64,128,404593152,16,25.287,39.5,2530.9
GPT-2,bf16,int8,64,128,404593152,32,12.644,79.1,5061.9
GPT-2,bf16,int8,64,128,404593152,64,6.322,158.2,10123.8
GPT-2,bf16,int8,64,128,404593152,128,3.161,316.4,20247.5
GPT-2,bf16,int8,64,128,404593152,256,1.580,632.7,40495.0
GPT-2,bf16,int8,64,128,404593152,512,0.790,1265.5,80990.0
GPT-2,bf16,int8,64,256,560306688,4,140.077,7.1,456.9
GPT-2,bf16,int8,64,256,560306688,8,70.038,14.3,913.8
GPT-2,bf16,int8,64,256,560306688,16,35.019,28.6,1827.6
GPT-2,bf16,int8,64,256,560306688,32,17.510,57.1,3655.1
GPT-2,bf16,int8,64,256,560306688,64,8.755,114.2,7310.3
GPT-2,bf16,int8,64,256,560306688,128,4.377,228.4,14620.6
GPT-2,bf16,int8,64,256,560306688,256,2.189,456.9,29241.1
GPT-2,bf16,int8,64,256,560306688,512,1.094,913.8,58482.3
GPT-2,bf16,int8,64,512,871733760,4,217.933,4.6,293.7
GPT-2,bf16,int8,64,512,871733760,8,108.967,9.2,587.3
GPT-2,bf16,int8,64,512,871733760,16,54.483,18.4,1174.7
GPT-2,bf16,int8,64,512,871733760,32,27.242,36.7,2349.3
GPT-2,bf16,int8,64,512,871733760,64,13.621,73.4,4698.7
GPT-2,bf16,int8,64,512,871733760,128,6.810,146.8,9397.4
GPT-2,bf16,int8,64,512,871733760,256,3.405,293.7,18794.7
GPT-2,bf16,int8,64,512,871733760,512,1.703,587.3,37589.5
GPT-2,bf16,int8,64,1024,1494587904,4,373.647,2.7,171.3
GPT-2,bf16,int8,64,1024,1494587904,8,186.823,5.4,342.6
GPT-2,bf16,int8,64,1024,1494587904,16,93.412,10.7,685.1
GPT-2,bf16,int8,64,1024,1494587904,32,46.706,21.4,1370.3
GPT-2,bf16,int8,64,1024,1494587904,64,23.353,42.8,2740.6
GPT-2,bf16,int8,64,1024,1494587904,128,11.676,85.6,5481.1
GPT-2,bf16,int8,64,1024,1494587904,256,5.838,171.3,10962.2
GPT-2,bf16,int8,64,1024,1494587904,512,2.919,342.6,21924.4
GPT-2,bf16,int4,1,128,250132992,4,62.533,16.0,16.0
GPT-2,bf16,int4,1,128,250132992,8,31.267,32.0,32.0
GPT-2,bf16,int4,1,128,250132992,16,15.633,64.0,64.0
GPT-2,bf16,int4,1,128,250132992,32,7.817,127.9,127.9
GPT-2,bf16,int4,1,128,250132992,64,3.908,255.9,255.9
GPT-2,bf16,int4,1,128,250132992,128,1.954,511.7,511.7
GPT-2,bf16,int4,1,128,250132992,256,0.977,1023.5,1023.5
GPT-2,bf16,int4,1,128,250132992,512,0.489,2046.9,2046.9
GPT-2,bf16,int4,1,256,251386368,4,62.847,15.9,15.9
GPT-2,bf16,int4,1,256,251386368,8,31.423,31.8,31.8
GPT-2,bf16,int4,1,256,251386368,16,15.712,63.6,63.6
GPT-2,bf16,int4,1,256,251386368,32,7.856,127.3,127.3
GPT-2,bf16,int4,1,256,251386368,64,3.928,254.6,254.6
GPT-2,bf16,int4,1,256,251386368,128,1.964,509.2,509.2
GPT-2,bf16,int4,1,256,251386368,256,0.982,1018.4,1018.4
GPT-2,bf16,int4,1,256,251386368,512,0.491,2036.7,2036.7
GPT-2,bf16,int4,1,512,253893120,4,63.473,15.8,15.8
GPT-2,bf16,int4,1,512,253893120,8,31.737,31.5,31.5
GPT-2,bf16,int4,1,512,253893120,16,15.868,63.0,63.0
GPT-2,bf16,int4,1,512,253893120,32,7.934,126.0,126.0
GPT-2,bf16,int4,1,512,253893120,64,3.967,252.1,252.1
GPT-2,bf16,int4,1,512,253893120,128,1.984,504.1,504.1
GPT-2,bf16,int4,1,512,253893120,256,0.992,1008.3,1008.3
GPT-2,bf16,int4,1,512,253893120,512,0.496,2016.6,2016.6
GPT-2,bf16,int4,1,1024,258906624,4,64.727,15.4,15.4
GPT-2,bf16,int4,1,1024,258906624,8,32.363,30.9,30.9
GPT-2,bf16,int4,1,1024,258906624,16,16.182,61.8,61.8
GPT-2,bf16,int4,1,1024,258906624,32,8.091,123.6,123.6
GPT-2,bf16,int4,1,1024,258906624,64,4.045,247.2,247.2
GPT-2,bf16,int4,1,1024,258906624,128,2.023,494.4,494.4
GPT-2,bf16,int4,1,1024,258906624,256,1.011,988.8,988.8
GPT-2,bf16,int4,1,1024,258906624,512,0.506,1977.5,1977.5
GPT-2,bf16,int4,4,128,253893120,4,63.473,15.8,63.0
GPT-2,bf16,int4,4,128,253893120,8,31.737,31.5,126.0
GPT-2,bf16,int4,4,128,253893120,16,15.868,63.0,252.1
GPT-2,bf16,int4,4,128,253893120,32,7.934,126.0,504.1
GPT-2,bf16,int4,4,128,253893120,64,3.967,252.1,1008.3
GPT-2,bf16,int4,4,128,253893120,128,1.984,504.1,2016.6
GPT-2,bf16,int4,4,128,253893120,256,0.992,1008.3,4033.2
GPT-2,bf16,int4,4,128,253893120,512,0.496,2016.6,8066.4
GPT-2,bf16,int4,4,256,258906624,4,64.727,15.4,61.8
GPT-2,bf16,int4,4,256,258906624,8,32.363,30.9,123.6
GPT-2,bf16,int4,4,256,258906624,16,16.182,61.8,247.2
GPT-2,bf16,int4,4,256,258906624,32,8.091,123.6,494.4
GPT-2,bf16,int4,4,256,258906624,64,4.045,247.2,988.8
GPT-2,bf16,int4,4,256,258906624,128,2.023,494.4,1977.5
GPT-2,bf16,int4,4,256,258906624,256,1.011,988.8,3955.1
GPT-2,bf16,int4,4,256,258906624,512,0.506,1977.5,7910.2
GPT-2,bf16,int4,4,512,268933632,4,67.233,14.9,59.5
GPT-2,bf16,int4,4,512,268933632,8,33.617,29.7,119.0
GPT-2,bf16,int4,4,512,268933632,16,16.808,59.5,238.0
GPT-2,bf16,int4,4,512,268933632,32,8.404,119.0,476.0
GPT-2,bf16,int4,4,512,268933632,64,4.202,238.0,951.9
GPT-2,bf16,int4,4,512,268933632,128,2.101,476.0,1903.8
GPT-2,bf16,int4,4,512,268933632,256,1.051,951.9,3807.6
GPT-2,bf16,int4,4,512,268933632,512,0.525,1903.8,7615.3
GPT-2,bf16,int4,4,1024,288987648,4,72.247,13.8,55.4
GPT-2,bf16,int4,4,1024,288987648,8,36.123,27.7,110.7
GPT-2,bf16,int4,4,1024,288987648,16,18.062,55.4,221.5
GPT-2,bf16,int4,4,1024,288987648,32,9.031,110.7,442.9
GPT-2,bf16,int4,4,1024,288987648,64,4.515,221.5,885.9
GPT-2,bf16,int4,4,1024,288987648,128,2.258,442.9,1771.7
GPT-2,bf16,int4,4,1024,288987648,256,1.129,885.9,3543.4
GPT-2,bf16,int4,4,1024,288987648,512,0.564,1771.7,7086.8
GPT-2,bf16,int4,16,128,268933632,4,67.233,14.9,238.0
GPT-2,bf16,int4,16,128,268933632,8,33.617,29.7,476.0
GPT-2,bf16,int4,16,128,268933632,16,16.808,59.5,951.9
GPT-2,bf16,int4,16,128,268933632,32,8.404,119.0,1903.8
GPT-2,bf16,int4,16,128,268933632,64,4.202,238.0,3807.6
GPT-2,bf16,int4,16,128,268933632,128,2.101,476.0,7615.3
GPT-2,bf16,int4,16,128,268933632,256,1.051,951.9,15230.5
GPT-2,bf16,int4,16,128,268933632,512,0.525,1903.8,30461.0
GPT-2,bf16,int4,16,256,288987648,4,72.247,13.8,221.5
GPT-2,bf16,int4,16,256,288987648,8,36.123,27.7,442.9
GPT-2,bf16,int4,16,256,288987648,16,18.062,55.4,885.9
GPT-2,bf16,int4,16,256,288987648,32,9.031,110.7,1771.7
GPT-2,bf16,int4,16,256,288987648,64,4.515,221.5,3543.4
GPT-2,bf16,int4,16,256,288987648,128,2.258,442.9,7086.8
GPT-2,bf16,int4,16,256,288987648,256,1.129,885.9,14173.6
GPT-2,bf16,int4,16,256,288987648,512,0.564,1771.7,28347.2
GPT-2,bf16,int4,16,512,329095680,4,82.274,12.2,194.5
GPT-2,bf16,int4,16,512,329095680,8,41.137,24.3,388.9
GPT-2,bf16,int4,16,512,329095680,16,20.568,48.6,777.9
GPT-2,bf16,int4,16,512,329095680,32,10.284,97.2,1555.8
GPT-2,bf16,int4,16,512,329095680,64,5.142,194.5,3111.6
GPT-2,bf16,int4,16,512,329095680,128,2.571,388.9,6223.1
GPT-2,bf16,int4,16,512,329095680,256,1.286,777.9,12446.2
GPT-2,bf16,int4,16,512,329095680,512,0.643,1555.8,24892.5
GPT-2,bf16,int4,16,1024,409311744,4,102.328,9.8,156.4
GPT-2,bf16,int4,16,1024,409311744,8,51.164,19.5,312.7
GPT-2,bf16,int4,16,1024,409311744,16,25.582,39.1,625.4
GPT-2,bf16,int4,16,1024,409311744,32,12.791,78.2,1250.9
GPT-2,bf16,int4,16,1024,409311744,64,6.395,156.4,2501.8
GPT-2,bf16,int4,16,1024,409311744,128,3.198,312.7,5003.5
GPT-2,bf16,int4,16,1024,409311744,256,1.599,625.4,10007.0
GPT-2,bf16,int4,16,1024,409311744,512,0.799,1250.9,20014.1
GPT-2,bf16,int4,64,128,329095680,4,82.274,12.2,777.9
GPT-2,bf16,int4,64,128,329095680,8,41.137,24.3,1555.8
GPT-2,bf16,int4,64,128,329095680,16,20.568,48.6,3111.6
GPT-2,bf16,int4,64,128,329095680,32,10.284,97.2,6223.1
GPT-2,bf16,int4,64,128,329095680,64,5.142,194.5,12446.2
GPT-2,bf16,int4,64,128,329095680,128,2.571,388.9,24892.5
GPT-2,bf16,int4,64,128,329095680,256,1.286,777.9,49784.9
GPT-2,bf16,int4,64,128,329095680,512,0.643,1555.8,99569.8
GPT-2,bf16,int4,64,256,409311744,4,102.328,9.8,625.4
GPT-2,bf16,int4,64,256,409311744,8,51.164,19.5,1250.9
GPT-2,bf16,int4,64,256,409311744,16,25.582,39.1,2501.8
GPT-2,bf16,int4,64,256,409311744,32,12.791,78.2,5003.5
GPT-2,bf16,int4,64,256,409311744,64,6.395,156.4,10007.0
GPT-2,bf16,int4,64,256,409311744,128,3.198,312.7,20014.1
GPT-2,bf16,int4,64,256,409311744,256,1.599,625.4,40028.2
GPT-2,bf16,int4,64,256,409311744,512,0.799,1250.9,80056.3
GPT-2,bf16,int4,64,512,569743872,4,142.436,7.0,449.3
GPT-2,bf16,int4,64,512,569743872,8,71.218,14.0,898.6
GPT-2,bf16,int4,64,512,569743872,16,35.609,28.1,1797.3
GPT-2,bf16,int4,64,512,569743872,32,17.804,56.2,3594.6
GPT-2,bf16,int4,64,512,569743872,64,8.902,112.3,7189.2
GPT-2,bf16,int4,64,512,569743872,128,4.451,224.7,14378.4
GPT-2,bf16,int4,64,512,569743872,256,2.226,449.3,28756.8
GPT-2,bf16,int4,64,512,569743872,512,1.113,898.6,57513.6
GPT-2,bf16,int4,64,1024,890608128,4,222.652,4.5,287.4
GPT-2,bf16,int4,64,1024,890608128,8,111.326,9.0,574.9
GPT-2,bf16,int4,64,1024,890608128,16,55.663,18.0,1149.8
GPT-2,bf16,int4,64,1024,890608128,32,27.832,35.9,2299.6
GPT-2,bf16,int4,64,1024,890608128,64,13.916,71.9,4599.1
GPT-2,bf16,int4,64,1024,890608128,128,6.958,143.7,9198.2
GPT-2,bf16,int4,64,1024,890608128,256,3.479,287.4,18396.4
GPT-2,bf16,int4,64,1024,890608128,512,1.739,574.9,36792.8
GPT-2,int8,bf16,1,128,168829440,4,42.207,23.7,23.7
GPT-2,int8,bf16,1,128,168829440,8,21.104,47.4,47.4
GPT-2,int8,bf16,1,128,168829440,16,10.552,94.8,94.8
GPT-2,int8,bf16,1,128,168829440,32,5.276,189.5,189.5
GPT-2,int8,bf16,1,128,168829440,64,2.638,379.1,379.1
GPT-2,int8,bf16,1,128,168829440,128,1.319,758.2,758.2
GPT-2,int8,bf16,1,128,168829440,256,0.659,1516.3,1516.3
GPT-2,int8,bf16,1,128,168829440,512,0.330,3032.6,3032.6
GPT-2,int8,bf16,1,256,173548032,4,43.387,23.0,23.0
GPT-2,int8,bf16,1,256,173548032,8,21.694,46.1,46.1
GPT-2,int8,bf16,1,256,173548032,16,10.847,92.2,92.2
GPT-2,int8,bf16,1,256,173548032,32,5.423,184.4,184.4
GPT-2,int8,bf16,1,256,173548032,64,2.712,368.8,368.8
GPT-2,int8,bf16,1,256,173548032,128,1.356,737.5,737.5
GPT-2,int8,bf16,1,256,173548032,256,0.678,1475.1,1475.1
GPT-2,int8,bf16,1,256,173548032,512,0.339,2950.2,2950.2
GPT-2,int8,bf16,1,512,182985216,4,45.746,21.9,21.9
GPT-2,int8,bf16,1,512,182985216,8,22.873,43.7,43.7
GPT-2,int8,bf16,1,512,182985216,16,11.437,87.4,87.4
GPT-2,int8,bf16,1,512,182985216,32,5.718,174.9,174.9
GPT-2,int8,bf16,1,512,182985216,64,2.859,349.8,349.8
GPT-2,int8,bf16,1,512,182985216,128,1.430,699.5,699.5
GPT-2,int8,bf16,1,512,182985216,256,0.715,1399.0,1399.0
GPT-2,int8,bf16,1,512,182985216,512,0.357,2798.0,2798.0
GPT-2,int8,bf16,1,1024,201859584,4,50.465,19.8,19.8
GPT-2,int8,bf16,1,1024,201859584,8,25.232,39.6,39.6
GPT-2,int8,bf16,1,1024,201859584,16,12.616,79.3,79.3
GPT-2,int8,bf16,1,1024,201859584,32,6.308,158.5,158.5
GPT-2,int8,bf16,1,1024,201859584,64,3.154,317.1,317.1
GPT-2,int8,bf16,1,1024,201859584,128,1.577,634.1,634.1
GPT-2,int8,bf16,1,1024,201859584,256,0.789,1268.2,1268.2
GPT-2,int8,bf16,1,1024,201859584,512,0.394,2536.4,2536.4
GPT-2,int8,bf16,4,128,182985216,4,45.746,21.9,87.4
GPT-2,int8,bf16,4,128,182985216,8,22.873,43.7,174.9
GPT-2,int8,bf16,4,128,182985216,16,11.437,87.4,349.8
GPT-2,int8,bf16,4,128,182985216,32,5.718,174.9,699.5
GPT-2,int8,bf16,4,128,182985216,64,2.859,349.8,1399.0
GPT-2,int8,bf16,4,128,182985216,128,1.430,699.5,2798.0
GPT-2,int8,bf16,4,128,182985216,256,0.715,1399.0,5596.1
GPT-2,int8,bf16,4,128,182985216,512,0.357,2798.0,11192.2
GPT-2,int8,bf16,4,256,201859584,4,50.465,19.8,79.3
GPT-2,int8,bf16,4,256,201859584,8,25.232,39.6,158.5
GPT-2,int8,bf16,4,256,201859584,16,12.616,79.3,317.1
GPT-2,int8,bf16,4,256,201859584,32,6.308,158.5,634.1
GPT-2,int8,bf16,4,256,201859584,64,3.154,317.1,1268.2
GPT-2,int8,bf16,4,256,201859584,128,1.577,634.1,2536.4
GPT-2,int8,bf16,4,256,201859584,256,0.789,1268.2,5072.8
GPT-2,int8,bf16,4,256,201859584,512,0.394,2536.4,10145.7
GPT-2,int8,bf16,4,512,239608320,4,59.902,16.7,66.8
GPT-2,int8,bf16,4,512,239608320,8,29.951,33.4,133.6
GPT-2,int8,bf16,4,512,239608320,16,14.976,66.8,267.1
GPT-2,int8,bf16,4,512,239608320,32,7.488,133.6,534.2
GPT-2,int8,bf16,4,512,239608320,64,3.744,267.1,1068.4
GPT-2,int8,bf16,4,512,239608320,128,1.872,534.2,2136.8
GPT-2,int8,bf16,4,512,239608320,256,0.936,1068.4,4273.6
GPT-2,int8,bf16,4,512,239608320,512,0.468,2136.8,8547.3
GPT-2,int8,bf16,4,1024,315105792,4,78.776,12.7,50.8
GPT-2,int8,bf16,4,1024,315105792,8,39.388,25.4,101.6
GPT-2,int8,bf16,4,1024,315105792,16,19.694,50.8,203.1
GPT-2,int8,bf16,4,1024,315105792,32,9.847,101.6,406.2
GPT-2,int8,bf16,4,1024,315105792,64,4.924,203.1,812.4
GPT-2,int8,bf16,4,1024,315105792,128,2.462,406.2,1624.9
GPT-2,int8,bf16,4,1024,315105792,256,1.231,812.4,3249.7
GPT-2,int8,bf16,4,1024,315105792,512,0.615,1624.9,6499.4
GPT-2,int8,bf16,16,128,239608320,4,59.902,16.7,267.1
GPT-2,int8,bf16,16,128,239608320,8,29.951,33.4,534.2
GPT-2,int8,bf16,16,128,239608320,16,14.976,66.8,1068.4
GPT-2,int8,bf16,16,128,239608320,32,7.488,133.6,2136.8
GPT-2,int8,bf16,16,128,239608320,64,3.744,267.1,4273.6
GPT-2,int8,bf16,16,128,239608320,128,1.872,534.2,8547.3
GPT-2,int8,bf16,16,128,239608320,256,0.936,1068.4,17094.6
GPT-2,int8,bf16,16,128,239608320,512,0.468,2136.8,34189.1
GPT-2,int8,bf16,16,256,315105792,4,78.776,12.7,203.1
GPT-2,int8,bf16,16,256,315105792,8,39.388,25.4,406.2
GPT-2,int8,bf16,16,256,315105792,16,19.694,50.8,812.4
GPT-2,int8,bf16,16,256,315105792,32,9.847,101.6,1624.9
GPT-2,int8,bf16,16,256,315105792,64,4.924,203.1,3249.7
GPT-2,int8,bf16,16,256,315105792,128,2.462,406.2,6499.4
GPT-2,int8,bf16,16,256,315105792,256,1.231,812.4,12998.8
GPT-2,int8,bf16,16,256,315105792,512,0.615,1624.9,25997.6
GPT-2,int8,bf16,16,512,466100736,4,116.525,8.6,137.3
GPT-2,int8,bf16,16,512,466100736,8,58.263,17.2,274.6
GPT-2,int8,bf16,16,512,466100736,16,29.131,34.3,549.2
GPT-2,int8,bf16,16,512,466100736,32,14.566,68.7,1098.5
GPT-2,int8,bf16,16,512,466100736,64,7.283,137.3,2196.9
GPT-2,int8,bf16,16,512,466100736,128,3.641,274.6,4393.9
GPT-2,int8,bf16,16,512,466100736,256,1.821,549.2,8787.8
GPT-2,int8,bf16,16,512,466100736,512,0.910,1098.5,17575.6
GPT-2,int8,bf16,16,1024,768090624,4,192.023,5.2,83.3
GPT-2,int8,bf16,16,1024,768090624,8,96.011,10.4,166.6
GPT-2,int8,bf16,16,1024,768090624,16,48.006,20.8,333.3
GPT-2,int8,bf16,16,1024,768090624,32,24.003,41.7,666.6
GPT-2,int8,bf16,16,1024,768090624,64,12.001,83.3,1333.2
GPT-2,int8,bf16,16,1024,768090624,128,6.001,166.6,2666.4
GPT-2,int8,bf16,16,1024,768090624,256,3.000,333.3,5332.7
GPT-2,int8,bf16,16,1024,768090624,512,1.500,666.6,10665.4
GPT-2,int8,bf16,64,128,466100736,4,116.525,8.6,549.2
GPT-2,int8,bf16,64,128,466100736,8,58.263,17.2,1098.5
GPT-2,int8,bf16,64,128,466100736,16,29.131,34.3,2196.9
GPT-2,int8,bf16,64,128,466100736,32,14.566,68.7,4393.9
GPT-2,int8,bf16,64,128,466100736,64,7.283,137.3,8787.8
GPT-2,int8,bf16,64,128,466100736,128,3.641,274.6,17575.6
GPT-2,int8,bf16,64,128,466100736,256,1.821,549.2,35151.2
GPT-2,int8,bf16,64,128,466100736,512,0.910,1098.5,70302.4
GPT-2,int8,bf16,64,256,768090624,4,192.023,5.2,333.3
GPT-2,int8,bf16,64,256,768090624,8,96.011,10.4,666.6
GPT-2,int8,bf16,64,256,768090624,16,48.006,20.8,1333.2
GPT-2,int8,bf16,64,256,768090624,32,24.003,41.7,2666.4
GPT-2,int8,bf16,64,256,768090624,64,12.001,83.3,5332.7
GPT-2,int8,bf16,64,256,768090624,128,6.001,166.6,10665.4
GPT-2,int8,bf16,64,256,768090624,256,3.000,333.3,21330.8
GPT-2,int8,bf16,64,256,768090624,512,1.500,666.6,42661.6
GPT-2,int8,bf16,64,512,1372070400,4,343.018,2.9,186.6
GPT-2,int8,bf16,64,512,1372070400,8,171.509,5.8,373.2
GPT-2,int8,bf16,64,512,1372070400,16,85.754,11.7,746.3
GPT-2,int8,bf16,64,512,1372070400,32,42.877,23.3,1492.6
GPT-2,int8,bf16,64,512,1372070400,64,21.439,46.6,2985.3
GPT-2,int8,bf16,64,512,1372070400,128,10.719,93.3,5970.5
GPT-2,int8,bf16,64,512,1372070400,256,5.360,186.6,11941.1
GPT-2,int8,bf16,64,512,1372070400,512,2.680,373.2,23882.2
GPT-2,int8,bf16,64,1024,2580029952,4,645.007,1.6,99.2
GPT-2,int8,bf16,64,1024,2580029952,8,322.504,3.1,198.4
GPT-2,int8,bf16,64,1024,2580029952,16,161.252,6.2,396.9
GPT-2,int8,bf16,64,1024,2580029952,32,80.626,12.4,793.8
GPT-2,int8,bf16,64,1024,2580029952,64,40.313,24.8,1587.6
GPT-2,int8,bf16,64,1024,2580029952,128,20.156,49.6,3175.2
GPT-2,int8,bf16,64,1024,2580029952,256,10.078,99.2,6350.3
GPT-2,int8,bf16,64,1024,2580029952,512,5.039,198.4,12700.6
GPT-2,int8,int8,1,128,166543872,4,41.636,24.0,24.0
GPT-2,int8,int8,1,128,166543872,8,20.818,48.0,48.0
GPT-2,int8,int8,1,128,166543872,16,10.409,96.1,96.1
GPT-2,int8,int8,1,128,166543872,32,5.204,192.1,192.1
GPT-2,int8,int8,1,128,166543872,64,2.602,384.3,384.3
GPT-2,int8,int8,1,128,166543872,128,1.301,768.6,768.6
GPT-2,int8,int8,1,128,166543872,256,0.651,1537.1,1537.1
GPT-2,int8,int8,1,128,166543872,512,0.325,3074.3,3074.3
GPT-2,int8,int8,1,256,168976896,4,42.244,23.7,23.7
GPT-2,int8,int8,1,256,168976896,8,21.122,47.3,47.3
GPT-2,int8,int8,1,256,168976896,16,10.561,94.7,94.7
GPT-2,int8,int8,1,256,168976896,32,5.281,189.4,189.4
GPT-2,int8,int8,1,256,168976896,64,2.640,378.8,378.8
GPT-2,int8,int8,1,256,168976896,128,1.320,757.5,757.5
GPT-2,int8,int8,1,256,168976896,256,0.660,1515.0,1515.0
GPT-2,int8,int8,1,256,168976896,512,0.330,3030.0,3030.0
GPT-2,int8,int8,1,512,173842944,4,43.461,23.0,23.0
GPT-2,int8,int8,1,512,173842944,8,21.730,46.0,46.0
GPT-2,int8,int8,1,512,173842944,16,10.865,92.0,92.0
GPT-2,int8,int8,1,512,173842944,32,5.433,184.1,184.1
GPT-2,int8,int8,1,512,173842944,64,2.716,368.1,368.1
GPT-2,int8,int8,1,512,173842944,128,1.358,736.3,736.3
GPT-2,int8,int8,1,512,173842944,256,0.679,1472.6,1472.6
GPT-2,int8,int8,1,512,173842944,512,0.340,2945.2,2945.2
GPT-2,int8,int8,1,1024,183575040,4,45.894,21.8,21.8
GPT-2,int8,int8,1,1024,183575040,8,22.947,43.6,43.6
GPT-2,int8,int8,1,1024,183575040,16,11.473,87.2,87.2
GPT-2,int8,int8,1,1024,183575040,32,5.737,174.3,174.3
GPT-2,int8,int8,1,1024,183575040,64,2.868,348.6,348.6
GPT-2,int8,int8,1,1024,183575040,128,1.434,697.3,697.3
GPT-2,int8,int8,1,1024,183575040,256,0.717,1394.5,1394.5
GPT-2,int8,int8,1,1024,183575040,512,0.359,2789.1,2789.1
GPT-2,int8,int8,4,128,173842944,4,43.461,23.0,92.0
GPT-2,int8,int8,4,128,173842944,8,21.730,46.0,184.1
GPT-2,int8,int8,4,128,173842944,16,10.865,92.0,368.1
GPT-2,int8,int8,4,128,173842944,32,5.433,184.1,736.3
GPT-2,int8,int8,4,128,173842944,64,2.716,368.1,1472.6
GPT-2,int8,int8,4,128,173842944,128,1.358,736.3,2945.2
GPT-2,int8,int8,4,128,173842944,256,0.679,1472.6,5890.4
GPT-2,int8,int8,4,128,173842944,512,0.340,2945.2,11780.7
GPT-2,int8,int8,4,256,183575040,4,45.894,21.8,87.2
GPT-2,int8,int8,4,256,183575040,8,22.947,43.6,174.3
GPT-2,int8,int8,4,256,183575040,16,11.473,87.2,348.6
GPT-2,int8,int8,4,256,183575040,32,5.737,174.3,697.3
GPT-2,int8,int8,4,256,183575040,64,2.868,348.6,1394.5
GPT-2,int8,int8,4,256,183575040,128,1.434,697.3,2789.1
GPT-2,int8,int8,4,256,183575040,256,0.717,1394.5,5578.1
GPT-2,int8,int8,4,256,183575040,512,0.359,2789.1,11156.2
GPT-2,int8,int8,4,512,203039232,4,50.760,19.7,78.8
GPT-2,int8,int8,4,512,203039232,8,25.380,39.4,157.6
GPT-2,int8,int8,4,512,203039232,16,12.690,78.8,315.2
GPT-2,int8,int8,4,512,203039232,32,6.345,157.6,630.4
GPT-2,int8,int8,4,512,203039232,64,3.172,315.2,1260.8
GPT-2,int8,int8,4,512,203039232,128,1.586,630.4,2521.7
GPT-2,int8,int8,4,512,203039232,256,0.793,1260.8,5043.4
GPT-2,int8,int8,4,512,203039232,512,0.397,2521.7,10086.7
GPT-2,int8,int8,4,1024,241967616,4,60.492,16.5,66.1
GPT-2,int8,int8,4,1024,241967616,8,30.246,33.1,132.2
GPT-2,int8,int8,4,1024,241967616,16,15.123,66.1,264.5
GPT-2,int8,int8,4,1024,241967616,32,7.561,132.2,529.0
GPT-2,int8,int8,4,1024,241967616,64,3.781,264.5,1058.0
GPT-2,int8,int8,4,1024,241967616,128,1.890,529.0,2116.0
GPT-2,int8,int8,4,1024,241967616,256,0.945,1058.0,4232.0
GPT-2,int8,int8,4,1024,241967616,512,0.473,2116.0,8463.9
GPT-2,int8,int8,16,128,203039232,4,50.760,19.7,315.2
GPT-2,int8,int8,16,128,203039232,8,25.380,39.4,630.4
GPT-2,int8,int8,16,128,203039232,16,12.690,78.8,1260.8
GPT-2,int8,int8,16,128,203039232,32,6.345,157.6,2521.7
GPT-2,int8,int8,16,128,203039232,64,3.172,315.2,5043.4
GPT-2,int8,int8,16,128,203039232,128,1.586,630.4,10086.7
GPT-2,int8,int8,16,128,203039232,256,0.793,1260.8,20173.4
GPT-2,int8,int8,16,128,203039232,512,0.397,2521.7,40346.9
GPT-2,int8,int8,16,256,241967616,4,60.492,16.5,264.5
GPT-2,int8,int8,16,256,241967616,8,30.246,33.1,529.0
GPT-2,int8,int8,16,256,241967616,16,15.123,66.1,1058.0
GPT-2,int8,int8,16,256,241967616,32,7.561,132.2,2116.0
GPT-2,int8,int8,16,256,241967616,64,3.781,264.5,4232.0
GPT-2,int8,int8,16,256,241967616,128,1.890,529.0,8463.9
GPT-2,int8,int8,16,256,241967616,256,0.945,1058.0,16927.9
GPT-2,int8,int8,16,256,241967616,512,0.473,2116.0,33855.8
GPT-2,int8,int8,16,512,319824384,4,79.956,12.5,200.1
GPT-2,int8,int8,16,512,319824384,8,39.978,25.0,400.2
GPT-2,int8,int8,16,512,319824384,16,19.989,50.0,800.4
GPT-2,int8,int8,16,512,319824384,32,9.995,100.1,1600.9
GPT-2,int8,int8,16,512,319824384,64,4.997,200.1,3201.8
GPT-2,int8,int8,16,512,319824384,128,2.499,400.2,6403.5
GPT-2,int8,int8,16,512,319824384,256,1.249,800.4,12807.0
GPT-2,int8,int8,16,512,319824384,512,0.625,1600.9,25614.1
GPT-2,int8,int8,16,1024,475537920,4,118.884,8.4,134.6
GPT-2,int8,int8,16,1024,475537920,8,59.442,16.8,269.2
GPT-2,int8,int8,16,1024,475537920,16,29.721,33.6,538.3
GPT-2,int8,int8,16,1024,475537920,32,14.861,67.3,1076.7
GPT-2,int8,int8,16,1024,475537920,64,7.430,134.6,2153.4
GPT-2,int8,int8,16,1024,475537920,128,3.715,269.2,4306.7
GPT-2,int8,int8,16,1024,475537920,256,1.858,538.3,8613.4
GPT-2,int8,int8,16,1024,475537920,512,0.929,1076.7,17226.8
GPT-2,int8,int8,64,128,319824384,4,79.956,12.5,800.4
GPT-2,int8,int8,64,128,319824384,8,39.978,25.0,1600.9
GPT-2,int8,int8,64,128,319824384,16,19.989,50.0,3201.8
GPT-2,int8,int8,64,128,319824384,32,9.995,100.1,6403.5
GPT-2,int8,int8,64,128,319824384,64,4.997,200.1,12807.0
GPT-2,int8,int8,64,128,319824384,128,2.499,400.2,25614.1
GPT-2,int8,int8,64,128,319824384,256,1.249,800.4,51228.1
GPT-2,int8,int8,64,128,319824384,512,0.625,1600.9,102456.2
GPT-2,int8,int8,64,256,475537920,4,118.884,8.4,538.3
GPT-2,int8,int8,64,256,475537920,8,59.442,16.8,1076.7
GPT-2,int8,int8,64,256,475537920,16,29.721,33.6,2153.4
GPT-2,int8,int8,64,256,475537920,32,14.861,67.3,4306.7
GPT-2,int8,int8,64,256,475537920,64,7.430,134.6,8613.4
GPT-2,int8,int8,64,256,475537920,128,3.715,269.2,17226.8
GPT-2,int8,int8,64,256,475537920,256,1.858,538.3,34453.6
GPT-2,int8,int8,64,256,475537920,512,0.929,1076.7,68907.2
GPT-2,int8,int8,64,512,786964992,4,196.741,5.1,325.3
GPT-2,int8,int8,64,512,786964992,8,98.371,10.2,650.6
GPT-2,int8,int8,64,512,786964992,16,49.185,20.3,1301.2
GPT-2,int8,int8,64,512,786964992,32,24.593,40.7,2602.4
GPT-2,int8,int8,64,512,786964992,64,12.296,81.3,5204.8
GPT-2,int8,int8,64,512,786964992,128,6.148,162.7,10409.6
GPT-2,int8,int8,64,512,786964992,256,3.074,325.3,20819.2
GPT-2,int8,int8,64,512,786964992,512,1.537,650.6,41638.4
GPT-2,int8,int8,64,1024,1409819136,4,352.455,2.8,181.6
GPT-2,int8,int8,64,1024,1409819136,8,176.227,5.7,363.2
GPT-2,int8,int8,64,1024,1409819136,16,88.114,11.3,726.3
GPT-2,int8,int8,64,1024,1409819136,32,44.057,22.7,1452.7
GPT-2,int8,int8,64,1024,1409819136,64,22.028,45.4,2905.3
GPT-2,int8,int8,64,1024,1409819136,128,11.014,90.8,5810.7
GPT-2,int8,int8,64,1024,1409819136,256,5.507,181.6,11621.3
GPT-2,int8,int8,64,1024,1409819136,512,2.754,363.2,23242.7
GPT-2,int8,int4,1,128,165364224,4,41.341,24.2,24.2
GPT-2,int8,int4,1,128,165364224,8,20.671,48.4,48.4
GPT-2,int8,int4,1,128,165364224,16,10.335,96.8,96.8
GPT-2,int8,int4,1,128,165364224,32,5.168,193.5,193.5
GPT-2,int8,int4,1,128,165364224,64,2.584,387.0,387.0
GPT-2,int8,int4,1,128,165364224,128,1.292,774.0,774.0
GPT-2,int8,int4,1,128,165364224,256,0.646,1548.1,1548.1
GPT-2,int8,int4,1,128,165364224,512,0.323,3096.2,3096.2
GPT-2,int8,int4,1,256,166617600,4,41.654,24.0,24.0
GPT-2,int8,int4,1,256,166617600,8,20.827,48.0,48.0
GPT-2,int8,int4,1,256,166617600,16,10.414,96.0,96.0
GPT-2,int8,int4,1,256,166617600,32,5.207,192.1,192.1
GPT-2,int8,int4,1,256,166617600,64,2.603,384.1,384.1
GPT-2,int8,int4,1,256,166617600,128,1.302,768.2,768.2
GPT-2,int8,int4,1,256,166617600,256,0.651,1536.5,1536.5
GPT-2,int8,int4,1,256,166617600,512,0.325,3072.9,3072.9
GPT-2,int8,int4,1,512,169124352,4,42.281,23.7,23.7
GPT-2,int8,int4,1,512,169124352,8,21.141,47.3,47.3
GPT-2,int8,int4,1,512,169124352,16,10.570,94.6,94.6
GPT-2,int8,int4,1,512,169124352,32,5.285,189.2,189.2
GPT-2,int8,int4,1,512,169124352,64,2.643,378.4,378.4
GPT-2,int8,int4,1,512,169124352,128,1.321,756.8,756.8
GPT-2,int8,int4,1,512,169124352,256,0.661,1513.7,1513.7
GPT-2,int8,int4,1,512,169124352,512,0.330,3027.4,3027.4
GPT-2,int8,int4,1,1024,174137856,4,43.534,23.0,23.0
GPT-2,int8,int4,1,1024,174137856,8,21.767,45.9,45.9
GPT-2,int8,int4,1,1024,174137856,16,10.884,91.9,91.9
GPT-2,int8,int4,1,1024,174137856,32,5.442,183.8,183.8
GPT-2,int8,int4,1,1024,174137856,64,2.721,367.5,367.5
GPT-2,int8,int4,1,1024,174137856,128,1.360,735.0,735.0
GPT-2,int8,int4,1,1024,174137856,256,0.680,1470.1,1470.1
GPT-2,int8,int4,1,1024,174137856,512,0.340,2940.2,2940.2
GPT-2,int8,int4,4,128,169124352,4,42.281,23.7,94.6
GPT-2,int8,int4,4,128,169124352,8,21.141,47.3,189.2
GPT-2,int8,int4,4,128,169124352,16,10.570,94.6,378.4
GPT-2,int8,int4,4,128,169124352,32,5.285,189.2,756.8
GPT-2,int8,int4,4,128,169124352,64,2.643,378.4,1513.7
GPT-2,int8,int4,4,128,169124352,128,1.321,756.8,3027.4
GPT-2,int8,int4,4,128,169124352,256,0.661,1513.7,6054.7
GPT-2,int8,int4,4,128,169124352,512,0.330,3027.4,12109.4
GPT-2,int8,int4,4,256,174137856,4,43.534,23.0,91.9
GPT-2,int8,int4,4,256,174137856,8,21.767,45.9,183.8
GPT-2,int8,int4,4,256,174137856,16,10.884,91.9,367.5
GPT-2,int8,int4,4,256,174137856,32,5.442,183.8,735.0
GPT-2,int8,int4,4,256,174137856,64,2.721,367.5,1470.1
GPT-2,int8,int4,4,256,174137856,128,1.360,735.0,2940.2
GPT-2,int8,int4,4,256,174137856,256,0.680,1470.1,5880.4
GPT-2,int8,int4,4,256,174137856,512,0.340,2940.2,11760.8
GPT-2,int8,int4,4,512,184164864,4,46.041,21.7,86.9
GPT-2,int8,int4,4,512,184164864,8,23.021,43.4,173.8
GPT-2,int8,int4,4,512,184164864,16,11.510,86.9,347.5
GPT-2,int8,int4,4,512,184164864,32,5.755,173.8,695.0
GPT-2,int8,int4,4,512,184164864,64,2.878,347.5,1390.1
GPT-2,int8,int4,4,512,184164864,128,1.439,695.0,2780.1
GPT-2,int8,int4,4,512,184164864,256,0.719,1390.1,5560.2
GPT-2,int8,int4,4,512,184164864,512,0.360,2780.1,11120.5
GPT-2,int8,int4,4,1024,204218880,4,51.055,19.6,78.3
GPT-2,int8,int4,4,1024,204218880,8,25.527,39.2,156.7
GPT-2,int8,int4,4,1024,204218880,16,12.764,78.3,313.4
GPT-2,int8,int4,4,1024,204218880,32,6.382,156.7,626.8
GPT-2,int8,int4,4,1024,204218880,64,3.191,313.4,1253.6
GPT-2,int8,int4,4,1024,204218880,128,1.595,626.8,2507.1
GPT-2,int8,int4,4,1024,204218880,256,0.798,1253.6,5014.2
GPT-2,int8,int4,4,1024,204218880,512,0.399,2507.1,10028.5
GPT-2,int8,int4,16,128,184164864,4,46.041,21.7,347.5
GPT-2,int8,int4,16,128,184164864,8,23.021,43.4,695.0
GPT-2,int8,int4,16,128,184164864,16,11.510,86.9,1390.1
GPT-2,int8,int4,16,128,184164864,32,5.755,173.8,2780.1
GPT-2,int8,int4,16,128,184164864,64,2.878,347.5,5560.2
GPT-2,int8,int4,16,128,184164864,128,1.439,695.0,11120.5
GPT-2,int8,int4,16,128,184164864,256,0.719,1390.1,22240.9
GPT-2,int8,int4,16,128,184164864,512,0.360,2780.1,44481.9
GPT-2,int8,int4,16,256,204218880,4,51.055,19.6,313.4
GPT-2,int8,int4,16,256,204218880,8,25.527,39.2,626.8
GPT-2,int8,int4,16,256,204218880,16,12.764,78.3,1253.6
GPT-2,int8,int4,16,256,204218880,32,6.382,156.7,2507.1
GPT-2,int8,int4,16,256,204218880,64,3.191,313.4,5014.2
GPT-2,int8,int4,16,256,204218880,128,1.595,626.8,10028.5
GPT-2,int8,int4,16,256,204218880,256,0.798,1253.6,20056.9
GPT-2,int8,int4,16,256,204218880,512,0.399,2507.1,40113.8
GPT-2,int8,int4,16,512,244326912,4,61.082,16.4,261.9
GPT-2,int8,int4,16,512,244326912,8,30.541,32.7,523.9
GPT-2,int8,int4,16,512,244326912,16,15.270,65.5,1047.8
GPT-2,int8,int4,16,512,244326912,32,7.635,131.0,2095.6
GPT-2,int8,int4,16,512,244326912,64,3.818,261.9,4191.1
GPT-2,int8,int4,16,512,244326912,128,1.909,523.9,8382.2
GPT-2,int8,int4,16,512,244326912,256,0.954,1047.8,16764.4
GPT-2,int8,int4,16,512,244326912,512,0.477,2095.6,33528.8
GPT-2,int8,int4,16,1024,324542976,4,81.136,12.3,197.2
GPT-2,int8,int4,16,1024,324542976,8,40.568,24.7,394.4
GPT-2,int8,int4,16,1024,324542976,16,20.284,49.3,788.8
GPT-2,int8,int4,16,1024,324542976,32,10.142,98.6,1577.6
GPT-2,int8,int4,16,1024,324542976,64,5.071,197.2,3155.2
GPT-2,int8,int4,16,1024,324542976,128,2.535,394.4,6310.4
GPT-2,int8,int4,16,1024,324542976,256,1.268,788.8,12620.8
GPT-2,int8,int4,16,1024,324542976,512,0.634,1577.6,25241.6
GPT-2,int8,int4,64,128,244326912,4,61.082,16.4,1047.8
GPT-2,int8,int4,64,128,244326912,8,30.541,32.7,2095.6
GPT-2,int8,int4,64,128,244326912,16,15.270,65.5,4191.1
GPT-2,int8,int4,64,128,244326912,32,7.635,131.0,8382.2
GPT-2,int8,int4,64,128,244326912,64,3.818,261.9,16764.4
GPT-2,int8,int4,64,128,244326912,128,1.909,523.9,33528.8
GPT-2,int8,int4,64,128,244326912,256,0.954,1047.8,67057.7
GPT-2,int8,int4,64,128,244326912,512,0.477,2095.6,134115.4
GPT-2,int8,int4,64,256,324542976,4,81.136,12.3,788.8
GPT-2,int8,int4,64,256,324542976,8,40.568,24.7,1577.6
GPT-2,int8,int4,64,256,324542976,16,20.284,49.3,3155.2
GPT-2,int8,int4,64,256,324542976,32,10.142,98.6,6310.4
GPT-2,int8,int4,64,256,324542976,64,5.071,197.2,12620.8
GPT-2,int8,int4,64,256,324542976,128,2.535,394.4,25241.6
GPT-2,int8,int4,64,256,324542976,256,1.268,788.8,50483.3
GPT-2,int8,int4,64,256,324542976,512,0.634,1577.6,100966.6
GPT-2,int8,int4,64,512,484975104,4,121.244,8.2,527.9
GPT-2,int8,int4,64,512,484975104,8,60.622,16.5,1055.7
GPT-2,int8,int4,64,512,484975104,16,30.311,33.0,2111.4
GPT-2,int8,int4,64,512,484975104,32,15.155,66.0,4222.9
GPT-2,int8,int4,64,512,484975104,64,7.578,132.0,8445.8
GPT-2,int8,int4,64,512,484975104,128,3.789,263.9,16891.6
GPT-2,int8,int4,64,512,484975104,256,1.894,527.9,33783.2
GPT-2,int8,int4,64,512,484975104,512,0.947,1055.7,67566.4
GPT-2,int8,int4,64,1024,805839360,4,201.460,5.0,317.7
GPT-2,int8,int4,64,1024,805839360,8,100.730,9.9,635.4
GPT-2,int8,int4,64,1024,805839360,16,50.365,19.9,1270.7
GPT-2,int8,int4,64,1024,805839360,32,25.182,39.7,2541.4
GPT-2,int8,int4,64,1024,805839360,64,12.591,79.4,5082.9
GPT-2,int8,int4,64,1024,805839360,128,6.296,158.8,10165.8
GPT-2,int8,int4,64,1024,805839360,256,3.148,317.7,20331.6
GPT-2,int8,int4,64,1024,805839360,512,1.574,635.4,40663.2
GPT-2,int4,bf16,1,128,127523328,4,31.881,31.4,31.4
GPT-2,int4,bf16,1,128,127523328,8,15.940,62.7,62.7
GPT-2,int4,bf16,1,128,127523328,16,7.970,125.5,125.5
GPT-2,int4,bf16,1,128,127523328,32,3.985,250.9,250.9
GPT-2,int4,bf16,1,128,127523328,64,1.993,501.9,501.9
GPT-2,int4,bf16,1,128,127523328,128,0.996,1003.7,1003.7
GPT-2,int4,bf16,1,128,127523328,256,0.498,2007.5,2007.5
GPT-2,int4,bf16,1,128,127523328,512,0.249,4015.0,4015.0
GPT-2,int4,bf16,1,256,132241920,4,33.060,30.2,30.2
GPT-2,int4,bf16,1,256,132241920,8,16.530,60.5,60.5
GPT-2,int4,bf16,1,256,132241920,16,8.265,121.0,121.0
GPT-2,int4,bf16,1,256,132241920,32,4.133,242.0,242.0
GPT-2,int4,bf16,1,256,132241920,64,2.066,484.0,484.0
GPT-2,int4,bf16,1,256,132241920,128,1.033,967.9,967.9
GPT-2,int4,bf16,1,256,132241920,256,0.517,1935.8,1935.8
GPT-2,int4,bf16,1,256,132241920,512,0.258,3871.7,3871.7
GPT-2,int4,bf16,1,512,141679104,4,35.420,28.2,28.2
GPT-2,int4,bf16,1,512,141679104,8,17.710,56.5,56.5
GPT-2,int4,bf16,1,512,141679104,16,8.855,112.9,112.9
GPT-2,int4,bf16,1,512,141679104,32,4.427,225.9,225.9
GPT-2,int4,bf16,1,512,141679104,64,2.214,451.7,451.7
GPT-2,int4,bf16,1,512,141679104,128,1.107,903.5,903.5
GPT-2,int4,bf16,1,512,141679104,256,0.553,1806.9,1806.9
GPT-2,int4,bf16,1,512,141679104,512,0.277,3613.8,3613.8
GPT-2,int4,bf16,1,1024,160553472,4,40.138,24.9,24.9
GPT-2,int4,bf16,1,1024,160553472,8,20.069,49.8,49.8
GPT-2,int4,bf16,1,1024,160553472,16,10.035,99.7,99.7
GPT-2,int4,bf16,1,1024,160553472,32,5.017,199.3,199.3
GPT-2,int4,bf16,1,1024,160553472,64,2.509,398.6,398.6
GPT-2,int4,bf16,1,1024,160553472,128,1.254,797.2,797.2
GPT-2,int4,bf16,1,1024,160553472,256,0.627,1594.5,1594.5
GPT-2,int4,bf16,1,1024,160553472,512,0.314,3189.0,3189.0
GPT-2,int4,bf16,4,128,141679104,4,35.420,28.2,112.9
GPT-2,int4,bf16,4,128,141679104,8,17.710,56.5,225.9
GPT-2,int4,bf16,4,128,141679104,16,8.855,112.9,451.7
GPT-2,int4,bf16,4,128,141679104,32,4.427,225.9,903.5
GPT-2,int4,bf16,4,128,141679104,64,2.214,451.7,1806.9
GPT-2,int4,bf16,4,128,141679104,128,1.107,903.5,3613.8
GPT-2,int4,bf16,4,128,141679104,256,0.553,1806.9,7227.6
GPT-2,int4,bf16,4,128,141679104,512,0.277,3613.8,14455.2
GPT-2,int4,bf16,4,256,160553472,4,40.138,24.9,99.7
GPT-2,int4,bf16,4,256,160553472,8,20.069,49.8,199.3
GPT-2,int4,bf16,4,256,160553472,16,10.035,99.7,398.6
GPT-2,int4,bf16,4,256,160553472,32,5.017,199.3,797.2
GPT-2,int4,bf16,4,256,160553472,64,2.509,398.6,1594.5
GPT-2,int4,bf16,4,256,160553472,128,1.254,797.2,3189.0
GPT-2,int4,bf16,4,256,160553472,256,0.627,1594.5,6377.9
GPT-2,int4,bf16,4,256,160553472,512,0.314,3189.0,12755.9
GPT-2,int4,bf16,4,512,198302208,4,49.576,20.2,80.7
GPT-2,int4,bf16,4,512,198302208,8,24.788,40.3,161.4
GPT-2,int4,bf16,4,512,198302208,16,12.394,80.7,322.7
GPT-2,int4,bf16,4,512,198302208,32,6.197,161.4,645.5
GPT-2,int4,bf16,4,512,198302208,64,3.098,322.7,1291.0
GPT-2,int4,bf16,4,512,198302208,128,1.549,645.5,2581.9
GPT-2,int4,bf16,4,512,198302208,256,0.775,1291.0,5163.8
GPT-2,int4,bf16,4,512,198302208,512,0.387,2581.9,10327.7
GPT-2,int4,bf16,4,1024,273799680,4,68.450,14.6,58.4
GPT-2,int4,bf16,4,1024,273799680,8,34.225,29.2,116.9
GPT-2,int4,bf16,4,1024,273799680,16,17.112,58.4,233.7
GPT-2,int4,bf16,4,1024,273799680,32,8.556,116.9,467.5
GPT-2,int4,bf16,4,1024,273799680,64,4.278,233.7,935.0
GPT-2,int4,bf16,4,1024,273799680,128,2.139,467.5,1870.0
GPT-2,int4,bf16,4,1024,273799680,256,1.070,935.0,3740.0
GPT-2,int4,bf16,4,1024,273799680,512,0.535,1870.0,7479.9
GPT-2,int4,bf16,16,128,198302208,4,49.576,20.2,322.7
GPT-2,int4,bf16,16,128,198302208,8,24.788,40.3,645.5
GPT-2,int4,bf16,16,128,198302208,16,12.394,80.7,1291.0
GPT-2,int4,bf16,16,128,198302208,32,6.197,161.4,2581.9
GPT-2,int4,bf16,16,128,198302208,64,3.098,322.7,5163.8
GPT-2,int4,bf16,16,128,198302208,128,1.549,645.5,10327.7
GPT-2,int4,bf16,16,128,198302208,256,0.775,1291.0,20655.3
GPT-2,int4,bf16,16,128,198302208,512,0.387,2581.9,41310.7
GPT-2,int4,bf16,16,256,273799680,4,68.450,14.6,233.7
GPT-2,int4,bf16,16,256,273799680,8,34.225,29.2,467.5
GPT-2,int4,bf16,16,256,273799680,16,17.112,58.4,935.0
GPT-2,int4,bf16,16,256,273799680,32,8.556,116.9,1870.0
GPT-2,int4,bf16,16,256,273799680,64,4.278,233.7,3740.0
GPT-2,int4,bf16,16,256,273799680,128,2.139,467.5,7479.9
GPT-2,int4,bf16,16,256,273799680,256,1.070,935.0,14959.8
GPT-2,int4,bf16,16,256,273799680,512,0.535,1870.0,29919.7
GPT-2,int4,bf16,16,512,424794624,4,106.199,9.4,150.7
GPT-2,int4,bf16,16,512,424794624,8,53.099,18.8,301.3
GPT-2,int4,bf16,16,512,424794624,16,26.550,37.7,602.6
GPT-2,int4,bf16,16,512,424794624,32,13.275,75.3,1205.3
GPT-2,int4,bf16,16,512,424794624,64,6.637,150.7,2410.6
GPT-2,int4,bf16,16,512,424794624,128,3.319,301.3,4821.2
GPT-2,int4,bf16,16,512,424794624,256,1.659,602.6,9642.3
GPT-2,int4,bf16,16,512,424794624,512,0.830,1205.3,19284.6
GPT-2,int4,bf16,16,1024,726784512,4,181.696,5.5,88.1
GPT-2,int4,bf16,16,1024,726784512,8,90.848,11.0,176.1
GPT-2,int4,bf16,16,1024,726784512,16,45.424,22.0,352.2
GPT-2,int4,bf16,16,1024,726784512,32,22.712,44.0,704.5
GPT-2,int4,bf16,16,1024,726784512,64,11.356,88.1,1408.9
GPT-2,int4,bf16,16,1024,726784512,128,5.678,176.1,2817.9
GPT-2,int4,bf16,16,1024,726784512,256,2.839,352.2,5635.8
GPT-2,int4,bf16,16,1024,726784512,512,1.420,704.5,11271.6
GPT-2,int4,bf16,64,128,424794624,4,106.199,9.4,602.6
GPT-2,int4,bf16,64,128,424794624,8,53.099,18.8,1205.3
GPT-2,int4,bf16,64,128,424794624,16,26.550,37.7,2410.6
GPT-2,int4,bf16,64,128,424794624,32,13.275,75.3,4821.2
GPT-2,int4,bf16,64,128,424794624,64,6.637,150.7,9642.3
GPT-2,int4,bf16,64,128,424794624,128,3.319,301.3,19284.6
GPT-2,int4,bf16,64,128,424794624,256,1.659,602.6,38569.2
GPT-2,int4,bf16,64,128,424794624,512,0.830,1205.3,77138.5
GPT-2,int4,bf16,64,256,726784512,4,181.696,5.5,352.2
GPT-2,int4,bf16,64,256,726784512,8,90.848,11.0,704.5
GPT-2,int4,bf16,64,256,726784512,16,45.424,22.0,1408.9
GPT-2,int4,bf16,64,256,726784512,32,22.712,44.0,2817.9
GPT-2,int4,bf16,64,256,726784512,64,11.356,88.1,5635.8
GPT-2,int4,bf16,64,256,726784512,128,5.678,176.1,11271.6
GPT-2,int4,bf16,64,256,726784512,256,2.839,352.2,22543.1
GPT-2,int4,bf16,64,256,726784512,512,1.420,704.5,45086.3
GPT-2,int4,bf16,64,512,1330764288,4,332.691,3.0,192.4
GPT-2,int4,bf16,64,512,1330764288,8,166.346,6.0,384.7
GPT-2,int4,bf16,64,512,1330764288,16,83.173,12.0,769.5
GPT-2,int4,bf16,64,512,1330764288,32,41.586,24.0,1539.0
GPT-2,int4,bf16,64,512,1330764288,64,20.793,48.1,3077.9
GPT-2,int4,bf16,64,512,1330764288,128,10.397,96.2,6155.9
GPT-2,int4,bf16,64,512,1330764288,256,5.198,192.4,12311.7
GPT-2,int4,bf16,64,512,1330764288,512,2.599,384.7,24623.4
GPT-2,int4,bf16,64,1024,2538723840,4,634.681,1.6,100.8
GPT-2,int4,bf16,64,1024,2538723840,8,317.340,3.2,201.7
GPT-2,int4,bf16,64,1024,2538723840,16,158.670,6.3,403.4
GPT-2,int4,bf16,64,1024,2538723840,32,79.335,12.6,806.7
GPT-2,int4,bf16,64,1024,2538723840,64,39.668,25.2,1613.4
GPT-2,int4,bf16,64,1024,2538723840,128,19.834,50.4,3226.8
GPT-2,int4,bf16,64,1024,2538723840,256,9.917,100.8,6453.6
GPT-2,int4,bf16,64,1024,2538723840,512,4.958,201.7,12907.3
GPT-2,int4,int8,1,128,125237760,4,31.309,31.9,31.9
GPT-2,int4,int8,1,128,125237760,8,15.655,63.9,63.9
GPT-2,int4,int8,1,128,125237760,16,7.827,127.8,127.8
GPT-2,int4,int8,1,128,125237760,32,3.914,255.5,255.5
GPT-2,int4,int8,1,128,125237760,64,1.957,511.0,511.0
GPT-2,int4,int8,1,128,125237760,128,0.978,1022.1,1022.1
GPT-2,int4,int8,1,128,125237760,256,0.489,2044.1,2044.1
GPT-2,int4,int8,1,128,125237760,512,0.245,4088.2,4088.2
GPT-2,int4,int8,1,256,127670784,4,31.918,31.3,31.3
GPT-2,int4,int8,1,256,127670784,8,15.959,62.7,62.7
GPT-2,int4,int8,1,256,127670784,16,7.979,125.3,125.3
GPT-2,int4,int8,1,256,127670784,32,3.990,250.6,250.6
GPT-2,int4,int8,1,256,127670784,64,1.995,501.3,501.3
GPT-2,int4,int8,1,256,127670784,128,0.997,1002.6,1002.6
GPT-2,int4,int8,1,256,127670784,256,0.499,2005.2,2005.2
GPT-2,int4,int8,1,256,127670784,512,0.249,4010.3,4010.3
GPT-2,int4,int8,1,512,132536832,4,33.134,30.2,30.2
GPT-2,int4,int8,1,512,132536832,8,16.567,60.4,60.4
GPT-2,int4,int8,1,512,132536832,16,8.284,120.7,120.7
GPT-2,int4,int8,1,512,132536832,32,4.142,241.4,241.4
GPT-2,int4,int8,1,512,132536832,64,2.071,482.9,482.9
GPT-2,int4,int8,1,512,132536832,128,1.035,965.8,965.8
GPT-2,int4,int8,1,512,132536832,256,0.518,1931.5,1931.5
GPT-2,int4,int8,1,512,132536832,512,0.259,3863.1,3863.1
GPT-2,int4,int8,1,1024,142268928,4,35.567,28.1,28.1
GPT-2,int4,int8,1,1024,142268928,8,17.784,56.2,56.2
GPT-2,int4,int8,1,1024,142268928,16,8.892,112.5,112.5
GPT-2,int4,int8,1,1024,142268928,32,4.446,224.9,224.9
GPT-2,int4,int8,1,1024,142268928,64,2.223,449.9,449.9
GPT-2,int4,int8,1,1024,142268928,128,1.111,899.7,899.7
GPT-2,int4,int8,1,1024,142268928,256,0.556,1799.4,1799.4
GPT-2,int4,int8,1,1024,142268928,512,0.278,3598.8,3598.8
GPT-2,int4,int8,4,128,132536832,4,33.134,30.2,120.7
GPT-2,int4,int8,4,128,132536832,8,16.567,60.4,241.4
GPT-2,int4,int8,4,128,132536832,16,8.284,120.7,482.9
GPT-2,int4,int8,4,128,132536832,32,4.142,241.4,965.8
GPT-2,int4,int8,4,128,132536832,64,2.071,482.9,1931.5
GPT-2,int4,int8,4,128,132536832,128,1.035,965.8,3863.1
GPT-2,int4,int8,4,128,132536832,256,0.518,1931.5,7726.2
GPT-2,int4,int8,4,128,132536832,512,0.259,3863.1,15452.3
GPT-2,int4,int8,4,256,142268928,4,35.567,28.1,112.5
GPT-2,int4,int8,4,256,142268928,8,17.784,56.2,224.9
GPT-2,int4,int8,4,256,142268928,16,8.892,112.5,449.9
GPT-2,int4,int8,4,256,142268928,32,4.446,224.9,899.7
GPT-2,int4,int8,4,256,142268928,64,2.223,449.9,1799.4
GPT-2,int4,int8,4,256,142268928,128,1.111,899.7,3598.8
GPT-2,int4,int8,4,256,142268928,256,0.556,1799.4,7197.6
GPT-2,int4,int8,4,256,142268928,512,0.278,3598.8,14395.3
GPT-2,int4,int8,4,512,161733120,4,40.433,24.7,98.9
GPT-2,int4,int8,4,512,161733120,8,20.217,49.5,197.9
GPT-2,int4,int8,4,512,161733120,16,10.108,98.9,395.7
GPT-2,int4,int8,4,512,161733120,32,5.054,197.9,791.4
GPT-2,int4,int8,4,512,161733120,64,2.527,395.7,1582.9
GPT-2,int4,int8,4,512,161733120,128,1.264,791.4,3165.7
GPT-2,int4,int8,4,512,161733120,256,0.632,1582.9,6331.4
GPT-2,int4,int8,4,512,161733120,512,0.316,3165.7,12662.8
GPT-2,int4,int8,4,1024,200661504,4,50.165,19.9,79.7
GPT-2,int4,int8,4,1024,200661504,8,25.083,39.9,159.5
GPT-2,int4,int8,4,1024,200661504,16,12.541,79.7,318.9
GPT-2,int4,int8,4,1024,200661504,32,6.271,159.5,637.9
GPT-2,int4,int8,4,1024,200661504,64,3.135,318.9,1275.8
GPT-2,int4,int8,4,1024,200661504,128,1.568,637.9,2551.6
GPT-2,int4,int8,4,1024,200661504,256,0.784,1275.8,5103.1
GPT-2,int4,int8,4,1024,200661504,512,0.392,2551.6,10206.2
GPT-2,int4,int8,16,128,161733120,4,40.433,24.7,395.7
GPT-2,int4,int8,16,128,161733120,8,20.217,49.5,791.4
GPT-2,int4,int8,16,128,161733120,16,10.108,98.9,1582.9
GPT-2,int4,int8,16,128,161733120,32,5.054,197.9,3165.7
GPT-2,int4,int8,16,128,161733120,64,2.527,395.7,6331.4
GPT-2,int4,int8,16,128,161733120,128,1.264,791.4,12662.8
GPT-2,int4,int8,16,128,161733120,256,0.632,1582.9,25325.7
GPT-2,int4,int8,16,128,161733120,512,0.316,3165.7,50651.3
GPT-2,int4,int8,16,256,200661504,4,50.165,19.9,318.9
GPT-2,int4,int8,16,256,200661504,8,25.083,39.9,637.9
GPT-2,int4,int8,16,256,200661504,16,12.541,79.7,1275.8
GPT-2,int4,int8,16,256,200661504,32,6.271,159.5,2551.6
GPT-2,int4,int8,16,256,200661504,64,3.135,318.9,5103.1
GPT-2,int4,int8,16,256,200661504,128,1.568,637.9,10206.2
GPT-2,int4,int8,16,256,200661504,256,0.784,1275.8,20412.5
GPT-2,int4,int8,16,256,200661504,512,0.392,2551.6,40825.0
GPT-2,int4,int8,16,512,278518272,4,69.630,14.4,229.8
GPT-2,int4,int8,16,512,278518272,8,34.815,28.7,459.6
GPT-2,int4,int8,16,512,278518272,16,17.407,57.4,919.1
GPT-2,int4,int8,16,512,278518272,32,8.704,114.9,1838.3
GPT-2,int4,int8,16,512,278518272,64,4.352,229.8,3676.6
GPT-2,int4,int8,16,512,278518272,128,2.176,459.6,7353.2
GPT-2,int4,int8,16,512,278518272,256,1.088,919.1,14706.4
GPT-2,int4,int8,16,512,278518272,512,0.544,1838.3,29412.8
GPT-2,int4,int8,16,1024,434231808,4,108.558,9.2,147.4
GPT-2,int4,int8,16,1024,434231808,8,54.279,18.4,294.8
GPT-2,int4,int8,16,1024,434231808,16,27.139,36.8,589.5
GPT-2,int4,int8,16,1024,434231808,32,13.570,73.7,1179.1
GPT-2,int4,int8,16,1024,434231808,64,6.785,147.4,2358.2
GPT-2,int4,int8,16,1024,434231808,128,3.392,294.8,4716.4
GPT-2,int4,int8,16,1024,434231808,256,1.696,589.5,9432.7
GPT-2,int4,int8,16,1024,434231808,512,0.848,1179.1,18865.5
GPT-2,int4,int8,64,128,278518272,4,69.630,14.4,919.1
GPT-2,int4,int8,64,128,278518272,8,34.815,28.7,1838.3
GPT-2,int4,int8,64,128,278518272,16,17.407,57.4,3676.6
GPT-2,int4,int8,64,128,278518272,32,8.704,114.9,7353.2
GPT-2,int4,int8,64,128,278518272,64,4.352,229.8,14706.4
GPT-2,int4,int8,64,128,278518272,128,2.176,459.6,29412.8
GPT-2,int4,int8,64,128,278518272,256,1.088,919.1,58825.6
GPT-2,int4,int8,64,128,278518272,512,0.544,1838.3,117651.2
GPT-2,int4,int8,64,256,434231808,4,108.558,9.2,589.5
GPT-2,int4,int8,64,256,434231808,8,54.279,18.4,1179.1
GPT-2,int4,int8,64,256,434231808,16,27.139,36.8,2358.2
GPT-2,int4,int8,64,256,434231808,32,13.570,73.7,4716.4
GPT-2,int4,int8,64,256,434231808,64,6.785,147.4,9432.7
GPT-2,int4,int8,64,256,434231808,128,3.392,294.8,18865.5
GPT-2,int4,int8,64,256,434231808,256,1.696,589.5,37731.0
GPT-2,int4,int8,64,256,434231808,512,0.848,1179.1,75462.0
GPT-2,int4,int8,64,512,745658880,4,186.415,5.4,343.3
GPT-2,int4,int8,64,512,745658880,8,93.207,10.7,686.6
GPT-2,int4,int8,64,512,745658880,16,46.604,21.5,1373.3
GPT-2,int4,int8,64,512,745658880,32,23.302,42.9,2746.6
GPT-2,int4,int8,64,512,745658880,64,11.651,85.8,5493.1
GPT-2,int4,int8,64,512,745658880,128,5.825,171.7,10986.3
GPT-2,int4,int8,64,512,745658880,256,2.913,343.3,21972.5
GPT-2,int4,int8,64,512,745658880,512,1.456,686.6,43945.0
GPT-2,int4,int8,64,1024,1368513024,4,342.128,2.9,187.1
GPT-2,int4,int8,64,1024,1368513024,8,171.064,5.8,374.1
GPT-2,int4,int8,64,1024,1368513024,16,85.532,11.7,748.3
GPT-2,int4,int8,64,1024,1368513024,32,42.766,23.4,1496.5
GPT-2,int4,int8,64,1024,1368513024,64,21.383,46.8,2993.0
GPT-2,int4,int8,64,1024,1368513024,128,10.692,93.5,5986.1
GPT-2,int4,int8,64,1024,1368513024,256,5.346,187.1,11972.1
GPT-2,int4,int8,64,1024,1368513024,512,2.673,374.1,23944.2
GPT-2,int4,int4,1,128,124058112,4,31.015,32.2,32.2
GPT-2,int4,int4,1,128,124058112,8,15.507,64.5,64.5
GPT-2,int4,int4,1,128,124058112,16,7.754,129.0,129.0
GPT-2,int4,int4,1,128,124058112,32,3.877,257.9,257.9
GPT-2,int4,int4,1,128,124058112,64,1.938,515.9,515.9
GPT-2,int4,int4,1,128,124058112,128,0.969,1031.8,1031.8
GPT-2,int4,int4,1,128,124058112,256,0.485,2063.5,2063.5
GPT-2,int4,int4,1,128,124058112,512,0.242,4127.1,4127.1
GPT-2,int4,int4,1,256,125311488,4,31.328,31.9,31.9
GPT-2,int4,int4,1,256,125311488,8,15.664,63.8,63.8
GPT-2,int4,int4,1,256,125311488,16,7.832,127.7,127.7
GPT-2,int4,int4,1,256,125311488,32,3.916,255.4,255.4
GPT-2,int4,int4,1,256,125311488,64,1.958,510.7,510.7
GPT-2,int4,int4,1,256,125311488,128,0.979,1021.5,1021.5
GPT-2,int4,int4,1,256,125311488,256,0.489,2042.9,2042.9
GPT-2,int4,int4,1,256,125311488,512,0.245,4085.8,4085.8
GPT-2,int4,int4,1,512,127818240,4,31.955,31.3,31.3
GPT-2,int4,int4,1,512,127818240,8,15.977,62.6,62.6
GPT-2,int4,int4,1,512,127818240,16,7.989,125.2,125.2
GPT-2,int4,int4,1,512,127818240,32,3.994,250.4,250.4
GPT-2,int4,int4,1,512,127818240,64,1.997,500.7,500.7
GPT-2,int4,int4,1,512,127818240,128,0.999,1001.4,1001.4
GPT-2,int4,int4,1,512,127818240,256,0.499,2002.8,2002.8
GPT-2,int4,int4,1,512,127818240,512,0.250,4005.7,4005.7
GPT-2,int4,int4,1,1024,132831744,4,33.208,30.1,30.1
GPT-2,int4,int4,1,1024,132831744,8,16.604,60.2,60.2
GPT-2,int4,int4,1,1024,132831744,16,8.302,120.5,120.5
GPT-2,int4,int4,1,1024,132831744,32,4.151,240.9,240.9
GPT-2,int4,int4,1,1024,132831744,64,2.075,481.8,481.8
GPT-2,int4,int4,1,1024,132831744,128,1.038,963.6,963.6
GPT-2,int4,int4,1,1024,132831744,256,0.519,1927.3,1927.3
GPT-2,int4,int4,1,1024,132831744,512,0.259,3854.5,3854.5
GPT-2,int4,int4,4,128,127818240,4,31.955,31.3,125.2
GPT-2,int4,int4,4,128,127818240,8,15.977,62.6,250.4
GPT-2,int4,int4,4,128,127818240,16,7.989,125.2,500.7
GPT-2,int4,int4,4,128,127818240,32,3.994,250.4,1001.4
GPT-2,int4,int4,4,128,127818240,64,1.997,500.7,2002.8
GPT-2,int4,int4,4,128,127818240,128,0.999,1001.4,4005.7
GPT-2,int4,int4,4,128,127818240,256,0.499,2002.8,8011.4
GPT-2,int4,int4,4,128,127818240,512,0.250,4005.7,16022.8
GPT-2,int4,int4,4,256,132831744,4,33.208,30.1,120.5
GPT-2,int4,int4,4,256,132831744,8,16.604,60.2,240.9
GPT-2,int4,int4,4,256,132831744,16,8.302,120.5,481.8
GPT-2,int4,int4,4,256,132831744,32,4.151,240.9,963.6
GPT-2,int4,int4,4,256,132831744,64,2.075,481.8,1927.3
GPT-2,int4,int4,4,256,132831744,128,1.038,963.6,3854.5
GPT-2,int4,int4,4,256,132831744,256,0.519,1927.3,7709.0
GPT-2,int4,int4,4,256,132831744,512,0.259,3854.5,15418.0
GPT-2,int4,int4,4,512,142858752,4,35.715,28.0,112.0
GPT-2,int4,int4,4,512,142858752,8,17.857,56.0,224.0
GPT-2,int4,int4,4,512,142858752,16,8.929,112.0,448.0
GPT-2,int4,int4,4,512,142858752,32,4.464,224.0,896.0
GPT-2,int4,int4,4,512,142858752,64,2.232,448.0,1792.0
GPT-2,int4,int4,4,512,142858752,128,1.116,896.0,3584.0
GPT-2,int4,int4,4,512,142858752,256,0.558,1792.0,7167.9
GPT-2,int4,int4,4,512,142858752,512,0.279,3584.0,14335.8
GPT-2,int4,int4,4,1024,162912768,4,40.728,24.6,98.2
GPT-2,int4,int4,4,1024,162912768,8,20.364,49.1,196.4
GPT-2,int4,int4,4,1024,162912768,16,10.182,98.2,392.8
GPT-2,int4,int4,4,1024,162912768,32,5.091,196.4,785.7
GPT-2,int4,int4,4,1024,162912768,64,2.546,392.8,1571.4
GPT-2,int4,int4,4,1024,162912768,128,1.273,785.7,3142.8
GPT-2,int4,int4,4,1024,162912768,256,0.636,1571.4,6285.6
GPT-2,int4,int4,4,1024,162912768,512,0.318,3142.8,12571.1
GPT-2,int4,int4,16,128,142858752,4,35.715,28.0,448.0
GPT-2,int4,int4,16,128,142858752,8,17.857,56.0,896.0
GPT-2,int4,int4,16,128,142858752,16,8.929,112.0,1792.0
GPT-2,int4,int4,16,128,142858752,32,4.464,224.0,3584.0
GPT-2,int4,int4,16,128,142858752,64,2.232,448.0,7167.9
GPT-2,int4,int4,16,128,142858752,128,1.116,896.0,14335.8
GPT-2,int4,int4,16,128,142858752,256,0.558,1792.0,28671.7
GPT-2,int4,int4,16,128,142858752,512,0.279,3584.0,57343.4
GPT-2,int4,int4,16,256,162912768,4,40.728,24.6,392.8
GPT-2,int4,int4,16,256,162912768,8,20.364,49.1,785.7
GPT-2,int4,int4,16,256,162912768,16,10.182,98.2,1571.4
GPT-2,int4,int4,16,256,162912768,32,5.091,196.4,3142.8
GPT-2,int4,int4,16,256,162912768,64,2.546,392.8,6285.6
GPT-2,int4,int4,16,256,162912768,128,1.273,785.7,12571.1
GPT-2,int4,int4,16,256,162912768,256,0.636,1571.4,25142.3
GPT-2,int4,int4,16,256,162912768,512,0.318,3142.8,50284.6
GPT-2,int4,int4,16,512,203020800,4,50.755,19.7,315.2
GPT-2,int4,int4,16,512,203020800,8,25.378,39.4,630.5
GPT-2,int4,int4,16,512,203020800,16,12.689,78.8,1261.0
GPT-2,int4,int4,16,512,203020800,32,6.344,157.6,2521.9
GPT-2,int4,int4,16,512,203020800,64,3.172,315.2,5043.8
GPT-2,int4,int4,16,512,203020800,128,1.586,630.5,10087.6
GPT-2,int4,int4,16,512,203020800,256,0.793,1261.0,20175.3
GPT-2,int4,int4,16,512,203020800,512,0.397,2521.9,40350.5
GPT-2,int4,int4,16,1024,283236864,4,70.809,14.1,226.0
GPT-2,int4,int4,16,1024,283236864,8,35.405,28.2,451.9
GPT-2,int4,int4,16,1024,283236864,16,17.702,56.5,903.8
GPT-2,int4,int4,16,1024,283236864,32,8.851,113.0,1807.7
GPT-2,int4,int4,16,1024,283236864,64,4.426,226.0,3615.3
GPT-2,int4,int4,16,1024,283236864,128,2.213,451.9,7230.7
GPT-2,int4,int4,16,1024,283236864,256,1.106,903.8,14461.4
GPT-2,int4,int4,16,1024,283236864,512,0.553,1807.7,28922.8
GPT-2,int4,int4,64,128,203020800,4,50.755,19.7,1261.0
GPT-2,int4,int4,64,128,203020800,8,25.378,39.4,2521.9
GPT-2,int4,int4,64,128,203020800,16,12.689,78.8,5043.8
GPT-2,int4,int4,64,128,203020800,32,6.344,157.6,10087.6
GPT-2,int4,int4,64,128,203020800,64,3.172,315.2,20175.3
GPT-2,int4,int4,64,128,203020800,128,1.586,630.5,40350.5
GPT-2,int4,int4,64,128,203020800,256,0.793,1261.0,80701.1
GPT-2,int4,int4,64,128,203020800,512,0.397,2521.9,161402.2
GPT-2,int4,int4,64,256,283236864,4,70.809,14.1,903.8
GPT-2,int4,int4,64,256,283236864,8,35.405,28.2,1807.7
GPT-2,int4,int4,64,256,283236864,16,17.702,56.5,3615.3
GPT-2,int4,int4,64,256,283236864,32,8.851,113.0,7230.7
GPT-2,int4,int4,64,256,283236864,64,4.426,226.0,14461.4
GPT-2,int4,int4,64,256,283236864,128,2.213,451.9,28922.8
GPT-2,int4,int4,64,256,283236864,256,1.106,903.8,57845.6
GPT-2,int4,int4,64,256,283236864,512,0.553,1807.7,115691.2
GPT-2,int4,int4,64,512,443668992,4,110.917,9.0,577.0
GPT-2,int4,int4,64,512,443668992,8,55.459,18.0,1154.0
GPT-2,int4,int4,64,512,443668992,16,27.729,36.1,2308.0
GPT-2,int4,int4,64,512,443668992,32,13.865,72.1,4616.1
GPT-2,int4,int4,64,512,443668992,64,6.932,144.3,9232.1
GPT-2,int4,int4,64,512,443668992,128,3.466,288.5,18464.2
GPT-2,int4,int4,64,512,443668992,256,1.733,577.0,36928.4
GPT-2,int4,int4,64,512,443668992,512,0.867,1154.0,73856.9
GPT-2,int4,int4,64,1024,764533248,4,191.133,5.2,334.8
GPT-2,int4,int4,64,1024,764533248,8,95.567,10.5,669.7
GPT-2,int4,int4,64,1024,764533248,16,47.783,20.9,1339.4
GPT-2,int4,int4,64,1024,764533248,32,23.892,41.9,2678.8
GPT-2,int4,int4,64,1024,764533248,64,11.946,83.7,5357.5
GPT-2,int4,int4,64,1024,764533248,128,5.973,167.4,10715.0
GPT-2,int4,int4,64,1024,764533248,256,2.986,334.8,21430.1
GPT-2,int4,int4,64,1024,764533248,512,1.493,669.7,42860.1
SmolLM2-135M,bf16,bf16,1,128,271979136,4,67.995,14.7,14.7
SmolLM2-135M,bf16,bf16,1,128,271979136,8,33.997,29.4,29.4
SmolLM2-135M,bf16,bf16,1,128,271979136,16,16.999,58.8,58.8
SmolLM2-135M,bf16,bf16,1,128,271979136,32,8.499,117.7,117.7
SmolLM2-135M,bf16,bf16,1,128,271979136,64,4.250,235.3,235.3
SmolLM2-135M,bf16,bf16,1,128,271979136,128,2.125,470.6,470.6
SmolLM2-135M,bf16,bf16,1,128,271979136,256,1.062,941.2,941.2
SmolLM2-135M,bf16,bf16,1,128,271979136,512,0.531,1882.5,1882.5
SmolLM2-135M,bf16,bf16,1,256,274928256,4,68.732,14.5,14.5
SmolLM2-135M,bf16,bf16,1,256,274928256,8,34.366,29.1,29.1
SmolLM2-135M,bf16,bf16,1,256,274928256,16,17.183,58.2,58.2
SmolLM2-135M,bf16,bf16,1,256,274928256,32,8.592,116.4,116.4
SmolLM2-135M,bf16,bf16,1,256,274928256,64,4.296,232.8,232.8
SmolLM2-135M,bf16,bf16,1,256,274928256,128,2.148,465.6,465.6
SmolLM2-135M,bf16,bf16,1,256,274928256,256,1.074,931.2,931.2
SmolLM2-135M,bf16,bf16,1,256,274928256,512,0.537,1862.3,1862.3
SmolLM2-135M,bf16,bf16,1,512,280826496,4,70.207,14.2,14.2
SmolLM2-135M,bf16,bf16,1,512,280826496,8,35.103,28.5,28.5
SmolLM2-135M,bf16,bf16,1,512,280826496,16,17.552,57.0,57.0
SmolLM2-135M,bf16,bf16,1,512,280826496,32,8.776,113.9,113.9
SmolLM2-135M,bf16,bf16,1,512,280826496,64,4.388,227.9,227.9
SmolLM2-135M,bf16,bf16,1,512,280826496,128,2.194,455.8,455.8
SmolLM2-135M,bf16,bf16,1,512,280826496,256,1.097,911.6,911.6
SmolLM2-135M,bf16,bf16,1,512,280826496,512,0.548,1823.2,1823.2
SmolLM2-135M,bf16,bf16,1,1024,292622976,4,73.156,13.7,13.7
SmolLM2-135M,bf16,bf16,1,1024,292622976,8,36.578,27.3,27.3
SmolLM2-135M,bf16,bf16,1,1024,292622976,16,18.289,54.7,54.7
SmolLM2-135M,bf16,bf16,1,1024,292622976,32,9.144,109.4,109.4
SmolLM2-135M,bf16,bf16,1,1024,292622976,64,4.572,218.7,218.7
SmolLM2-135M,bf16,bf16,1,1024,292622976,128,2.286,437.4,437.4
SmolLM2-135M,bf16,bf16,1,1024,292622976,256,1.143,874.8,874.8
SmolLM2-135M,bf16,bf16,1,1024,292622976,512,0.572,1749.7,1749.7
SmolLM2-135M,bf16,bf16,1,2048,316215936,4,79.054,12.6,12.6
SmolLM2-135M,bf16,bf16,1,2048,316215936,8,39.527,25.3,25.3
SmolLM2-135M,bf16,bf16,1,2048,316215936,16,19.763,50.6,50.6
SmolLM2-135M,bf16,bf16,1,2048,316215936,32,9.882,101.2,101.2
SmolLM2-135M,bf16,bf16,1,2048,316215936,64,4.941,202.4,202.4
SmolLM2-135M,bf16,bf16,1,2048,316215936,128,2.470,404.8,404.8
SmolLM2-135M,bf16,bf16,1,2048,316215936,256,1.235,809.6,809.6
SmolLM2-135M,bf16,bf16,1,2048,316215936,512,0.618,1619.1,1619.1
SmolLM2-135M,bf16,bf16,1,4096,363401856,4,90.850,11.0,11.0
SmolLM2-135M,bf16,bf16,1,4096,363401856,8,45.425,22.0,22.0
SmolLM2-135M,bf16,bf16,1,4096,363401856,16,22.713,44.0,44.0
SmolLM2-135M,bf16,bf16,1,4096,363401856,32,11.356,88.1,88.1
SmolLM2-135M,bf16,bf16,1,4096,363401856,64,5.678,176.1,176.1
SmolLM2-135M,bf16,bf16,1,4096,363401856,128,2.839,352.2,352.2
SmolLM2-135M,bf16,bf16,1,4096,363401856,256,1.420,704.5,704.5
SmolLM2-135M,bf16,bf16,1,4096,363401856,512,0.710,1408.9,1408.9
SmolLM2-135M,bf16,bf16,1,8192,457773696,4,114.443,8.7,8.7
SmolLM2-135M,bf16,bf16,1,8192,457773696,8,57.222,17.5,17.5
SmolLM2-135M,bf16,bf16,1,8192,457773696,16,28.611,35.0,35.0
SmolLM2-135M,bf16,bf16,1,8192,457773696,32,14.305,69.9,69.9
SmolLM2-135M,bf16,bf16,1,8192,457773696,64,7.153,139.8,139.8
SmolLM2-135M,bf16,bf16,1,8192,457773696,128,3.576,279.6,279.6
SmolLM2-135M,bf16,bf16,1,8192,457773696,256,1.788,559.2,559.2
SmolLM2-135M,bf16,bf16,1,8192,457773696,512,0.894,1118.5,1118.5
SmolLM2-135M,bf16,bf16,4,128,280826496,4,70.207,14.2,57.0
SmolLM2-135M,bf16,bf16,4,128,280826496,8,35.103,28.5,113.9
SmolLM2-135M,bf16,bf16,4,128,280826496,16,17.552,57.0,227.9
SmolLM2-135M,bf16,bf16,4,128,280826496,32,8.776,113.9,455.8
SmolLM2-135M,bf16,bf16,4,128,280826496,64,4.388,227.9,911.6
SmolLM2-135M,bf16,bf16,4,128,280826496,128,2.194,455.8,1823.2
SmolLM2-135M,bf16,bf16,4,128,280826496,256,1.097,911.6,3646.4
SmolLM2-135M,bf16,bf16,4,128,280826496,512,0.548,1823.2,7292.8
SmolLM2-135M,bf16,bf16,4,256,292622976,4,73.156,13.7,54.7
SmolLM2-135M,bf16,bf16,4,256,292622976,8,36.578,27.3,109.4
SmolLM2-135M,bf16,bf16,4,256,292622976,16,18.289,54.7,218.7
SmolLM2-135M,bf16,bf16,4,256,292622976,32,9.144,109.4,437.4
SmolLM2-135M,bf16,bf16,4,256,292622976,64,4.572,218.7,874.8
SmolLM2-135M,bf16,bf16,4,256,292622976,128,2.286,437.4,1749.7
SmolLM2-135M,bf16,bf16,4,256,292622976,256,1.143,874.8,3499.4
SmolLM2-135M,bf16,bf16,4,256,292622976,512,0.572,1749.7,6998.8
SmolLM2-135M,bf16,bf16,4,512,316215936,4,79.054,12.6,50.6
SmolLM2-135M,bf16,bf16,4,512,316215936,8,39.527,25.3,101.2
SmolLM2-135M,bf16,bf16,4,512,316215936,16,19.763,50.6,202.4
SmolLM2-135M,bf16,bf16,4,512,316215936,32,9.882,101.2,404.8
SmolLM2-135M,bf16,bf16,4,512,316215936,64,4.941,202.4,809.6
SmolLM2-135M,bf16,bf16,4,512,316215936,128,2.470,404.8,1619.1
SmolLM2-135M,bf16,bf16,4,512,316215936,256,1.235,809.6,3238.3
SmolLM2-135M,bf16,bf16,4,512,316215936,512,0.618,1619.1,6476.6
SmolLM2-135M,bf16,bf16,4,1024,363401856,4,90.850,11.0,44.0
SmolLM2-135M,bf16,bf16,4,1024,363401856,8,45.425,22.0,88.1
SmolLM2-135M,bf16,bf16,4,1024,363401856,16,22.713,44.0,176.1
SmolLM2-135M,bf16,bf16,4,1024,363401856,32,11.356,88.1,352.2
SmolLM2-135M,bf16,bf16,4,1024,363401856,64,5.678,176.1,704.5
SmolLM2-135M,bf16,bf16,4,1024,363401856,128,2.839,352.2,1408.9
SmolLM2-135M,bf16,bf16,4,1024,363401856,256,1.420,704.5,2817.8
SmolLM2-135M,bf16,bf16,4,1024,363401856,512,0.710,1408.9,5635.6
SmolLM2-135M,bf16,bf16,4,2048,457773696,4,114.443,8.7,35.0
SmolLM2-135M,bf16,bf16,4,2048,457773696,8,57.222,17.5,69.9
SmolLM2-135M,bf16,bf16,4,2048,457773696,16,28.611,35.0,139.8
SmolLM2-135M,bf16,bf16,4,2048,457773696,32,14.305,69.9,279.6
SmolLM2-135M,bf16,bf16,4,2048,457773696,64,7.153,139.8,559.2
SmolLM2-135M,bf16,bf16,4,2048,457773696,128,3.576,279.6,1118.5
SmolLM2-135M,bf16,bf16,4,2048,457773696,256,1.788,559.2,2236.9
SmolLM2-135M,bf16,bf16,4,2048,457773696,512,0.894,1118.5,4473.8
SmolLM2-135M,bf16,bf16,4,4096,646517376,4,161.629,6.2,24.7
SmolLM2-135M,bf16,bf16,4,4096,646517376,8,80.815,12.4,49.5
SmolLM2-135M,bf16,bf16,4,4096,646517376,16,40.407,24.7,99.0
SmolLM2-135M,bf16,bf16,4,4096,646517376,32,20.204,49.5,198.0
SmolLM2-135M,bf16,bf16,4,4096,646517376,64,10.102,99.0,396.0
SmolLM2-135M,bf16,bf16,4,4096,646517376,128,5.051,198.0,791.9
SmolLM2-135M,bf16,bf16,4,4096,646517376,256,2.525,396.0,1583.9
SmolLM2-135M,bf16,bf16,4,4096,646517376,512,1.263,791.9,3167.7
SmolLM2-135M,bf16,bf16,4,8192,1024004736,4,256.001,3.9,15.6
SmolLM2-135M,bf16,bf16,4,8192,1024004736,8,128.001,7.8,31.2
SmolLM2-135M,bf16,bf16,4,8192,1024004736,16,64.000,15.6,62.5
SmolLM2-135M,bf16,bf16,4,8192,1024004736,32,32.000,31.2,125.0
SmolLM2-135M,bf16,bf16,4,8192,1024004736,64,16.000,62.5,250.0
SmolLM2-135M,bf16,bf16,4,8192,1024004736,128,8.000,125.0,500.0
SmolLM2-135M,bf16,bf16,4,8192,1024004736,256,4.000,250.0,1000.0
SmolLM2-135M,bf16,bf16,4,8192,1024004736,512,2.000,500.0,2000.0
SmolLM2-135M,bf16,bf16,16,128,316215936,4,79.054,12.6,202.4
SmolLM2-135M,bf16,bf16,16,128,316215936,8,39.527,25.3,404.8
SmolLM2-135M,bf16,bf16,16,128,316215936,16,19.763,50.6,809.6
SmolLM2-135M,bf16,bf16,16,128,316215936,32,9.882,101.2,1619.1
SmolLM2-135M,bf16,bf16,16,128,316215936,64,4.941,202.4,3238.3
SmolLM2-135M,bf16,bf16,16,128,316215936,128,2.470,404.8,6476.6
SmolLM2-135M,bf16,bf16,16,128,316215936,256,1.235,809.6,12953.2
SmolLM2-135M,bf16,bf16,16,128,316215936,512,0.618,1619.1,25906.3
SmolLM2-135M,bf16,bf16,16,256,363401856,4,90.850,11.0,176.1
SmolLM2-135M,bf16,bf16,16,256,363401856,8,45.425,22.0,352.2
SmolLM2-135M,bf16,bf16,16,256,363401856,16,22.713,44.0,704.5
SmolLM2-135M,bf16,bf16,16,256,363401856,32,11.356,88.1,1408.9
SmolLM2-135M,bf16,bf16,16,256,363401856,64,5.678,176.1,2817.8
SmolLM2-135M,bf16,bf16,16,256,363401856,128,2.839,352.2,5635.6
SmolLM2-135M,bf16,bf16,16,256,363401856,256,1.420,704.5,11271.3
SmolLM2-135M,bf16,bf16,16,256,363401856,512,0.710,1408.9,22542.5
SmolLM2-135M,bf16,bf16,16,512,457773696,4,114.443,8.7,139.8
SmolLM2-135M,bf16,bf16,16,512,457773696,8,57.222,17.5,279.6
SmolLM2-135M,bf16,bf16,16,512,457773696,16,28.611,35.0,559.2
SmolLM2-135M,bf16,bf16,16,512,457773696,32,14.305,69.9,1118.5
SmolLM2-135M,bf16,bf16,16,512,457773696,64,7.153,139.8,2236.9
SmolLM2-135M,bf16,bf16,16,512,457773696,128,3.576,279.6,4473.8
SmolLM2-135M,bf16,bf16,16,512,457773696,256,1.788,559.2,8947.7
SmolLM2-135M,bf16,bf16,16,512,457773696,512,0.894,1118.5,17895.3
SmolLM2-135M,bf16,bf16,16,1024,646517376,4,161.629,6.2,99.0
SmolLM2-135M,bf16,bf16,16,1024,646517376,8,80.815,12.4,198.0
SmolLM2-135M,bf16,bf16,16,1024,646517376,16,40.407,24.7,396.0
SmolLM2-135M,bf16,bf16,16,1024,646517376,32,20.204,49.5,791.9
SmolLM2-135M,bf16,bf16,16,1024,646517376,64,10.102,99.0,1583.9
SmolLM2-135M,bf16,bf16,16,1024,646517376,128,5.051,198.0,3167.7
SmolLM2-135M,bf16,bf16,16,1024,646517376,256,2.525,396.0,6335.5
SmolLM2-135M,bf16,bf16,16,1024,646517376,512,1.263,791.9,12671.0
SmolLM2-135M,bf16,bf16,16,2048,1024004736,4,256.001,3.9,62.5
SmolLM2-135M,bf16,bf16,16,2048,1024004736,8,128.001,7.8,125.0
SmolLM2-135M,bf16,bf16,16,2048,1024004736,16,64.000,15.6,250.0
SmolLM2-135M,bf16,bf16,16,2048,1024004736,32,32.000,31.2,500.0
SmolLM2-135M,bf16,bf16,16,2048,1024004736,64,16.000,62.5,1000.0
SmolLM2-135M,bf16,bf16,16,2048,1024004736,128,8.000,125.0,2000.0
SmolLM2-135M,bf16,bf16,16,2048,1024004736,256,4.000,250.0,4000.0
SmolLM2-135M,bf16,bf16,16,2048,1024004736,512,2.000,500.0,8000.0
SmolLM2-135M,bf16,bf16,16,4096,1778979456,4,444.745,2.2,36.0
SmolLM2-135M,bf16,bf16,16,4096,1778979456,8,222.372,4.5,72.0
SmolLM2-135M,bf16,bf16,16,4096,1778979456,16,111.186,9.0,143.9
SmolLM2-135M,bf16,bf16,16,4096,1778979456,32,55.593,18.0,287.8
SmolLM2-135M,bf16,bf16,16,4096,1778979456,64,27.797,36.0,575.6
SmolLM2-135M,bf16,bf16,16,4096,1778979456,128,13.898,72.0,1151.2
SmolLM2-135M,bf16,bf16,16,4096,1778979456,256,6.949,143.9,2302.4
SmolLM2-135M,bf16,bf16,16,4096,1778979456,512,3.475,287.8,4604.9
SmolLM2-135M,bf16,bf16,16,8192,3288928896,4,822.232,1.2,19.5
SmolLM2-135M,bf16,bf16,16,8192,3288928896,8,411.116,2.4,38.9
SmolLM2-135M,bf16,bf16,16,8192,3288928896,16,205.558,4.9,77.8
SmolLM2-135M,bf16,bf16,16,8192,3288928896,32,102.779,9.7,155.7
SmolLM2-135M,bf16,bf16,16,8192,3288928896,64,51.390,19.5,311.3
SmolLM2-135M,bf16,bf16,16,8192,3288928896,128,25.695,38.9,622.7
SmolLM2-135M,bf16,bf16,16,8192,3288928896,256,12.847,77.8,1245.4
SmolLM2-135M,bf16,bf16,16,8192,3288928896,512,6.424,155.7,2490.8
SmolLM2-135M,bf16,bf16,64,128,457773696,4,114.443,8.7,559.2
SmolLM2-135M,bf16,bf16,64,128,457773696,8,57.222,17.5,1118.5
SmolLM2-135M,bf16,bf16,64,128,457773696,16,28.611,35.0,2236.9
SmolLM2-135M,bf16,bf16,64,128,457773696,32,14.305,69.9,4473.8
SmolLM2-135M,bf16,bf16,64,128,457773696,64,7.153,139.8,8947.7
SmolLM2-135M,bf16,bf16,64,128,457773696,128,3.576,279.6,17895.3
SmolLM2-135M,bf16,bf16,64,128,457773696,256,1.788,559.2,35790.6
SmolLM2-135M,bf16,bf16,64,128,457773696,512,0.894,1118.5,71581.2
SmolLM2-135M,bf16,bf16,64,256,646517376,4,161.629,6.2,396.0
SmolLM2-135M,bf16,bf16,64,256,646517376,8,80.815,12.4,791.9
SmolLM2-135M,bf16,bf16,64,256,646517376,16,40.407,24.7,1583.9
SmolLM2-135M,bf16,bf16,64,256,646517376,32,20.204,49.5,3167.7
SmolLM2-135M,bf16,bf16,64,256,646517376,64,10.102,99.0,6335.5
SmolLM2-135M,bf16,bf16,64,256,646517376,128,5.051,198.0,12671.0
SmolLM2-135M,bf16,bf16,64,256,646517376,256,2.525,396.0,25341.9
SmolLM2-135M,bf16,bf16,64,256,646517376,512,1.263,791.9,50683.9
SmolLM2-135M,bf16,bf16,64,512,1024004736,4,256.001,3.9,250.0
SmolLM2-135M,bf16,bf16,64,512,1024004736,8,128.001,7.8,500.0
SmolLM2-135M,bf16,bf16,64,512,1024004736,16,64.000,15.6,1000.0
SmolLM2-135M,bf16,bf16,64,512,1024004736,32,32.000,31.2,2000.0
SmolLM2-135M,bf16,bf16,64,512,1024004736,64,16.000,62.5,4000.0
SmolLM2-135M,bf16,bf16,64,512,1024004736,128,8.000,125.0,8000.0
SmolLM2-135M,bf16,bf16,64,512,1024004736,256,4.000,250.0,15999.9
SmolLM2-135M,bf16,bf16,64,512,1024004736,512,2.000,500.0,31999.9
SmolLM2-135M,bf16,bf16,64,1024,1778979456,4,444.745,2.2,143.9
SmolLM2-135M,bf16,bf16,64,1024,1778979456,8,222.372,4.5,287.8
SmolLM2-135M,bf16,bf16,64,1024,1778979456,16,111.186,9.0,575.6
SmolLM2-135M,bf16,bf16,64,1024,1778979456,32,55.593,18.0,1151.2
SmolLM2-135M,bf16,bf16,64,1024,1778979456,64,27.797,36.0,2302.4
SmolLM2-135M,bf16,bf16,64,1024,1778979456,128,13.898,72.0,4604.9
SmolLM2-135M,bf16,bf16,64,1024,1778979456,256,6.949,143.9,9209.8
SmolLM2-135M,bf16,bf16,64,1024,1778979456,512,3.475,287.8,18419.5
SmolLM2-135M,bf16,bf16,64,2048,3288928896,4,822.232,1.2,77.8
SmolLM2-135M,bf16,bf16,64,2048,3288928896,8,411.116,2.4,155.7
SmolLM2-135M,bf16,bf16,64,2048,3288928896,16,205.558,4.9,311.3
SmolLM2-135M,bf16,bf16,64,2048,3288928896,32,102.779,9.7,622.7
SmolLM2-135M,bf16,bf16,64,2048,3288928896,64,51.390,19.5,1245.4
SmolLM2-135M,bf16,bf16,64,2048,3288928896,128,25.695,38.9,2490.8
SmolLM2-135M,bf16,bf16,64,2048,3288928896,256,12.847,77.8,4981.6
SmolLM2-135M,bf16,bf16,64,2048,3288928896,512,6.424,155.7,9963.1
SmolLM2-135M,bf16,bf16,64,4096,6308827776,4,1577.207,0.6,40.6
SmolLM2-135M,bf16,bf16,64,4096,6308827776,8,788.603,1.3,81.2
SmolLM2-135M,bf16,bf16,64,4096,6308827776,16,394.302,2.5,162.3
SmolLM2-135M,bf16,bf16,64,4096,6308827776,32,197.151,5.1,324.6
SmolLM2-135M,bf16,bf16,64,4096,6308827776,64,98.575,10.1,649.2
SmolLM2-135M,bf16,bf16,64,4096,6308827776,128,49.288,20.3,1298.5
SmolLM2-135M,bf16,bf16,64,4096,6308827776,256,24.644,40.6,2597.0
SmolLM2-135M,bf16,bf16,64,4096,6308827776,512,12.322,81.2,5194.0
SmolLM2-135M,bf16,bf16,64,8192,12348625536,4,3087.156,0.3,20.7
SmolLM2-135M,bf16,bf16,64,8192,12348625536,8,1543.578,0.6,41.5
SmolLM2-135M,bf16,bf16,64,8192,12348625536,16,771.789,1.3,82.9
SmolLM2-135M,bf16,bf16,64,8192,12348625536,32,385.895,2.6,165.8
SmolLM2-135M,bf16,bf16,64,8192,12348625536,64,192.947,5.2,331.7
SmolLM2-135M,bf16,bf16,64,8192,12348625536,128,96.474,10.4,663.4
SmolLM2-135M,bf16,bf16,64,8192,12348625536,256,48.237,20.7,1326.8
SmolLM2-135M,bf16,bf16,64,8192,12348625536,512,24.118,41.5,2653.6
SmolLM2-135M,bf16,int8,1,128,270550656,4,67.638,14.8,14.8
SmolLM2-135M,bf16,int8,1,128,270550656,8,33.819,29.6,29.6
SmolLM2-135M,bf16,int8,1,128,270550656,16,16.909,59.1,59.1
SmolLM2-135M,bf16,int8,1,128,270550656,32,8.455,118.3,118.3
SmolLM2-135M,bf16,int8,1,128,270550656,64,4.227,236.6,236.6
SmolLM2-135M,bf16,int8,1,128,270550656,128,2.114,473.1,473.1
SmolLM2-135M,bf16,int8,1,128,270550656,256,1.057,946.2,946.2
SmolLM2-135M,bf16,int8,1,128,270550656,512,0.528,1892.4,1892.4
SmolLM2-135M,bf16,int8,1,256,272071296,4,68.018,14.7,14.7
SmolLM2-135M,bf16,int8,1,256,272071296,8,34.009,29.4,29.4
SmolLM2-135M,bf16,int8,1,256,272071296,16,17.004,58.8,58.8
SmolLM2-135M,bf16,int8,1,256,272071296,32,8.502,117.6,117.6
SmolLM2-135M,bf16,int8,1,256,272071296,64,4.251,235.2,235.2
SmolLM2-135M,bf16,int8,1,256,272071296,128,2.126,470.5,470.5
SmolLM2-135M,bf16,int8,1,256,272071296,256,1.063,940.9,940.9
SmolLM2-135M,bf16,int8,1,256,272071296,512,0.531,1881.9,1881.9
SmolLM2-135M,bf16,int8,1,512,275112576,4,68.778,14.5,14.5
SmolLM2-135M,bf16,int8,1,512,275112576,8,34.389,29.1,29.1
SmolLM2-135M,bf16,int8,1,512,275112576,16,17.195,58.2,58.2
SmolLM2-135M,bf16,int8,1,512,275112576,32,8.597,116.3,116.3
SmolLM2-135M,bf16,int8,1,512,275112576,64,4.299,232.6,232.6
SmolLM2-135M,bf16,int8,1,512,275112576,128,2.149,465.3,465.3
SmolLM2-135M,bf16,int8,1,512,275112576,256,1.075,930.5,930.5
SmolLM2-135M,bf16,int8,1,512,275112576,512,0.537,1861.1,1861.1
SmolLM2-135M,bf16,int8,1,1024,281195136,4,70.299,14.2,14.2
SmolLM2-135M,bf16,int8,1,1024,281195136,8,35.149,28.4,28.4
SmolLM2-135M,bf16,int8,1,1024,281195136,16,17.575,56.9,56.9
SmolLM2-135M,bf16,int8,1,1024,281195136,32,8.787,113.8,113.8
SmolLM2-135M,bf16,int8,1,1024,281195136,64,4.394,227.6,227.6
SmolLM2-135M,bf16,int8,1,1024,281195136,128,2.197,455.2,455.2
SmolLM2-135M,bf16,int8,1,1024,281195136,256,1.098,910.4,910.4
SmolLM2-135M,bf16,int8,1,1024,281195136,512,0.549,1820.8,1820.8
SmolLM2-135M,bf16,int8,1,2048,293360256,4,73.340,13.6,13.6
SmolLM2-135M,bf16,int8,1,2048,293360256,8,36.670,27.3,27.3
SmolLM2-135M,bf16,int8,1,2048,293360256,16,18.335,54.5,54.5
SmolLM2-135M,bf16,int8,1,2048,293360256,32,9.168,109.1,109.1
SmolLM2-135M,bf16,int8,1,2048,293360256,64,4.584,218.2,218.2
SmolLM2-135M,bf16,int8,1,2048,293360256,128,2.292,436.3,436.3
SmolLM2-135M,bf16,int8,1,2048,293360256,256,1.146,872.6,872.6
SmolLM2-135M,bf16,int8,1,2048,293360256,512,0.573,1745.3,1745.3
SmolLM2-135M,bf16,int8,1,4096,317690496,4,79.423,12.6,12.6
SmolLM2-135M,bf16,int8,1,4096,317690496,8,39.711,25.2,25.2
SmolLM2-135M,bf16,int8,1,4096,317690496,16,19.856,50.4,50.4
SmolLM2-135M,bf16,int8,1,4096,317690496,32,9.928,100.7,100.7
SmolLM2-135M,bf16,int8,1,4096,317690496,64,4.964,201.5,201.5
SmolLM2-135M,bf16,int8,1,4096,317690496,128,2.482,402.9,402.9
SmolLM2-135M,bf16,int8,1,4096,317690496,256,1.241,805.8,805.8
SmolLM2-135M,bf16,int8,1,4096,317690496,512,0.620,1611.6,1611.6
SmolLM2-135M,bf16,int8,1,8192,366350976,4,91.588,10.9,10.9
SmolLM2-135M,bf16,int8,1,8192,366350976,8,45.794,21.8,21.8
SmolLM2-135M,bf16,int8,1,8192,366350976,16,22.897,43.7,43.7
SmolLM2-135M,bf16,int8,1,8192,366350976,32,11.448,87.3,87.3
SmolLM2-135M,bf16,int8,1,8192,366350976,64,5.724,174.7,174.7
SmolLM2-135M,bf16,int8,1,8192,366350976,128,2.862,349.4,349.4
SmolLM2-135M,bf16,int8,1,8192,366350976,256,1.431,698.8,698.8
SmolLM2-135M,bf16,int8,1,8192,366350976,512,0.716,1397.6,1397.6
SmolLM2-135M,bf16,int8,4,128,275112576,4,68.778,14.5,58.2
SmolLM2-135M,bf16,int8,4,128,275112576,8,34.389,29.1,116.3
SmolLM2-135M,bf16,int8,4,128,275112576,16,17.195,58.2,232.6
SmolLM2-135M,bf16,int8,4,128,275112576,32,8.597,116.3,465.3
SmolLM2-135M,bf16,int8,4,128,275112576,64,4.299,232.6,930.5
SmolLM2-135M,bf16,int8,4,128,275112576,128,2.149,465.3,1861.1
SmolLM2-135M,bf16,int8,4,128,275112576,256,1.075,930.5,3722.1
SmolLM2-135M,bf16,int8,4,128,275112576,512,0.537,1861.1,7444.2
SmolLM2-135M,bf16,int8,4,256,281195136,4,70.299,14.2,56.9
SmolLM2-135M,bf16,int8,4,256,281195136,8,35.149,28.4,113.8
SmolLM2-135M,bf16,int8,4,256,281195136,16,17.575,56.9,227.6
SmolLM2-135M,bf16,int8,4,256,281195136,32,8.787,113.8,455.2
SmolLM2-135M,bf16,int8,4,256,281195136,64,4.394,227.6,910.4
SmolLM2-135M,bf16,int8,4,256,281195136,128,2.197,455.2,1820.8
SmolLM2-135M,bf16,int8,4,256,281195136,256,1.098,910.4,3641.6
SmolLM2-135M,bf16,int8,4,256,281195136,512,0.549,1820.8,7283.2
SmolLM2-135M,bf16,int8,4,512,293360256,4,73.340,13.6,54.5
SmolLM2-135M,bf16,int8,4,512,293360256,8,36.670,27.3,109.1
SmolLM2-135M,bf16,int8,4,512,293360256,16,18.335,54.5,218.2
SmolLM2-135M,bf16,int8,4,512,293360256,32,9.168,109.1,436.3
SmolLM2-135M,bf16,int8,4,512,293360256,64,4.584,218.2,872.6
SmolLM2-135M,bf16,int8,4,512,293360256,128,2.292,436.3,1745.3
SmolLM2-135M,bf16,int8,4,512,293360256,256,1.146,872.6,3490.6
SmolLM2-135M,bf16,int8,4,512,293360256,512,0.573,1745.3,6981.2
SmolLM2-135M,bf16,int8,4,1024,317690496,4,79.423,12.6,50.4
SmolLM2-135M,bf16,int8,4,1024,317690496,8,39.711,25.2,100.7
SmolLM2-135M,bf16,int8,4,1024,317690496,16,19.856,50.4,201.5
SmolLM2-135M,bf16,int8,4,1024,317690496,32,9.928,100.7,402.9
SmolLM2-135M,bf16,int8,4,1024,317690496,64,4.964,201.5,805.8
SmolLM2-135M,bf16,int8,4,1024,317690496,128,2.482,402.9,1611.6
SmolLM2-135M,bf16,int8,4,1024,317690496,256,1.241,805.8,3223.3
SmolLM2-135M,bf16,int8,4,1024,317690496,512,0.620,1611.6,6446.5
SmolLM2-135M,bf16,int8,4,2048,366350976,4,91.588,10.9,43.7
SmolLM2-135M,bf16,int8,4,2048,366350976,8,45.794,21.8,87.3
SmolLM2-135M,bf16,int8,4,2048,366350976,16,22.897,43.7,174.7
SmolLM2-135M,bf16,int8,4,2048,366350976,32,11.448,87.3,349.4
SmolLM2-135M,bf16,int8,4,2048,366350976,64,5.724,174.7,698.8
SmolLM2-135M,bf16,int8,4,2048,366350976,128,2.862,349.4,1397.6
SmolLM2-135M,bf16,int8,4,2048,366350976,256,1.431,698.8,2795.1
SmolLM2-135M,bf16,int8,4,2048,366350976,512,0.716,1397.6,5590.3
SmolLM2-135M,bf16,int8,4,4096,463671936,4,115.918,8.6,34.5
SmolLM2-135M,bf16,int8,4,4096,463671936,8,57.959,17.3,69.0
SmolLM2-135M,bf16,int8,4,4096,463671936,16,28.979,34.5,138.0
SmolLM2-135M,bf16,int8,4,4096,463671936,32,14.490,69.0,276.1
SmolLM2-135M,bf16,int8,4,4096,463671936,64,7.245,138.0,552.1
SmolLM2-135M,bf16,int8,4,4096,463671936,128,3.622,276.1,1104.2
SmolLM2-135M,bf16,int8,4,4096,463671936,256,1.811,552.1,2208.5
SmolLM2-135M,bf16,int8,4,4096,463671936,512,0.906,1104.2,4416.9
SmolLM2-135M,bf16,int8,4,8192,658313856,4,164.578,6.1,24.3
SmolLM2-135M,bf16,int8,4,8192,658313856,8,82.289,12.2,48.6
SmolLM2-135M,bf16,int8,4,8192,658313856,16,41.145,24.3,97.2
SmolLM2-135M,bf16,int8,4,8192,658313856,32,20.572,48.6,194.4
SmolLM2-135M,bf16,int8,4,8192,658313856,64,10.286,97.2,388.9
SmolLM2-135M,bf16,int8,4,8192,658313856,128,5.143,194.4,777.7
SmolLM2-135M,bf16,int8,4,8192,658313856,256,2.572,388.9,1555.5
SmolLM2-135M,bf16,int8,4,8192,658313856,512,1.286,777.7,3111.0
SmolLM2-135M,bf16,int8,16,128,293360256,4,73.340,13.6,218.2
SmolLM2-135M,bf16,int8,16,128,293360256,8,36.670,27.3,436.3
SmolLM2-135M,bf16,int8,16,128,293360256,16,18.335,54.5,872.6
SmolLM2-135M,bf16,int8,16,128,293360256,32,9.168,109.1,1745.3
SmolLM2-135M,bf16,int8,16,128,293360256,64,4.584,218.2,3490.6
SmolLM2-135M,bf16,int8,16,128,293360256,128,2.292,436.3,6981.2
SmolLM2-135M,bf16,int8,16,128,293360256,256,1.146,872.6,13962.4
SmolLM2-135M,bf16,int8,16,128,293360256,512,0.573,1745.3,27924.7
SmolLM2-135M,bf16,int8,16,256,317690496,4,79.423,12.6,201.5
SmolLM2-135M,bf16,int8,16,256,317690496,8,39.711,25.2,402.9
SmolLM2-135M,bf16,int8,16,256,317690496,16,19.856,50.4,805.8
SmolLM2-135M,bf16,int8,16,256,317690496,32,9.928,100.7,1611.6
SmolLM2-135M,bf16,int8,16,256,317690496,64,4.964,201.5,3223.3
SmolLM2-135M,bf16,int8,16,256,317690496,128,2.482,402.9,6446.5
SmolLM2-135M,bf16,int8,16,256,317690496,256,1.241,805.8,12893.1
SmolLM2-135M,bf16,int8,16,256,317690496,512,0.620,1611.6,25786.1
SmolLM2-135M,bf16,int8,16,512,366350976,4,91.588,10.9,174.7
SmolLM2-135M,bf16,int8,16,512,366350976,8,45.794,21.8,349.4
SmolLM2-135M,bf16,int8,16,512,366350976,16,22.897,43.7,698.8
SmolLM2-135M,bf16,int8,16,512,366350976,32,11.448,87.3,1397.6
SmolLM2-135M,bf16,int8,16,512,366350976,64,5.724,174.7,2795.1
SmolLM2-135M,bf16,int8,16,512,366350976,128,2.862,349.4,5590.3
SmolLM2-135M,bf16,int8,16,512,366350976,256,1.431,698.8,11180.5
SmolLM2-135M,bf16,int8,16,512,366350976,512,0.716,1397.6,22361.1
SmolLM2-135M,bf16,int8,16,1024,463671936,4,115.918,8.6,138.0
SmolLM2-135M,bf16,int8,16,1024,463671936,8,57.959,17.3,276.1
SmolLM2-135M,bf16,int8,16,1024,463671936,16,28.979,34.5,552.1
SmolLM2-135M,bf16,int8,16,1024,463671936,32,14.490,69.0,1104.2
SmolLM2-135M,bf16,int8,16,1024,463671936,64,7.245,138.0,2208.5
SmolLM2-135M,bf16,int8,16,1024,463671936,128,3.622,276.1,4416.9
SmolLM2-135M,bf16,int8,16,1024,463671936,256,1.811,552.1,8833.8
SmolLM2-135M,bf16,int8,16,1024,463671936,512,0.906,1104.2,17667.7
SmolLM2-135M,bf16,int8,16,2048,658313856,4,164.578,6.1,97.2
SmolLM2-135M,bf16,int8,16,2048,658313856,8,82.289,12.2,194.4
SmolLM2-135M,bf16,int8,16,2048,658313856,16,41.145,24.3,388.9
SmolLM2-135M,bf16,int8,16,2048,658313856,32,20.572,48.6,777.7
SmolLM2-135M,bf16,int8,16,2048,658313856,64,10.286,97.2,1555.5
SmolLM2-135M,bf16,int8,16,2048,658313856,128,5.143,194.4,3111.0
SmolLM2-135M,bf16,int8,16,2048,658313856,256,2.572,388.9,6222.0
SmolLM2-135M,bf16,int8,16,2048,658313856,512,1.286,777.7,12443.9
SmolLM2-135M,bf16,int8,16,4096,1047597696,4,261.899,3.8,61.1
SmolLM2-135M,bf16,int8,16,4096,1047597696,8,130.950,7.6,122.2
SmolLM2-135M,bf16,int8,16,4096,1047597696,16,65.475,15.3,244.4
SmolLM2-135M,bf16,int8,16,4096,1047597696,32,32.737,30.5,488.7
SmolLM2-135M,bf16,int8,16,4096,1047597696,64,16.369,61.1,977.5
SmolLM2-135M,bf16,int8,16,4096,1047597696,128,8.184,122.2,1954.9
SmolLM2-135M,bf16,int8,16,4096,1047597696,256,4.092,244.4,3909.9
SmolLM2-135M,bf16,int8,16,4096,1047597696,512,2.046,488.7,7819.8
SmolLM2-135M,bf16,int8,16,8192,1826165376,4,456.541,2.2,35.0
SmolLM2-135M,bf16,int8,16,8192,1826165376,8,228.271,4.4,70.1
SmolLM2-135M,bf16,int8,16,8192,1826165376,16,114.135,8.8,140.2
SmolLM2-135M,bf16,int8,16,8192,1826165376,32,57.068,17.5,280.4
SmolLM2-135M,bf16,int8,16,8192,1826165376,64,28.534,35.0,560.7
SmolLM2-135M,bf16,int8,16,8192,1826165376,128,14.267,70.1,1121.5
SmolLM2-135M,bf16,int8,16,8192,1826165376,256,7.133,140.2,2243.0
SmolLM2-135M,bf16,int8,16,8192,1826165376,512,3.567,280.4,4485.9
SmolLM2-135M,bf16,int8,64,128,366350976,4,91.588,10.9,698.8
SmolLM2-135M,bf16,int8,64,128,366350976,8,45.794,21.8,1397.6
SmolLM2-135M,bf16,int8,64,128,366350976,16,22.897,43.7,2795.1
SmolLM2-135M,bf16,int8,64,128,366350976,32,11.448,87.3,5590.3
SmolLM2-135M,bf16,int8,64,128,366350976,64,5.724,174.7,11180.5
SmolLM2-135M,bf16,int8,64,128,366350976,128,2.862,349.4,22361.1
SmolLM2-135M,bf16,int8,64,128,366350976,256,1.431,698.8,44722.1
SmolLM2-135M,bf16,int8,64,128,366350976,512,0.716,1397.6,89444.3
SmolLM2-135M,bf16,int8,64,256,463671936,4,115.918,8.6,552.1
SmolLM2-135M,bf16,int8,64,256,463671936,8,57.959,17.3,1104.2
SmolLM2-135M,bf16,int8,64,256,463671936,16,28.979,34.5,2208.5
SmolLM2-135M,bf16,int8,64,256,463671936,32,14.490,69.0,4416.9
SmolLM2-135M,bf16,int8,64,256,463671936,64,7.245,138.0,8833.8
SmolLM2-135M,bf16,int8,64,256,463671936,128,3.622,276.1,17667.7
SmolLM2-135M,bf16,int8,64,256,463671936,256,1.811,552.1,35335.3
SmolLM2-135M,bf16,int8,64,256,463671936,512,0.906,1104.2,70670.7
SmolLM2-135M,bf16,int8,64,512,658313856,4,164.578,6.1,388.9
SmolLM2-135M,bf16,int8,64,512,658313856,8,82.289,12.2,777.7
SmolLM2-135M,bf16,int8,64,512,658313856,16,41.145,24.3,1555.5
SmolLM2-135M,bf16,int8,64,512,658313856,32,20.572,48.6,3111.0
SmolLM2-135M,bf16,int8,64,512,658313856,64,10.286,97.2,6222.0
SmolLM2-135M,bf16,int8,64,512,658313856,128,5.143,194.4,12443.9
SmolLM2-135M,bf16,int8,64,512,658313856,256,2.572,388.9,24887.8
SmolLM2-135M,bf16,int8,64,512,658313856,512,1.286,777.7,49775.6
SmolLM2-135M,bf16,int8,64,1024,1047597696,4,261.899,3.8,244.4
SmolLM2-135M,bf16,int8,64,1024,1047597696,8,130.950,7.6,488.7
SmolLM2-135M,bf16,int8,64,1024,1047597696,16,65.475,15.3,977.5
SmolLM2-135M,bf16,int8,64,1024,1047597696,32,32.737,30.5,1954.9
SmolLM2-135M,bf16,int8,64,1024,1047597696,64,16.369,61.1,3909.9
SmolLM2-135M,bf16,int8,64,1024,1047597696,128,8.184,122.2,7819.8
SmolLM2-135M,bf16,int8,64,1024,1047597696,256,4.092,244.4,15639.6
SmolLM2-135M,bf16,int8,64,1024,1047597696,512,2.046,488.7,31279.2
SmolLM2-135M,bf16,int8,64,2048,1826165376,4,456.541,2.2,140.2
SmolLM2-135M,bf16,int8,64,2048,1826165376,8,228.271,4.4,280.4
SmolLM2-135M,bf16,int8,64,2048,1826165376,16,114.135,8.8,560.7
SmolLM2-135M,bf16,int8,64,2048,1826165376,32,57.068,17.5,1121.5
SmolLM2-135M,bf16,int8,64,2048,1826165376,64,28.534,35.0,2243.0
SmolLM2-135M,bf16,int8,64,2048,1826165376,128,14.267,70.1,4485.9
SmolLM2-135M,bf16,int8,64,2048,1826165376,256,7.133,140.2,8971.8
SmolLM2-135M,bf16,int8,64,2048,1826165376,512,3.567,280.4,17943.6
SmolLM2-135M,bf16,int8,64,4096,3383300736,4,845.825,1.2,75.7
SmolLM2-135M,bf16,int8,64,4096,3383300736,8,422.913,2.4,151.3
SmolLM2-135M,bf16,int8,64,4096,3383300736,16,211.456,4.7,302.7
SmolLM2-135M,bf16,int8,64,4096,3383300736,32,105.728,9.5,605.3
SmolLM2-135M,bf16,int8,64,4096,3383300736,64,52.864,18.9,1210.7
SmolLM2-135M,bf16,int8,64,4096,3383300736,128,26.432,37.8,2421.3
SmolLM2-135M,bf16,int8,64,4096,3383300736,256,13.216,75.7,4842.6
SmolLM2-135M,bf16,int8,64,4096,3383300736,512,6.608,151.3,9685.2
SmolLM2-135M,bf16,int8,64,8192,6497571456,4,1624.393,0.6,39.4
SmolLM2-135M,bf16,int8,64,8192,6497571456,8,812.196,1.2,78.8
SmolLM2-135M,bf16,int8,64,8192,6497571456,16,406.098,2.5,157.6
SmolLM2-135M,bf16,int8,64,8192,6497571456,32,203.049,4.9,315.2
SmolLM2-135M,bf16,int8,64,8192,6497571456,64,101.525,9.8,630.4
SmolLM2-135M,bf16,int8,64,8192,6497571456,128,50.762,19.7,1260.8
SmolLM2-135M,bf16,int8,64,8192,6497571456,256,25.381,39.4,2521.6
SmolLM2-135M,bf16,int8,64,8192,6497571456,512,12.691,78.8,5043.1
SmolLM2-135M,bf16,int4,1,128,269813376,4,67.453,14.8,14.8
SmolLM2-135M,bf16,int4,1,128,269813376,8,33.727,29.7,29.7
SmolLM2-135M,bf16,int4,1,128,269813376,16,16.863,59.3,59.3
SmolLM2-135M,bf16,int4,1,128,269813376,32,8.432,118.6,118.6
SmolLM2-135M,bf16,int4,1,128,269813376,64,4.216,237.2,237.2
SmolLM2-135M,bf16,int4,1,128,269813376,128,2.108,474.4,474.4
SmolLM2-135M,bf16,int4,1,128,269813376,256,1.054,948.8,948.8
SmolLM2-135M,bf16,int4,1,128,269813376,512,0.527,1897.6,1897.6
SmolLM2-135M,bf16,int4,1,256,270596736,4,67.649,14.8,14.8
SmolLM2-135M,bf16,int4,1,256,270596736,8,33.825,29.6,29.6
SmolLM2-135M,bf16,int4,1,256,270596736,16,16.912,59.1,59.1
SmolLM2-135M,bf16,int4,1,256,270596736,32,8.456,118.3,118.3
SmolLM2-135M,bf16,int4,1,256,270596736,64,4.228,236.5,236.5
SmolLM2-135M,bf16,int4,1,256,270596736,128,2.114,473.0,473.0
SmolLM2-135M,bf16,int4,1,256,270596736,256,1.057,946.1,946.1
SmolLM2-135M,bf16,int4,1,256,270596736,512,0.529,1892.1,1892.1
SmolLM2-135M,bf16,int4,1,512,272163456,4,68.041,14.7,14.7
SmolLM2-135M,bf16,int4,1,512,272163456,8,34.020,29.4,29.4
SmolLM2-135M,bf16,int4,1,512,272163456,16,17.010,58.8,58.8
SmolLM2-135M,bf16,int4,1,512,272163456,32,8.505,117.6,117.6
SmolLM2-135M,bf16,int4,1,512,272163456,64,4.253,235.2,235.2
SmolLM2-135M,bf16,int4,1,512,272163456,128,2.126,470.3,470.3
SmolLM2-135M,bf16,int4,1,512,272163456,256,1.063,940.6,940.6
SmolLM2-135M,bf16,int4,1,512,272163456,512,0.532,1881.2,1881.2
SmolLM2-135M,bf16,int4,1,1024,275296896,4,68.824,14.5,14.5
SmolLM2-135M,bf16,int4,1,1024,275296896,8,34.412,29.1,29.1
SmolLM2-135M,bf16,int4,1,1024,275296896,16,17.206,58.1,58.1
SmolLM2-135M,bf16,int4,1,1024,275296896,32,8.603,116.2,116.2
SmolLM2-135M,bf16,int4,1,1024,275296896,64,4.302,232.5,232.5
SmolLM2-135M,bf16,int4,1,1024,275296896,128,2.151,465.0,465.0
SmolLM2-135M,bf16,int4,1,1024,275296896,256,1.075,929.9,929.9
SmolLM2-135M,bf16,int4,1,1024,275296896,512,0.538,1859.8,1859.8
SmolLM2-135M,bf16,int4,1,2048,281563776,4,70.391,14.2,14.2
SmolLM2-135M,bf16,int4,1,2048,281563776,8,35.195,28.4,28.4
SmolLM2-135M,bf16,int4,1,2048,281563776,16,17.598,56.8,56.8
SmolLM2-135M,bf16,int4,1,2048,281563776,32,8.799,113.7,113.7
SmolLM2-135M,bf16,int4,1,2048,281563776,64,4.399,227.3,227.3
SmolLM2-135M,bf16,int4,1,2048,281563776,128,2.200,454.6,454.6
SmolLM2-135M,bf16,int4,1,2048,281563776,256,1.100,909.2,909.2
SmolLM2-135M,bf16,int4,1,2048,281563776,512,0.550,1818.4,1818.4
SmolLM2-135M,bf16,int4,1,4096,294097536,4,73.524,13.6,13.6
SmolLM2-135M,bf16,int4,1,4096,294097536,8,36.762,27.2,27.2
SmolLM2-135M,bf16,int4,1,4096,294097536,16,18.381,54.4,54.4
SmolLM2-135M,bf16,int4,1,4096,294097536,32,9.191,108.8,108.8
SmolLM2-135M,bf16,int4,1,4096,294097536,64,4.595,217.6,217.6
SmolLM2-135M,bf16,int4,1,4096,294097536,128,2.298,435.2,435.2
SmolLM2-135M,bf16,int4,1,4096,294097536,256,1.149,870.5,870.5
SmolLM2-135M,bf16,int4,1,4096,294097536,512,0.574,1740.9,1740.9
SmolLM2-135M,bf16,int4,1,8192,319165056,4,79.791,12.5,12.5
SmolLM2-135M,bf16,int4,1,8192,319165056,8,39.896,25.1,25.1
SmolLM2-135M,bf16,int4,1,8192,319165056,16,19.948,50.1,50.1
SmolLM2-135M,bf16,int4,1,8192,319165056,32,9.974,100.3,100.3
SmolLM2-135M,bf16,int4,1,8192,319165056,64,4.987,200.5,200.5
SmolLM2-135M,bf16,int4,1,8192,319165056,128,2.493,401.0,401.0
SmolLM2-135M,bf16,int4,1,8192,319165056,256,1.247,802.1,802.1
SmolLM2-135M,bf16,int4,1,8192,319165056,512,0.623,1604.2,1604.2
SmolLM2-135M,bf16,int4,4,128,272163456,4,68.041,14.7,58.8
SmolLM2-135M,bf16,int4,4,128,272163456,8,34.020,29.4,117.6
SmolLM2-135M,bf16,int4,4,128,272163456,16,17.010,58.8,235.2
SmolLM2-135M,bf16,int4,4,128,272163456,32,8.505,117.6,470.3
SmolLM2-135M,bf16,int4,4,128,272163456,64,4.253,235.2,940.6
SmolLM2-135M,bf16,int4,4,128,272163456,128,2.126,470.3,1881.2
SmolLM2-135M,bf16,int4,4,128,272163456,256,1.063,940.6,3762.4
SmolLM2-135M,bf16,int4,4,128,272163456,512,0.532,1881.2,7524.9
SmolLM2-135M,bf16,int4,4,256,275296896,4,68.824,14.5,58.1
SmolLM2-135M,bf16,int4,4,256,275296896,8,34.412,29.1,116.2
SmolLM2-135M,bf16,int4,4,256,275296896,16,17.206,58.1,232.5
SmolLM2-135M,bf16,int4,4,256,275296896,32,8.603,116.2,465.0
SmolLM2-135M,bf16,int4,4,256,275296896,64,4.302,232.5,929.9
SmolLM2-135M,bf16,int4,4,256,275296896,128,2.151,465.0,1859.8
SmolLM2-135M,bf16,int4,4,256,275296896,256,1.075,929.9,3719.6
SmolLM2-135M,bf16,int4,4,256,275296896,512,0.538,1859.8,7439.2
SmolLM2-135M,bf16,int4,4,512,281563776,4,70.391,14.2,56.8
SmolLM2-135M,bf16,int4,4,512,281563776,8,35.195,28.4,113.7
SmolLM2-135M,bf16,int4,4,512,281563776,16,17.598,56.8,227.3
SmolLM2-135M,bf16,int4,4,512,281563776,32,8.799,113.7,454.6
SmolLM2-135M,bf16,int4,4,512,281563776,64,4.399,227.3,909.2
SmolLM2-135M,bf16,int4,4,512,281563776,128,2.200,454.6,1818.4
SmolLM2-135M,bf16,int4,4,512,281563776,256,1.100,909.2,3636.8
SmolLM2-135M,bf16,int4,4,512,281563776,512,0.550,1818.4,7273.7
SmolLM2-135M,bf16,int4,4,1024,294097536,4,73.524,13.6,54.4
SmolLM2-135M,bf16,int4,4,1024,294097536,8,36.762,27.2,108.8
SmolLM2-135M,bf16,int4,4,1024,294097536,16,18.381,54.4,217.6
SmolLM2-135M,bf16,int4,4,1024,294097536,32,9.191,108.8,435.2
SmolLM2-135M,bf16,int4,4,1024,294097536,64,4.595,217.6,870.5
SmolLM2-135M,bf16,int4,4,1024,294097536,128,2.298,435.2,1740.9
SmolLM2-135M,bf16,int4,4,1024,294097536,256,1.149,870.5,3481.8
SmolLM2-135M,bf16,int4,4,1024,294097536,512,0.574,1740.9,6963.7
SmolLM2-135M,bf16,int4,4,2048,319165056,4,79.791,12.5,50.1
SmolLM2-135M,bf16,int4,4,2048,319165056,8,39.896,25.1,100.3
SmolLM2-135M,bf16,int4,4,2048,319165056,16,19.948,50.1,200.5
SmolLM2-135M,bf16,int4,4,2048,319165056,32,9.974,100.3,401.0
SmolLM2-135M,bf16,int4,4,2048,319165056,64,4.987,200.5,802.1
SmolLM2-135M,bf16,int4,4,2048,319165056,128,2.493,401.0,1604.2
SmolLM2-135M,bf16,int4,4,2048,319165056,256,1.247,802.1,3208.4
SmolLM2-135M,bf16,int4,4,2048,319165056,512,0.623,1604.2,6416.7
SmolLM2-135M,bf16,int4,4,4096,369300096,4,92.325,10.8,43.3
SmolLM2-135M,bf16,int4,4,4096,369300096,8,46.163,21.7,86.7
SmolLM2-135M,bf16,int4,4,4096,369300096,16,23.081,43.3,173.3
SmolLM2-135M,bf16,int4,4,4096,369300096,32,11.541,86.7,346.6
SmolLM2-135M,bf16,int4,4,4096,369300096,64,5.770,173.3,693.2
SmolLM2-135M,bf16,int4,4,4096,369300096,128,2.885,346.6,1386.4
SmolLM2-135M,bf16,int4,4,4096,369300096,256,1.443,693.2,2772.8
SmolLM2-135M,bf16,int4,4,4096,369300096,512,0.721,1386.4,5545.6
SmolLM2-135M,bf16,int4,4,8192,469570176,4,117.393,8.5,34.1
SmolLM2-135M,bf16,int4,4,8192,469570176,8,58.696,17.0,68.1
SmolLM2-135M,bf16,int4,4,8192,469570176,16,29.348,34.1,136.3
SmolLM2-135M,bf16,int4,4,8192,469570176,32,14.674,68.1,272.6
SmolLM2-135M,bf16,int4,4,8192,469570176,64,7.337,136.3,545.2
SmolLM2-135M,bf16,int4,4,8192,469570176,128,3.669,272.6,1090.4
SmolLM2-135M,bf16,int4,4,8192,469570176,256,1.834,545.2,2180.7
SmolLM2-135M,bf16,int4,4,8192,469570176,512,0.917,1090.4,4361.4
SmolLM2-135M,bf16,int4,16,128,281563776,4,70.391,14.2,227.3
SmolLM2-135M,bf16,int4,16,128,281563776,8,35.195,28.4,454.6
SmolLM2-135M,bf16,int4,16,128,281563776,16,17.598,56.8,909.2
SmolLM2-135M,bf16,int4,16,128,281563776,32,8.799,113.7,1818.4
SmolLM2-135M,bf16,int4,16,128,281563776,64,4.399,227.3,3636.8
SmolLM2-135M,bf16,int4,16,128,281563776,128,2.200,454.6,7273.7
SmolLM2-135M,bf16,int4,16,128,281563776,256,1.100,909.2,14547.3
SmolLM2-135M,bf16,int4,16,128,281563776,512,0.550,1818.4,29094.7
SmolLM2-135M,bf16,int4,16,256,294097536,4,73.524,13.6,217.6
SmolLM2-135M,bf16,int4,16,256,294097536,8,36.762,27.2,435.2
SmolLM2-135M,bf16,int4,16,256,294097536,16,18.381,54.4,870.5
SmolLM2-135M,bf16,int4,16,256,294097536,32,9.191,108.8,1740.9
SmolLM2-135M,bf16,int4,16,256,294097536,64,4.595,217.6,3481.8
SmolLM2-135M,bf16,int4,16,256,294097536,128,2.298,435.2,6963.7
SmolLM2-135M,bf16,int4,16,256,294097536,256,1.149,870.5,13927.4
SmolLM2-135M,bf16,int4,16,256,294097536,512,0.574,1740.9,27854.7
SmolLM2-135M,bf16,int4,16,512,319165056,4,79.791,12.5,200.5
SmolLM2-135M,bf16,int4,16,512,319165056,8,39.896,25.1,401.0
SmolLM2-135M,bf16,int4,16,512,319165056,16,19.948,50.1,802.1
SmolLM2-135M,bf16,int4,16,512,319165056,32,9.974,100.3,1604.2
SmolLM2-135M,bf16,int4,16,512,319165056,64,4.987,200.5,3208.4
SmolLM2-135M,bf16,int4,16,512,319165056,128,2.493,401.0,6416.7
SmolLM2-135M,bf16,int4,16,512,319165056,256,1.247,802.1,12833.5
SmolLM2-135M,bf16,int4,16,512,319165056,512,0.623,1604.2,25667.0
SmolLM2-135M,bf16,int4,16,1024,369300096,4,92.325,10.8,173.3
SmolLM2-135M,bf16,int4,16,1024,369300096,8,46.163,21.7,346.6
SmolLM2-135M,bf16,int4,16,1024,369300096,16,23.081,43.3,693.2
SmolLM2-135M,bf16,int4,16,1024,369300096,32,11.541,86.7,1386.4
SmolLM2-135M,bf16,int4,16,1024,369300096,64,5.770,173.3,2772.8
SmolLM2-135M,bf16,int4,16,1024,369300096,128,2.885,346.6,5545.6
SmolLM2-135M,bf16,int4,16,1024,369300096,256,1.443,693.2,11091.3
SmolLM2-135M,bf16,int4,16,1024,369300096,512,0.721,1386.4,22182.5
SmolLM2-135M,bf16,int4,16,2048,469570176,4,117.393,8.5,136.3
SmolLM2-135M,bf16,int4,16,2048,469570176,8,58.696,17.0,272.6
SmolLM2-135M,bf16,int4,16,2048,469570176,16,29.348,34.1,545.2
SmolLM2-135M,bf16,int4,16,2048,469570176,32,14.674,68.1,1090.4
SmolLM2-135M,bf16,int4,16,2048,469570176,64,7.337,136.3,2180.7
SmolLM2-135M,bf16,int4,16,2048,469570176,128,3.669,272.6,4361.4
SmolLM2-135M,bf16,int4,16,2048,469570176,256,1.834,545.2,8722.9
SmolLM2-135M,bf16,int4,16,2048,469570176,512,0.917,1090.4,17445.7
SmolLM2-135M,bf16,int4,16,4096,670110336,4,167.528,6.0,95.5
SmolLM2-135M,bf16,int4,16,4096,670110336,8,83.764,11.9,191.0
SmolLM2-135M,bf16,int4,16,4096,670110336,16,41.882,23.9,382.0
SmolLM2-135M,bf16,int4,16,4096,670110336,32,20.941,47.8,764.1
SmolLM2-135M,bf16,int4,16,4096,670110336,64,10.470,95.5,1528.1
SmolLM2-135M,bf16,int4,16,4096,670110336,128,5.235,191.0,3056.2
SmolLM2-135M,bf16,int4,16,4096,670110336,256,2.618,382.0,6112.4
SmolLM2-135M,bf16,int4,16,4096,670110336,512,1.309,764.1,12224.9
SmolLM2-135M,bf16,int4,16,8192,1071190656,4,267.798,3.7,59.7
SmolLM2-135M,bf16,int4,16,8192,1071190656,8,133.899,7.5,119.5
SmolLM2-135M,bf16,int4,16,8192,1071190656,16,66.949,14.9,239.0
SmolLM2-135M,bf16,int4,16,8192,1071190656,32,33.475,29.9,478.0
SmolLM2-135M,bf16,int4,16,8192,1071190656,64,16.737,59.7,955.9
SmolLM2-135M,bf16,int4,16,8192,1071190656,128,8.369,119.5,1911.9
SmolLM2-135M,bf16,int4,16,8192,1071190656,256,4.184,239.0,3823.8
SmolLM2-135M,bf16,int4,16,8192,1071190656,512,2.092,478.0,7647.6
SmolLM2-135M,bf16,int4,64,128,319165056,4,79.791,12.5,802.1
SmolLM2-135M,bf16,int4,64,128,319165056,8,39.896,25.1,1604.2
SmolLM2-135M,bf16,int4,64,128,319165056,16,19.948,50.1,3208.4
SmolLM2-135M,bf16,int4,64,128,319165056,32,9.974,100.3,6416.7
SmolLM2-135M,bf16,int4,64,128,319165056,64,4.987,200.5,12833.5
SmolLM2-135M,bf16,int4,64,128,319165056,128,2.493,401.0,25667.0
SmolLM2-135M,bf16,int4,64,128,319165056,256,1.247,802.1,51333.9
SmolLM2-135M,bf16,int4,64,128,319165056,512,0.623,1604.2,102667.9
SmolLM2-135M,bf16,int4,64,256,369300096,4,92.325,10.8,693.2
SmolLM2-135M,bf16,int4,64,256,369300096,8,46.163,21.7,1386.4
SmolLM2-135M,bf16,int4,64,256,369300096,16,23.081,43.3,2772.8
SmolLM2-135M,bf16,int4,64,256,369300096,32,11.541,86.7,5545.6
SmolLM2-135M,bf16,int4,64,256,369300096,64,5.770,173.3,11091.3
SmolLM2-135M,bf16,int4,64,256,369300096,128,2.885,346.6,22182.5
SmolLM2-135M,bf16,int4,64,256,369300096,256,1.443,693.2,44365.0
SmolLM2-135M,bf16,int4,64,256,369300096,512,0.721,1386.4,88730.0
SmolLM2-135M,bf16,int4,64,512,469570176,4,117.393,8.5,545.2
SmolLM2-135M,bf16,int4,64,512,469570176,8,58.696,17.0,1090.4
SmolLM2-135M,bf16,int4,64,512,469570176,16,29.348,34.1,2180.7
SmolLM2-135M,bf16,int4,64,512,469570176,32,14.674,68.1,4361.4
SmolLM2-135M,bf16,int4,64,512,469570176,64,7.337,136.3,8722.9
SmolLM2-135M,bf16,int4,64,512,469570176,128,3.669,272.6,17445.7
SmolLM2-135M,bf16,int4,64,512,469570176,256,1.834,545.2,34891.5
SmolLM2-135M,bf16,int4,64,512,469570176,512,0.917,1090.4,69783.0
SmolLM2-135M,bf16,int4,64,1024,670110336,4,167.528,6.0,382.0
SmolLM2-135M,bf16,int4,64,1024,670110336,8,83.764,11.9,764.1
SmolLM2-135M,bf16,int4,64,1024,670110336,16,41.882,23.9,1528.1
SmolLM2-135M,bf16,int4,64,1024,670110336,32,20.941,47.8,3056.2
SmolLM2-135M,bf16,int4,64,1024,670110336,64,10.470,95.5,6112.4
SmolLM2-135M,bf16,int4,64,1024,670110336,128,5.235,191.0,12224.9
SmolLM2-135M,bf16,int4,64,1024,670110336,256,2.618,382.0,24449.7
SmolLM2-135M,bf16,int4,64,1024,670110336,512,1.309,764.1,48899.4
SmolLM2-135M,bf16,int4,64,2048,1071190656,4,267.798,3.7,239.0
SmolLM2-135M,bf16,int4,64,2048,1071190656,8,133.899,7.5,478.0
SmolLM2-135M,bf16,int4,64,2048,1071190656,16,66.949,14.9,955.9
SmolLM2-135M,bf16,int4,64,2048,1071190656,32,33.475,29.9,1911.9
SmolLM2-135M,bf16,int4,64,2048,1071190656,64,16.737,59.7,3823.8
SmolLM2-135M,bf16,int4,64,2048,1071190656,128,8.369,119.5,7647.6
SmolLM2-135M,bf16,int4,64,2048,1071190656,256,4.184,239.0,15295.1
SmolLM2-135M,bf16,int4,64,2048,1071190656,512,2.092,478.0,30590.3
SmolLM2-135M,bf16,int4,64,4096,1873351296,4,468.338,2.1,136.7
SmolLM2-135M,bf16,int4,64,4096,1873351296,8,234.169,4.3,273.3
SmolLM2-135M,bf16,int4,64,4096,1873351296,16,117.084,8.5,546.6
SmolLM2-135M,bf16,int4,64,4096,1873351296,32,58.542,17.1,1093.2
SmolLM2-135M,bf16,int4,64,4096,1873351296,64,29.271,34.2,2186.5
SmolLM2-135M,bf16,int4,64,4096,1873351296,128,14.636,68.3,4372.9
SmolLM2-135M,bf16,int4,64,4096,1873351296,256,7.318,136.7,8745.8
SmolLM2-135M,bf16,int4,64,4096,1873351296,512,3.659,273.3,17491.6
SmolLM2-135M,bf16,int4,64,8192,3477672576,4,869.418,1.2,73.6
SmolLM2-135M,bf16,int4,64,8192,3477672576,8,434.709,2.3,147.2
SmolLM2-135M,bf16,int4,64,8192,3477672576,16,217.355,4.6,294.4
SmolLM2-135M,bf16,int4,64,8192,3477672576,32,108.677,9.2,588.9
SmolLM2-135M,bf16,int4,64,8192,3477672576,64,54.339,18.4,1177.8
SmolLM2-135M,bf16,int4,64,8192,3477672576,128,27.169,36.8,2355.6
SmolLM2-135M,bf16,int4,64,8192,3477672576,256,13.585,73.6,4711.2
SmolLM2-135M,bf16,int4,64,8192,3477672576,512,6.792,147.2,9422.4
SmolLM2-135M,int8,bf16,1,128,166121856,4,41.530,24.1,24.1
SmolLM2-135M,int8,bf16,1,128,166121856,8,20.765,48.2,48.2
SmolLM2-135M,int8,bf16,1,128,166121856,16,10.383,96.3,96.3
SmolLM2-135M,int8,bf16,1,128,166121856,32,5.191,192.6,192.6
SmolLM2-135M,int8,bf16,1,128,166121856,64,2.596,385.3,385.3
SmolLM2-135M,int8,bf16,1,128,166121856,128,1.298,770.5,770.5
SmolLM2-135M,int8,bf16,1,128,166121856,256,0.649,1541.0,1541.0
SmolLM2-135M,int8,bf16,1,128,166121856,512,0.324,3082.1,3082.1
SmolLM2-135M,int8,bf16,1,256,169070976,4,42.268,23.7,23.7
SmolLM2-135M,int8,bf16,1,256,169070976,8,21.134,47.3,47.3
SmolLM2-135M,int8,bf16,1,256,169070976,16,10.567,94.6,94.6
SmolLM2-135M,int8,bf16,1,256,169070976,32,5.283,189.3,189.3
SmolLM2-135M,int8,bf16,1,256,169070976,64,2.642,378.5,378.5
SmolLM2-135M,int8,bf16,1,256,169070976,128,1.321,757.1,757.1
SmolLM2-135M,int8,bf16,1,256,169070976,256,0.660,1514.2,1514.2
SmolLM2-135M,int8,bf16,1,256,169070976,512,0.330,3028.3,3028.3
SmolLM2-135M,int8,bf16,1,512,174969216,4,43.742,22.9,22.9
SmolLM2-135M,int8,bf16,1,512,174969216,8,21.871,45.7,45.7
SmolLM2-135M,int8,bf16,1,512,174969216,16,10.936,91.4,91.4
SmolLM2-135M,int8,bf16,1,512,174969216,32,5.468,182.9,182.9
SmolLM2-135M,int8,bf16,1,512,174969216,64,2.734,365.8,365.8
SmolLM2-135M,int8,bf16,1,512,174969216,128,1.367,731.6,731.6
SmolLM2-135M,int8,bf16,1,512,174969216,256,0.683,1463.1,1463.1
SmolLM2-135M,int8,bf16,1,512,174969216,512,0.342,2926.2,2926.2
SmolLM2-135M,int8,bf16,1,1024,186765696,4,46.691,21.4,21.4
SmolLM2-135M,int8,bf16,1,1024,186765696,8,23.346,42.8,42.8
SmolLM2-135M,int8,bf16,1,1024,186765696,16,11.673,85.7,85.7
SmolLM2-135M,int8,bf16,1,1024,186765696,32,5.836,171.3,171.3
SmolLM2-135M,int8,bf16,1,1024,186765696,64,2.918,342.7,342.7
SmolLM2-135M,int8,bf16,1,1024,186765696,128,1.459,685.4,685.4
SmolLM2-135M,int8,bf16,1,1024,186765696,256,0.730,1370.7,1370.7
SmolLM2-135M,int8,bf16,1,1024,186765696,512,0.365,2741.4,2741.4
SmolLM2-135M,int8,bf16,1,2048,210358656,4,52.590,19.0,19.0
SmolLM2-135M,int8,bf16,1,2048,210358656,8,26.295,38.0,38.0
SmolLM2-135M,int8,bf16,1,2048,210358656,16,13.147,76.1,76.1
SmolLM2-135M,int8,bf16,1,2048,210358656,32,6.574,152.1,152.1
SmolLM2-135M,int8,bf16,1,2048,210358656,64,3.287,304.2,304.2
SmolLM2-135M,int8,bf16,1,2048,210358656,128,1.643,608.5,608.5
SmolLM2-135M,int8,bf16,1,2048,210358656,256,0.822,1217.0,1217.0
SmolLM2-135M,int8,bf16,1,2048,210358656,512,0.411,2433.9,2433.9
SmolLM2-135M,int8,bf16,1,4096,257544576,4,64.386,15.5,15.5
SmolLM2-135M,int8,bf16,1,4096,257544576,8,32.193,31.1,31.1
SmolLM2-135M,int8,bf16,1,4096,257544576,16,16.097,62.1,62.1
SmolLM2-135M,int8,bf16,1,4096,257544576,32,8.048,124.3,124.3
SmolLM2-135M,int8,bf16,1,4096,257544576,64,4.024,248.5,248.5
SmolLM2-135M,int8,bf16,1,4096,257544576,128,2.012,497.0,497.0
SmolLM2-135M,int8,bf16,1,4096,257544576,256,1.006,994.0,994.0
SmolLM2-135M,int8,bf16,1,4096,257544576,512,0.503,1988.0,1988.0
SmolLM2-135M,int8,bf16,1,8192,351916416,4,87.979,11.4,11.4
SmolLM2-135M,int8,bf16,1,8192,351916416,8,43.990,22.7,22.7
SmolLM2-135M,int8,bf16,1,8192,351916416,16,21.995,45.5,45.5
SmolLM2-135M,int8,bf16,1,8192,351916416,32,10.997,90.9,90.9
SmolLM2-135M,int8,bf16,1,8192,351916416,64,5.499,181.9,181.9
SmolLM2-135M,int8,bf16,1,8192,351916416,128,2.749,363.7,363.7
SmolLM2-135M,int8,bf16,1,8192,351916416,256,1.375,727.4,727.4
SmolLM2-135M,int8,bf16,1,8192,351916416,512,0.687,1454.9,1454.9
SmolLM2-135M,int8,bf16,4,128,174969216,4,43.742,22.9,91.4
SmolLM2-135M,int8,bf16,4,128,174969216,8,21.871,45.7,182.9
SmolLM2-135M,int8,bf16,4,128,174969216,16,10.936,91.4,365.8
SmolLM2-135M,int8,bf16,4,128,174969216,32,5.468,182.9,731.6
SmolLM2-135M,int8,bf16,4,128,174969216,64,2.734,365.8,1463.1
SmolLM2-135M,int8,bf16,4,128,174969216,128,1.367,731.6,2926.2
SmolLM2-135M,int8,bf16,4,128,174969216,256,0.683,1463.1,5852.5
SmolLM2-135M,int8,bf16,4,128,174969216,512,0.342,2926.2,11704.9
SmolLM2-135M,int8,bf16,4,256,186765696,4,46.691,21.4,85.7
SmolLM2-135M,int8,bf16,4,256,186765696,8,23.346,42.8,171.3
SmolLM2-135M,int8,bf16,4,256,186765696,16,11.673,85.7,342.7
SmolLM2-135M,int8,bf16,4,256,186765696,32,5.836,171.3,685.4
SmolLM2-135M,int8,bf16,4,256,186765696,64,2.918,342.7,1370.7
SmolLM2-135M,int8,bf16,4,256,186765696,128,1.459,685.4,2741.4
SmolLM2-135M,int8,bf16,4,256,186765696,256,0.730,1370.7,5482.8
SmolLM2-135M,int8,bf16,4,256,186765696,512,0.365,2741.4,10965.6
SmolLM2-135M,int8,bf16,4,512,210358656,4,52.590,19.0,76.1
SmolLM2-135M,int8,bf16,4,512,210358656,8,26.295,38.0,152.1
SmolLM2-135M,int8,bf16,4,512,210358656,16,13.147,76.1,304.2
SmolLM2-135M,int8,bf16,4,512,210358656,32,6.574,152.1,608.5
SmolLM2-135M,int8,bf16,4,512,210358656,64,3.287,304.2,1217.0
SmolLM2-135M,int8,bf16,4,512,210358656,128,1.643,608.5,2433.9
SmolLM2-135M,int8,bf16,4,512,210358656,256,0.822,1217.0,4867.9
SmolLM2-135M,int8,bf16,4,512,210358656,512,0.411,2433.9,9735.8
SmolLM2-135M,int8,bf16,4,1024,257544576,4,64.386,15.5,62.1
SmolLM2-135M,int8,bf16,4,1024,257544576,8,32.193,31.1,124.3
SmolLM2-135M,int8,bf16,4,1024,257544576,16,16.097,62.1,248.5
SmolLM2-135M,int8,bf16,4,1024,257544576,32,8.048,124.3,497.0
SmolLM2-135M,int8,bf16,4,1024,257544576,64,4.024,248.5,994.0
SmolLM2-135M,int8,bf16,4,1024,257544576,128,2.012,497.0,1988.0
SmolLM2-135M,int8,bf16,4,1024,257544576,256,1.006,994.0,3976.0
SmolLM2-135M,int8,bf16,4,1024,257544576,512,0.503,1988.0,7952.0
SmolLM2-135M,int8,bf16,4,2048,351916416,4,87.979,11.4,45.5
SmolLM2-135M,int8,bf16,4,2048,351916416,8,43.990,22.7,90.9
SmolLM2-135M,int8,bf16,4,2048,351916416,16,21.995,45.5,181.9
SmolLM2-135M,int8,bf16,4,2048,351916416,32,10.997,90.9,363.7
SmolLM2-135M,int8,bf16,4,2048,351916416,64,5.499,181.9,727.4
SmolLM2-135M,int8,bf16,4,2048,351916416,128,2.749,363.7,1454.9
SmolLM2-135M,int8,bf16,4,2048,351916416,256,1.375,727.4,2909.8
SmolLM2-135M,int8,bf16,4,2048,351916416,512,0.687,1454.9,5819.6
SmolLM2-135M,int8,bf16,4,4096,540660096,4,135.165,7.4,29.6
SmolLM2-135M,int8,bf16,4,4096,540660096,8,67.583,14.8,59.2
SmolLM2-135M,int8,bf16,4,4096,540660096,16,33.791,29.6,118.4
SmolLM2-135M,int8,bf16,4,4096,540660096,32,16.896,59.2,236.7
SmolLM2-135M,int8,bf16,4,4096,540660096,64,8.448,118.4,473.5
SmolLM2-135M,int8,bf16,4,4096,540660096,128,4.224,236.7,947.0
SmolLM2-135M,int8,bf16,4,4096,540660096,256,2.112,473.5,1894.0
SmolLM2-135M,int8,bf16,4,4096,540660096,512,1.056,947.0,3788.0
SmolLM2-135M,int8,bf16,4,8192,918147456,4,229.537,4.4,17.4
SmolLM2-135M,int8,bf16,4,8192,918147456,8,114.768,8.7,34.9
SmolLM2-135M,int8,bf16,4,8192,918147456,16,57.384,17.4,69.7
SmolLM2-135M,int8,bf16,4,8192,918147456,32,28.692,34.9,139.4
SmolLM2-135M,int8,bf16,4,8192,918147456,64,14.346,69.7,278.8
SmolLM2-135M,int8,bf16,4,8192,918147456,128,7.173,139.4,557.6
SmolLM2-135M,int8,bf16,4,8192,918147456,256,3.587,278.8,1115.3
SmolLM2-135M,int8,bf16,4,8192,918147456,512,1.793,557.6,2230.6
SmolLM2-135M,int8,bf16,16,128,210358656,4,52.590,19.0,304.2
SmolLM2-135M,int8,bf16,16,128,210358656,8,26.295,38.0,608.5
SmolLM2-135M,int8,bf16,16,128,210358656,16,13.147,76.1,1217.0
SmolLM2-135M,int8,bf16,16,128,210358656,32,6.574,152.1,2433.9
SmolLM2-135M,int8,bf16,16,128,210358656,64,3.287,304.2,4867.9
SmolLM2-135M,int8,bf16,16,128,210358656,128,1.643,608.5,9735.8
SmolLM2-135M,int8,bf16,16,128,210358656,256,0.822,1217.0,19471.5
SmolLM2-135M,int8,bf16,16,128,210358656,512,0.411,2433.9,38943.0
SmolLM2-135M,int8,bf16,16,256,257544576,4,64.386,15.5,248.5
SmolLM2-135M,int8,bf16,16,256,257544576,8,32.193,31.1,497.0
SmolLM2-135M,int8,bf16,16,256,257544576,16,16.097,62.1,994.0
SmolLM2-135M,int8,bf16,16,256,257544576,32,8.048,124.3,1988.0
SmolLM2-135M,int8,bf16,16,256,257544576,64,4.024,248.5,3976.0
SmolLM2-135M,int8,bf16,16,256,257544576,128,2.012,497.0,7952.0
SmolLM2-135M,int8,bf16,16,256,257544576,256,1.006,994.0,15904.0
SmolLM2-135M,int8,bf16,16,256,257544576,512,0.503,1988.0,31808.1
SmolLM2-135M,int8,bf16,16,512,351916416,4,87.979,11.4,181.9
SmolLM2-135M,int8,bf16,16,512,351916416,8,43.990,22.7,363.7
SmolLM2-135M,int8,bf16,16,512,351916416,16,21.995,45.5,727.4
SmolLM2-135M,int8,bf16,16,512,351916416,32,10.997,90.9,1454.9
SmolLM2-135M,int8,bf16,16,512,351916416,64,5.499,181.9,2909.8
SmolLM2-135M,int8,bf16,16,512,351916416,128,2.749,363.7,5819.6
SmolLM2-135M,int8,bf16,16,512,351916416,256,1.375,727.4,11639.1
SmolLM2-135M,int8,bf16,16,512,351916416,512,0.687,1454.9,23278.3
SmolLM2-135M,int8,bf16,16,1024,540660096,4,135.165,7.4,118.4
SmolLM2-135M,int8,bf16,16,1024,540660096,8,67.583,14.8,236.7
SmolLM2-135M,int8,bf16,16,1024,540660096,16,33.791,29.6,473.5
SmolLM2-135M,int8,bf16,16,1024,540660096,32,16.896,59.2,947.0
SmolLM2-135M,int8,bf16,16,1024,540660096,64,8.448,118.4,1894.0
SmolLM2-135M,int8,bf16,16,1024,540660096,128,4.224,236.7,3788.0
SmolLM2-135M,int8,bf16,16,1024,540660096,256,2.112,473.5,7575.9
SmolLM2-135M,int8,bf16,16,1024,540660096,512,1.056,947.0,15151.8
SmolLM2-135M,int8,bf16,16,2048,918147456,4,229.537,4.4,69.7
SmolLM2-135M,int8,bf16,16,2048,918147456,8,114.768,8.7,139.4
SmolLM2-135M,int8,bf16,16,2048,918147456,16,57.384,17.4,278.8
SmolLM2-135M,int8,bf16,16,2048,918147456,32,28.692,34.9,557.6
SmolLM2-135M,int8,bf16,16,2048,918147456,64,14.346,69.7,1115.3
SmolLM2-135M,int8,bf16,16,2048,918147456,128,7.173,139.4,2230.6
SmolLM2-135M,int8,bf16,16,2048,918147456,256,3.587,278.8,4461.2
SmolLM2-135M,int8,bf16,16,2048,918147456,512,1.793,557.6,8922.3
SmolLM2-135M,int8,bf16,16,4096,1673122176,4,418.281,2.4,38.3
SmolLM2-135M,int8,bf16,16,4096,1673122176,8,209.140,4.8,76.5
SmolLM2-135M,int8,bf16,16,4096,1673122176,16,104.570,9.6,153.0
SmolLM2-135M,int8,bf16,16,4096,1673122176,32,52.285,19.1,306.0
SmolLM2-135M,int8,bf16,16,4096,1673122176,64,26.143,38.3,612.0
SmolLM2-135M,int8,bf16,16,4096,1673122176,128,13.071,76.5,1224.1
SmolLM2-135M,int8,bf16,16,4096,1673122176,256,6.536,153.0,2448.1
SmolLM2-135M,int8,bf16,16,4096,1673122176,512,3.268,306.0,4896.2
SmolLM2-135M,int8,bf16,16,8192,3183071616,4,795.768,1.3,20.1
SmolLM2-135M,int8,bf16,16,8192,3183071616,8,397.884,2.5,40.2
SmolLM2-135M,int8,bf16,16,8192,3183071616,16,198.942,5.0,80.4
SmolLM2-135M,int8,bf16,16,8192,3183071616,32,99.471,10.1,160.9
SmolLM2-135M,int8,bf16,16,8192,3183071616,64,49.735,20.1,321.7
SmolLM2-135M,int8,bf16,16,8192,3183071616,128,24.868,40.2,643.4
SmolLM2-135M,int8,bf16,16,8192,3183071616,256,12.434,80.4,1286.8
SmolLM2-135M,int8,bf16,16,8192,3183071616,512,6.217,160.9,2573.6
SmolLM2-135M,int8,bf16,64,128,351916416,4,87.979,11.4,727.4
SmolLM2-135M,int8,bf16,64,128,351916416,8,43.990,22.7,1454.9
SmolLM2-135M,int8,bf16,64,128,351916416,16,21.995,45.5,2909.8
SmolLM2-135M,int8,bf16,64,128,351916416,32,10.997,90.9,5819.6
SmolLM2-135M,int8,bf16,64,128,351916416,64,5.499,181.9,11639.1
SmolLM2-135M,int8,bf16,64,128,351916416,128,2.749,363.7,23278.3
SmolLM2-135M,int8,bf16,64,128,351916416,256,1.375,727.4,46556.5
SmolLM2-135M,int8,bf16,64,128,351916416,512,0.687,1454.9,93113.0
SmolLM2-135M,int8,bf16,64,256,540660096,4,135.165,7.4,473.5
SmolLM2-135M,int8,bf16,64,256,540660096,8,67.583,14.8,947.0
SmolLM2-135M,int8,bf16,64,256,540660096,16,33.791,29.6,1894.0
SmolLM2-135M,int8,bf16,64,256,540660096,32,16.896,59.2,3788.0
SmolLM2-135M,int8,bf16,64,256,540660096,64,8.448,118.4,7575.9
SmolLM2-135M,int8,bf16,64,256,540660096,128,4.224,236.7,15151.8
SmolLM2-135M,int8,bf16,64,256,540660096,256,2.112,473.5,30303.7
SmolLM2-135M,int8,bf16,64,256,540660096,512,1.056,947.0,60607.4
SmolLM2-135M,int8,bf16,64,512,918147456,4,229.537,4.4,278.8
SmolLM2-135M,int8,bf16,64,512,918147456,8,114.768,8.7,557.6
SmolLM2-135M,int8,bf16,64,512,918147456,16,57.384,17.4,1115.3
SmolLM2-135M,int8,bf16,64,512,918147456,32,28.692,34.9,2230.6
SmolLM2-135M,int8,bf16,64,512,918147456,64,14.346,69.7,4461.2
SmolLM2-135M,int8,bf16,64,512,918147456,128,7.173,139.4,8922.3
SmolLM2-135M,int8,bf16,64,512,918147456,256,3.587,278.8,17844.6
SmolLM2-135M,int8,bf16,64,512,918147456,512,1.793,557.6,35689.3
SmolLM2-135M,int8,bf16,64,1024,1673122176,4,418.281,2.4,153.0
SmolLM2-135M,int8,bf16,64,1024,1673122176,8,209.140,4.8,306.0
SmolLM2-135M,int8,bf16,64,1024,1673122176,16,104.570,9.6,612.0
SmolLM2-135M,int8,bf16,64,1024,1673122176,32,52.285,19.1,1224.1
SmolLM2-135M,int8,bf16,64,1024,1673122176,64,26.143,38.3,2448.1
SmolLM2-135M,int8,bf16,64,1024,1673122176,128,13.071,76.5,4896.2
SmolLM2-135M,int8,bf16,64,1024,1673122176,256,6.536,153.0,9792.5
SmolLM2-135M,int8,bf16,64,1024,1673122176,512,3.268,306.0,19584.9
SmolLM2-135M,int8,bf16,64,2048,3183071616,4,795.768,1.3,80.4
SmolLM2-135M,int8,bf16,64,2048,3183071616,8,397.884,2.5,160.9
SmolLM2-135M,int8,bf16,64,2048,3183071616,16,198.942,5.0,321.7
SmolLM2-135M,int8,bf16,64,2048,3183071616,32,99.471,10.1,643.4
SmolLM2-135M,int8,bf16,64,2048,3183071616,64,49.735,20.1,1286.8
SmolLM2-135M,int8,bf16,64,2048,3183071616,128,24.868,40.2,2573.6
SmolLM2-135M,int8,bf16,64,2048,3183071616,256,12.434,80.4,5147.2
SmolLM2-135M,int8,bf16,64,2048,3183071616,512,6.217,160.9,10294.5
SmolLM2-135M,int8,bf16,64,4096,6202970496,4,1550.743,0.6,41.3
SmolLM2-135M,int8,bf16,64,4096,6202970496,8,775.371,1.3,82.5
SmolLM2-135M,int8,bf16,64,4096,6202970496,16,387.686,2.6,165.1
SmolLM2-135M,int8,bf16,64,4096,6202970496,32,193.843,5.2,330.2
SmolLM2-135M,int8,bf16,64,4096,6202970496,64,96.921,10.3,660.3
SmolLM2-135M,int8,bf16,64,4096,6202970496,128,48.461,20.6,1320.7
SmolLM2-135M,int8,bf16,64,4096,6202970496,256,24.230,41.3,2641.3
SmolLM2-135M,int8,bf16,64,4096,6202970496,512,12.115,82.5,5282.6
SmolLM2-135M,int8,bf16,64,8192,12242768256,4,3060.692,0.3,20.9
SmolLM2-135M,int8,bf16,64,8192,12242768256,8,1530.346,0.7,41.8
SmolLM2-135M,int8,bf16,64,8192,12242768256,16,765.173,1.3,83.6
SmolLM2-135M,int8,bf16,64,8192,12242768256,32,382.587,2.6,167.3
SmolLM2-135M,int8,bf16,64,8192,12242768256,64,191.293,5.2,334.6
SmolLM2-135M,int8,bf16,64,8192,12242768256,128,95.647,10.5,669.1
SmolLM2-135M,int8,bf16,64,8192,12242768256,256,47.823,20.9,1338.3
SmolLM2-135M,int8,bf16,64,8192,12242768256,512,23.912,41.8,2676.5
SmolLM2-135M,int8,int8,1,128,164693376,4,41.173,24.3,24.3
SmolLM2-135M,int8,int8,1,128,164693376,8,20.587,48.6,48.6
SmolLM2-135M,int8,int8,1,128,164693376,16,10.293,97.2,97.2
SmolLM2-135M,int8,int8,1,128,164693376,32,5.147,194.3,194.3
SmolLM2-135M,int8,int8,1,128,164693376,64,2.573,388.6,388.6
SmolLM2-135M,int8,int8,1,128,164693376,128,1.287,777.2,777.2
SmolLM2-135M,int8,int8,1,128,164693376,256,0.643,1554.4,1554.4
SmolLM2-135M,int8,int8,1,128,164693376,512,0.322,3108.8,3108.8
SmolLM2-135M,int8,int8,1,256,166214016,4,41.554,24.1,24.1
SmolLM2-135M,int8,int8,1,256,166214016,8,20.777,48.1,48.1
SmolLM2-135M,int8,int8,1,256,166214016,16,10.388,96.3,96.3
SmolLM2-135M,int8,int8,1,256,166214016,32,5.194,192.5,192.5
SmolLM2-135M,int8,int8,1,256,166214016,64,2.597,385.0,385.0
SmolLM2-135M,int8,int8,1,256,166214016,128,1.299,770.1,770.1
SmolLM2-135M,int8,int8,1,256,166214016,256,0.649,1540.2,1540.2
SmolLM2-135M,int8,int8,1,256,166214016,512,0.325,3080.4,3080.4
SmolLM2-135M,int8,int8,1,512,169255296,4,42.314,23.6,23.6
SmolLM2-135M,int8,int8,1,512,169255296,8,21.157,47.3,47.3
SmolLM2-135M,int8,int8,1,512,169255296,16,10.578,94.5,94.5
SmolLM2-135M,int8,int8,1,512,169255296,32,5.289,189.1,189.1
SmolLM2-135M,int8,int8,1,512,169255296,64,2.645,378.1,378.1
SmolLM2-135M,int8,int8,1,512,169255296,128,1.322,756.3,756.3
SmolLM2-135M,int8,int8,1,512,169255296,256,0.661,1512.5,1512.5
SmolLM2-135M,int8,int8,1,512,169255296,512,0.331,3025.0,3025.0
SmolLM2-135M,int8,int8,1,1024,175337856,4,43.834,22.8,22.8
SmolLM2-135M,int8,int8,1,1024,175337856,8,21.917,45.6,45.6
SmolLM2-135M,int8,int8,1,1024,175337856,16,10.959,91.3,91.3
SmolLM2-135M,int8,int8,1,1024,175337856,32,5.479,182.5,182.5
SmolLM2-135M,int8,int8,1,1024,175337856,64,2.740,365.0,365.0
SmolLM2-135M,int8,int8,1,1024,175337856,128,1.370,730.0,730.0
SmolLM2-135M,int8,int8,1,1024,175337856,256,0.685,1460.0,1460.0
SmolLM2-135M,int8,int8,1,1024,175337856,512,0.342,2920.1,2920.1
SmolLM2-135M,int8,int8,1,2048,187502976,4,46.876,21.3,21.3
SmolLM2-135M,int8,int8,1,2048,187502976,8,23.438,42.7,42.7
SmolLM2-135M,int8,int8,1,2048,187502976,16,11.719,85.3,85.3
SmolLM2-135M,int8,int8,1,2048,187502976,32,5.859,170.7,170.7
SmolLM2-135M,int8,int8,1,2048,187502976,64,2.930,341.3,341.3
SmolLM2-135M,int8,int8,1,2048,187502976,128,1.465,682.7,682.7
SmolLM2-135M,int8,int8,1,2048,187502976,256,0.732,1365.3,1365.3
SmolLM2-135M,int8,int8,1,2048,187502976,512,0.366,2730.6,2730.6
SmolLM2-135M,int8,int8,1,4096,211833216,4,52.958,18.9,18.9
SmolLM2-135M,int8,int8,1,4096,211833216,8,26.479,37.8,37.8
SmolLM2-135M,int8,int8,1,4096,211833216,16,13.240,75.5,75.5
SmolLM2-135M,int8,int8,1,4096,211833216,32,6.620,151.1,151.1
SmolLM2-135M,int8,int8,1,4096,211833216,64,3.310,302.1,302.1
SmolLM2-135M,int8,int8,1,4096,211833216,128,1.655,604.2,604.2
SmolLM2-135M,int8,int8,1,4096,211833216,256,0.827,1208.5,1208.5
SmolLM2-135M,int8,int8,1,4096,211833216,512,0.414,2417.0,2417.0
SmolLM2-135M,int8,int8,1,8192,260493696,4,65.123,15.4,15.4
SmolLM2-135M,int8,int8,1,8192,260493696,8,32.562,30.7,30.7
SmolLM2-135M,int8,int8,1,8192,260493696,16,16.281,61.4,61.4
SmolLM2-135M,int8,int8,1,8192,260493696,32,8.140,122.8,122.8
SmolLM2-135M,int8,int8,1,8192,260493696,64,4.070,245.7,245.7
SmolLM2-135M,int8,int8,1,8192,260493696,128,2.035,491.4,491.4
SmolLM2-135M,int8,int8,1,8192,260493696,256,1.018,982.7,982.7
SmolLM2-135M,int8,int8,1,8192,260493696,512,0.509,1965.5,1965.5
SmolLM2-135M,int8,int8,4,128,169255296,4,42.314,23.6,94.5
SmolLM2-135M,int8,int8,4,128,169255296,8,21.157,47.3,189.1
SmolLM2-135M,int8,int8,4,128,169255296,16,10.578,94.5,378.1
SmolLM2-135M,int8,int8,4,128,169255296,32,5.289,189.1,756.3
SmolLM2-135M,int8,int8,4,128,169255296,64,2.645,378.1,1512.5
SmolLM2-135M,int8,int8,4,128,169255296,128,1.322,756.3,3025.0
SmolLM2-135M,int8,int8,4,128,169255296,256,0.661,1512.5,6050.0
SmolLM2-135M,int8,int8,4,128,169255296,512,0.331,3025.0,12100.1
SmolLM2-135M,int8,int8,4,256,175337856,4,43.834,22.8,91.3
SmolLM2-135M,int8,int8,4,256,175337856,8,21.917,45.6,182.5
SmolLM2-135M,int8,int8,4,256,175337856,16,10.959,91.3,365.0
SmolLM2-135M,int8,int8,4,256,175337856,32,5.479,182.5,730.0
SmolLM2-135M,int8,int8,4,256,175337856,64,2.740,365.0,1460.0
SmolLM2-135M,int8,int8,4,256,175337856,128,1.370,730.0,2920.1
SmolLM2-135M,int8,int8,4,256,175337856,256,0.685,1460.0,5840.2
SmolLM2-135M,int8,int8,4,256,175337856,512,0.342,2920.1,11680.3
SmolLM2-135M,int8,int8,4,512,187502976,4,46.876,21.3,85.3
SmolLM2-135M,int8,int8,4,512,187502976,8,23.438,42.7,170.7
SmolLM2-135M,int8,int8,4,512,187502976,16,11.719,85.3,341.3
SmolLM2-135M,int8,int8,4,512,187502976,32,5.859,170.7,682.7
SmolLM2-135M,int8,int8,4,512,187502976,64,2.930,341.3,1365.3
SmolLM2-135M,int8,int8,4,512,187502976,128,1.465,682.7,2730.6
SmolLM2-135M,int8,int8,4,512,187502976,256,0.732,1365.3,5461.2
SmolLM2-135M,int8,int8,4,512,187502976,512,0.366,2730.6,10922.5
SmolLM2-135M,int8,int8,4,1024,211833216,4,52.958,18.9,75.5
SmolLM2-135M,int8,int8,4,1024,211833216,8,26.479,37.8,151.1
SmolLM2-135M,int8,int8,4,1024,211833216,16,13.240,75.5,302.1
SmolLM2-135M,int8,int8,4,1024,211833216,32,6.620,151.1,604.2
SmolLM2-135M,int8,int8,4,1024,211833216,64,3.310,302.1,1208.5
SmolLM2-135M,int8,int8,4,1024,211833216,128,1.655,604.2,2417.0
SmolLM2-135M,int8,int8,4,1024,211833216,256,0.827,1208.5,4834.0
SmolLM2-135M,int8,int8,4,1024,211833216,512,0.414,2417.0,9668.0
SmolLM2-135M,int8,int8,4,2048,260493696,4,65.123,15.4,61.4
SmolLM2-135M,int8,int8,4,2048,260493696,8,32.562,30.7,122.8
SmolLM2-135M,int8,int8,4,2048,260493696,16,16.281,61.4,245.7
SmolLM2-135M,int8,int8,4,2048,260493696,32,8.140,122.8,491.4
SmolLM2-135M,int8,int8,4,2048,260493696,64,4.070,245.7,982.7
SmolLM2-135M,int8,int8,4,2048,260493696,128,2.035,491.4,1965.5
SmolLM2-135M,int8,int8,4,2048,260493696,256,1.018,982.7,3931.0
SmolLM2-135M,int8,int8,4,2048,260493696,512,0.509,1965.5,7862.0
SmolLM2-135M,int8,int8,4,4096,357814656,4,89.454,11.2,44.7
SmolLM2-135M,int8,int8,4,4096,357814656,8,44.727,22.4,89.4
SmolLM2-135M,int8,int8,4,4096,357814656,16,22.363,44.7,178.9
SmolLM2-135M,int8,int8,4,4096,357814656,32,11.182,89.4,357.7
SmolLM2-135M,int8,int8,4,4096,357814656,64,5.591,178.9,715.5
SmolLM2-135M,int8,int8,4,4096,357814656,128,2.795,357.7,1430.9
SmolLM2-135M,int8,int8,4,4096,357814656,256,1.398,715.5,2861.8
SmolLM2-135M,int8,int8,4,4096,357814656,512,0.699,1430.9,5723.6
SmolLM2-135M,int8,int8,4,8192,552456576,4,138.114,7.2,29.0
SmolLM2-135M,int8,int8,4,8192,552456576,8,69.057,14.5,57.9
SmolLM2-135M,int8,int8,4,8192,552456576,16,34.529,29.0,115.8
SmolLM2-135M,int8,int8,4,8192,552456576,32,17.264,57.9,231.7
SmolLM2-135M,int8,int8,4,8192,552456576,64,8.632,115.8,463.4
SmolLM2-135M,int8,int8,4,8192,552456576,128,4.316,231.7,926.8
SmolLM2-135M,int8,int8,4,8192,552456576,256,2.158,463.4,1853.5
SmolLM2-135M,int8,int8,4,8192,552456576,512,1.079,926.8,3707.1
SmolLM2-135M,int8,int8,16,128,187502976,4,46.876,21.3,341.3
SmolLM2-135M,int8,int8,16,128,187502976,8,23.438,42.7,682.7
SmolLM2-135M,int8,int8,16,128,187502976,16,11.719,85.3,1365.3
SmolLM2-135M,int8,int8,16,128,187502976,32,5.859,170.7,2730.6
SmolLM2-135M,int8,int8,16,128,187502976,64,2.930,341.3,5461.2
SmolLM2-135M,int8,int8,16,128,187502976,128,1.465,682.7,10922.5
SmolLM2-135M,int8,int8,16,128,187502976,256,0.732,1365.3,21845.0
SmolLM2-135M,int8,int8,16,128,187502976,512,0.366,2730.6,43690.0
SmolLM2-135M,int8,int8,16,256,211833216,4,52.958,18.9,302.1
SmolLM2-135M,int8,int8,16,256,211833216,8,26.479,37.8,604.2
SmolLM2-135M,int8,int8,16,256,211833216,16,13.240,75.5,1208.5
SmolLM2-135M,int8,int8,16,256,211833216,32,6.620,151.1,2417.0
SmolLM2-135M,int8,int8,16,256,211833216,64,3.310,302.1,4834.0
SmolLM2-135M,int8,int8,16,256,211833216,128,1.655,604.2,9668.0
SmolLM2-135M,int8,int8,16,256,211833216,256,0.827,1208.5,19336.0
SmolLM2-135M,int8,int8,16,256,211833216,512,0.414,2417.0,38671.9
SmolLM2-135M,int8,int8,16,512,260493696,4,65.123,15.4,245.7
SmolLM2-135M,int8,int8,16,512,260493696,8,32.562,30.7,491.4
SmolLM2-135M,int8,int8,16,512,260493696,16,16.281,61.4,982.7
SmolLM2-135M,int8,int8,16,512,260493696,32,8.140,122.8,1965.5
SmolLM2-135M,int8,int8,16,512,260493696,64,4.070,245.7,3931.0
SmolLM2-135M,int8,int8,16,512,260493696,128,2.035,491.4,7862.0
SmolLM2-135M,int8,int8,16,512,260493696,256,1.018,982.7,15724.0
SmolLM2-135M,int8,int8,16,512,260493696,512,0.509,1965.5,31448.0
SmolLM2-135M,int8,int8,16,1024,357814656,4,89.454,11.2,178.9
SmolLM2-135M,int8,int8,16,1024,357814656,8,44.727,22.4,357.7
SmolLM2-135M,int8,int8,16,1024,357814656,16,22.363,44.7,715.5
SmolLM2-135M,int8,int8,16,1024,357814656,32,11.182,89.4,1430.9
SmolLM2-135M,int8,int8,16,1024,357814656,64,5.591,178.9,2861.8
SmolLM2-135M,int8,int8,16,1024,357814656,128,2.795,357.7,5723.6
SmolLM2-135M,int8,int8,16,1024,357814656,256,1.398,715.5,11447.3
SmolLM2-135M,int8,int8,16,1024,357814656,512,0.699,1430.9,22894.5
SmolLM2-135M,int8,int8,16,2048,552456576,4,138.114,7.2,115.8
SmolLM2-135M,int8,int8,16,2048,552456576,8,69.057,14.5,231.7
SmolLM2-135M,int8,int8,16,2048,552456576,16,34.529,29.0,463.4
SmolLM2-135M,int8,int8,16,2048,552456576,32,17.264,57.9,926.8
SmolLM2-135M,int8,int8,16,2048,552456576,64,8.632,115.8,1853.5
SmolLM2-135M,int8,int8,16,2048,552456576,128,4.316,231.7,3707.1
SmolLM2-135M,int8,int8,16,2048,552456576,256,2.158,463.4,7414.2
SmolLM2-135M,int8,int8,16,2048,552456576,512,1.079,926.8,14828.3
SmolLM2-135M,int8,int8,16,4096,941740416,4,235.435,4.2,68.0
SmolLM2-135M,int8,int8,16,4096,941740416,8,117.718,8.5,135.9
SmolLM2-135M,int8,int8,16,4096,941740416,16,58.859,17.0,271.8
SmolLM2-135M,int8,int8,16,4096,941740416,32,29.429,34.0,543.7
SmolLM2-135M,int8,int8,16,4096,941740416,64,14.715,68.0,1087.3
SmolLM2-135M,int8,int8,16,4096,941740416,128,7.357,135.9,2174.7
SmolLM2-135M,int8,int8,16,4096,941740416,256,3.679,271.8,4349.4
SmolLM2-135M,int8,int8,16,4096,941740416,512,1.839,543.7,8698.8
SmolLM2-135M,int8,int8,16,8192,1720308096,4,430.077,2.3,37.2
SmolLM2-135M,int8,int8,16,8192,1720308096,8,215.039,4.7,74.4
SmolLM2-135M,int8,int8,16,8192,1720308096,16,107.519,9.3,148.8
SmolLM2-135M,int8,int8,16,8192,1720308096,32,53.760,18.6,297.6
SmolLM2-135M,int8,int8,16,8192,1720308096,64,26.880,37.2,595.2
SmolLM2-135M,int8,int8,16,8192,1720308096,128,13.440,74.4,1190.5
SmolLM2-135M,int8,int8,16,8192,1720308096,256,6.720,148.8,2381.0
SmolLM2-135M,int8,int8,16,8192,1720308096,512,3.360,297.6,4761.9
SmolLM2-135M,int8,int8,64,128,260493696,4,65.123,15.4,982.7
SmolLM2-135M,int8,int8,64,128,260493696,8,32.562,30.7,1965.5
SmolLM2-135M,int8,int8,64,128,260493696,16,16.281,61.4,3931.0
SmolLM2-135M,int8,int8,64,128,260493696,32,8.140,122.8,7862.0
SmolLM2-135M,int8,int8,64,128,260493696,64,4.070,245.7,15724.0
SmolLM2-135M,int8,int8,64,128,260493696,128,2.035,491.4,31448.0
SmolLM2-135M,int8,int8,64,128,260493696,256,1.018,982.7,62896.0
SmolLM2-135M,int8,int8,64,128,260493696,512,0.509,1965.5,125791.9
SmolLM2-135M,int8,int8,64,256,357814656,4,89.454,11.2,715.5
SmolLM2-135M,int8,int8,64,256,357814656,8,44.727,22.4,1430.9
SmolLM2-135M,int8,int8,64,256,357814656,16,22.363,44.7,2861.8
SmolLM2-135M,int8,int8,64,256,357814656,32,11.182,89.4,5723.6
SmolLM2-135M,int8,int8,64,256,357814656,64,5.591,178.9,11447.3
SmolLM2-135M,int8,int8,64,256,357814656,128,2.795,357.7,22894.5
SmolLM2-135M,int8,int8,64,256,357814656,256,1.398,715.5,45789.1
SmolLM2-135M,int8,int8,64,256,357814656,512,0.699,1430.9,91578.1
SmolLM2-135M,int8,int8,64,512,552456576,4,138.114,7.2,463.4
SmolLM2-135M,int8,int8,64,512,552456576,8,69.057,14.5,926.8
SmolLM2-135M,int8,int8,64,512,552456576,16,34.529,29.0,1853.5
SmolLM2-135M,int8,int8,64,512,552456576,32,17.264,57.9,3707.1
SmolLM2-135M,int8,int8,64,512,552456576,64,8.632,115.8,7414.2
SmolLM2-135M,int8,int8,64,512,552456576,128,4.316,231.7,14828.3
SmolLM2-135M,int8,int8,64,512,552456576,256,2.158,463.4,29656.6
SmolLM2-135M,int8,int8,64,512,552456576,512,1.079,926.8,59313.3
SmolLM2-135M,int8,int8,64,1024,941740416,4,235.435,4.2,271.8
SmolLM2-135M,int8,int8,64,1024,941740416,8,117.718,8.5,543.7
SmolLM2-135M,int8,int8,64,1024,941740416,16,58.859,17.0,1087.3
SmolLM2-135M,int8,int8,64,1024,941740416,32,29.429,34.0,2174.7
SmolLM2-135M,int8,int8,64,1024,941740416,64,14.715,68.0,4349.4
SmolLM2-135M,int8,int8,64,1024,941740416,128,7.357,135.9,8698.8
SmolLM2-135M,int8,int8,64,1024,941740416,256,3.679,271.8,17397.6
SmolLM2-135M,int8,int8,64,1024,941740416,512,1.839,543.7,34795.2
SmolLM2-135M,int8,int8,64,2048,1720308096,4,430.077,2.3,148.8
SmolLM2-135M,int8,int8,64,2048,1720308096,8,215.039,4.7,297.6
SmolLM2-135M,int8,int8,64,2048,1720308096,16,107.519,9.3,595.2
SmolLM2-135M,int8,int8,64,2048,1720308096,32,53.760,18.6,1190.5
SmolLM2-135M,int8,int8,64,2048,1720308096,64,26.880,37.2,2381.0
SmolLM2-135M,int8,int8,64,2048,1720308096,128,13.440,74.4,4761.9
SmolLM2-135M,int8,int8,64,2048,1720308096,256,6.720,148.8,9523.9
SmolLM2-135M,int8,int8,64,2048,1720308096,512,3.360,297.6,19047.8
SmolLM2-135M,int8,int8,64,4096,3277443456,4,819.361,1.2,78.1
SmolLM2-135M,int8,int8,64,4096,3277443456,8,409.680,2.4,156.2
SmolLM2-135M,int8,int8,64,4096,3277443456,16,204.840,4.9,312.4
SmolLM2-135M,int8,int8,64,4096,3277443456,32,102.420,9.8,624.9
SmolLM2-135M,int8,int8,64,4096,3277443456,64,51.210,19.5,1249.8
SmolLM2-135M,int8,int8,64,4096,3277443456,128,25.605,39.1,2499.5
SmolLM2-135M,int8,int8,64,4096,3277443456,256,12.803,78.1,4999.0
SmolLM2-135M,int8,int8,64,4096,3277443456,512,6.401,156.2,9998.0
SmolLM2-135M,int8,int8,64,8192,6391714176,4,1597.929,0.6,40.1
SmolLM2-135M,int8,int8,64,8192,6391714176,8,798.964,1.3,80.1
SmolLM2-135M,int8,int8,64,8192,6391714176,16,399.482,2.5,160.2
SmolLM2-135M,int8,int8,64,8192,6391714176,32,199.741,5.0,320.4
SmolLM2-135M,int8,int8,64,8192,6391714176,64,99.871,10.0,640.8
SmolLM2-135M,int8,int8,64,8192,6391714176,128,49.935,20.0,1281.7
SmolLM2-135M,int8,int8,64,8192,6391714176,256,24.968,40.1,2563.3
SmolLM2-135M,int8,int8,64,8192,6391714176,512,12.484,80.1,5126.6
SmolLM2-135M,int8,int4,1,128,163956096,4,40.989,24.4,24.4
SmolLM2-135M,int8,int4,1,128,163956096,8,20.495,48.8,48.8
SmolLM2-135M,int8,int4,1,128,163956096,16,10.247,97.6,97.6
SmolLM2-135M,int8,int4,1,128,163956096,32,5.124,195.2,195.2
SmolLM2-135M,int8,int4,1,128,163956096,64,2.562,390.3,390.3
SmolLM2-135M,int8,int4,1,128,163956096,128,1.281,780.7,780.7
SmolLM2-135M,int8,int4,1,128,163956096,256,0.640,1561.4,1561.4
SmolLM2-135M,int8,int4,1,128,163956096,512,0.320,3122.8,3122.8
SmolLM2-135M,int8,int4,1,256,164739456,4,41.185,24.3,24.3
SmolLM2-135M,int8,int4,1,256,164739456,8,20.592,48.6,48.6
SmolLM2-135M,int8,int4,1,256,164739456,16,10.296,97.1,97.1
SmolLM2-135M,int8,int4,1,256,164739456,32,5.148,194.2,194.2
SmolLM2-135M,int8,int4,1,256,164739456,64,2.574,388.5,388.5
SmolLM2-135M,int8,int4,1,256,164739456,128,1.287,777.0,777.0
SmolLM2-135M,int8,int4,1,256,164739456,256,0.644,1554.0,1554.0
SmolLM2-135M,int8,int4,1,256,164739456,512,0.322,3107.9,3107.9
SmolLM2-135M,int8,int4,1,512,166306176,4,41.577,24.1,24.1
SmolLM2-135M,int8,int4,1,512,166306176,8,20.788,48.1,48.1
SmolLM2-135M,int8,int4,1,512,166306176,16,10.394,96.2,96.2
SmolLM2-135M,int8,int4,1,512,166306176,32,5.197,192.4,192.4
SmolLM2-135M,int8,int4,1,512,166306176,64,2.599,384.8,384.8
SmolLM2-135M,int8,int4,1,512,166306176,128,1.299,769.7,769.7
SmolLM2-135M,int8,int4,1,512,166306176,256,0.650,1539.3,1539.3
SmolLM2-135M,int8,int4,1,512,166306176,512,0.325,3078.7,3078.7
SmolLM2-135M,int8,int4,1,1024,169439616,4,42.360,23.6,23.6
SmolLM2-135M,int8,int4,1,1024,169439616,8,21.180,47.2,47.2
SmolLM2-135M,int8,int4,1,1024,169439616,16,10.590,94.4,94.4
SmolLM2-135M,int8,int4,1,1024,169439616,32,5.295,188.9,188.9
SmolLM2-135M,int8,int4,1,1024,169439616,64,2.647,377.7,377.7
SmolLM2-135M,int8,int4,1,1024,169439616,128,1.324,755.4,755.4
SmolLM2-135M,int8,int4,1,1024,169439616,256,0.662,1510.9,1510.9
SmolLM2-135M,int8,int4,1,1024,169439616,512,0.331,3021.7,3021.7
SmolLM2-135M,int8,int4,1,2048,175706496,4,43.927,22.8,22.8
SmolLM2-135M,int8,int4,1,2048,175706496,8,21.963,45.5,45.5
SmolLM2-135M,int8,int4,1,2048,175706496,16,10.982,91.1,91.1
SmolLM2-135M,int8,int4,1,2048,175706496,32,5.491,182.1,182.1
SmolLM2-135M,int8,int4,1,2048,175706496,64,2.745,364.2,364.2
SmolLM2-135M,int8,int4,1,2048,175706496,128,1.373,728.5,728.5
SmolLM2-135M,int8,int4,1,2048,175706496,256,0.686,1457.0,1457.0
SmolLM2-135M,int8,int4,1,2048,175706496,512,0.343,2914.0,2914.0
SmolLM2-135M,int8,int4,1,4096,188240256,4,47.060,21.2,21.2
SmolLM2-135M,int8,int4,1,4096,188240256,8,23.530,42.5,42.5
SmolLM2-135M,int8,int4,1,4096,188240256,16,11.765,85.0,85.0
SmolLM2-135M,int8,int4,1,4096,188240256,32,5.883,170.0,170.0
SmolLM2-135M,int8,int4,1,4096,188240256,64,2.941,340.0,340.0
SmolLM2-135M,int8,int4,1,4096,188240256,128,1.471,680.0,680.0
SmolLM2-135M,int8,int4,1,4096,188240256,256,0.735,1360.0,1360.0
SmolLM2-135M,int8,int4,1,4096,188240256,512,0.368,2719.9,2719.9
SmolLM2-135M,int8,int4,1,8192,213307776,4,53.327,18.8,18.8
SmolLM2-135M,int8,int4,1,8192,213307776,8,26.663,37.5,37.5
SmolLM2-135M,int8,int4,1,8192,213307776,16,13.332,75.0,75.0
SmolLM2-135M,int8,int4,1,8192,213307776,32,6.666,150.0,150.0
SmolLM2-135M,int8,int4,1,8192,213307776,64,3.333,300.0,300.0
SmolLM2-135M,int8,int4,1,8192,213307776,128,1.666,600.1,600.1
SmolLM2-135M,int8,int4,1,8192,213307776,256,0.833,1200.1,1200.1
SmolLM2-135M,int8,int4,1,8192,213307776,512,0.417,2400.3,2400.3
SmolLM2-135M,int8,int4,4,128,166306176,4,41.577,24.1,96.2
SmolLM2-135M,int8,int4,4,128,166306176,8,20.788,48.1,192.4
SmolLM2-135M,int8,int4,4,128,166306176,16,10.394,96.2,384.8
SmolLM2-135M,int8,int4,4,128,166306176,32,5.197,192.4,769.7
SmolLM2-135M,int8,int4,4,128,166306176,64,2.599,384.8,1539.3
SmolLM2-135M,int8,int4,4,128,166306176,128,1.299,769.7,3078.7
SmolLM2-135M,int8,int4,4,128,166306176,256,0.650,1539.3,6157.3
SmolLM2-135M,int8,int4,4,128,166306176,512,0.325,3078.7,12314.6
SmolLM2-135M,int8,int4,4,256,169439616,4,42.360,23.6,94.4
SmolLM2-135M,int8,int4,4,256,169439616,8,21.180,47.2,188.9
SmolLM2-135M,int8,int4,4,256,169439616,16,10.590,94.4,377.7
SmolLM2-135M,int8,int4,4,256,169439616,32,5.295,188.9,755.4
SmolLM2-135M,int8,int4,4,256,169439616,64,2.647,377.7,1510.9
SmolLM2-135M,int8,int4,4,256,169439616,128,1.324,755.4,3021.7
SmolLM2-135M,int8,int4,4,256,169439616,256,0.662,1510.9,6043.5
SmolLM2-135M,int8,int4,4,256,169439616,512,0.331,3021.7,12086.9
SmolLM2-135M,int8,int4,4,512,175706496,4,43.927,22.8,91.1
SmolLM2-135M,int8,int4,4,512,175706496,8,21.963,45.5,182.1
SmolLM2-135M,int8,int4,4,512,175706496,16,10.982,91.1,364.2
SmolLM2-135M,int8,int4,4,512,175706496,32,5.491,182.1,728.5
SmolLM2-135M,int8,int4,4,512,175706496,64,2.745,364.2,1457.0
SmolLM2-135M,int8,int4,4,512,175706496,128,1.373,728.5,2914.0
SmolLM2-135M,int8,int4,4,512,175706496,256,0.686,1457.0,5827.9
SmolLM2-135M,int8,int4,4,512,175706496,512,0.343,2914.0,11655.8
SmolLM2-135M,int8,int4,4,1024,188240256,4,47.060,21.2,85.0
SmolLM2-135M,int8,int4,4,1024,188240256,8,23.530,42.5,170.0
SmolLM2-135M,int8,int4,4,1024,188240256,16,11.765,85.0,340.0
SmolLM2-135M,int8,int4,4,1024,188240256,32,5.883,170.0,680.0
SmolLM2-135M,int8,int4,4,1024,188240256,64,2.941,340.0,1360.0
SmolLM2-135M,int8,int4,4,1024,188240256,128,1.471,680.0,2719.9
SmolLM2-135M,int8,int4,4,1024,188240256,256,0.735,1360.0,5439.9
SmolLM2-135M,int8,int4,4,1024,188240256,512,0.368,2719.9,10879.7
SmolLM2-135M,int8,int4,4,2048,213307776,4,53.327,18.8,75.0
SmolLM2-135M,int8,int4,4,2048,213307776,8,26.663,37.5,150.0
SmolLM2-135M,int8,int4,4,2048,213307776,16,13.332,75.0,300.0
SmolLM2-135M,int8,int4,4,2048,213307776,32,6.666,150.0,600.1
SmolLM2-135M,int8,int4,4,2048,213307776,64,3.333,300.0,1200.1
SmolLM2-135M,int8,int4,4,2048,213307776,128,1.666,600.1,2400.3
SmolLM2-135M,int8,int4,4,2048,213307776,256,0.833,1200.1,4800.6
SmolLM2-135M,int8,int4,4,2048,213307776,512,0.417,2400.3,9601.2
SmolLM2-135M,int8,int4,4,4096,263442816,4,65.861,15.2,60.7
SmolLM2-135M,int8,int4,4,4096,263442816,8,32.930,30.4,121.5
SmolLM2-135M,int8,int4,4,4096,263442816,16,16.465,60.7,242.9
SmolLM2-135M,int8,int4,4,4096,263442816,32,8.233,121.5,485.9
SmolLM2-135M,int8,int4,4,4096,263442816,64,4.116,242.9,971.7
SmolLM2-135M,int8,int4,4,4096,263442816,128,2.058,485.9,1943.5
SmolLM2-135M,int8,int4,4,4096,263442816,256,1.029,971.7,3887.0
SmolLM2-135M,int8,int4,4,4096,263442816,512,0.515,1943.5,7774.0
SmolLM2-135M,int8,int4,4,8192,363712896,4,90.928,11.0,44.0
SmolLM2-135M,int8,int4,4,8192,363712896,8,45.464,22.0,88.0
SmolLM2-135M,int8,int4,4,8192,363712896,16,22.732,44.0,176.0
SmolLM2-135M,int8,int4,4,8192,363712896,32,11.366,88.0,351.9
SmolLM2-135M,int8,int4,4,8192,363712896,64,5.683,176.0,703.9
SmolLM2-135M,int8,int4,4,8192,363712896,128,2.842,351.9,1407.7
SmolLM2-135M,int8,int4,4,8192,363712896,256,1.421,703.9,2815.4
SmolLM2-135M,int8,int4,4,8192,363712896,512,0.710,1407.7,5630.8
SmolLM2-135M,int8,int4,16,128,175706496,4,43.927,22.8,364.2
SmolLM2-135M,int8,int4,16,128,175706496,8,21.963,45.5,728.5
SmolLM2-135M,int8,int4,16,128,175706496,16,10.982,91.1,1457.0
SmolLM2-135M,int8,int4,16,128,175706496,32,5.491,182.1,2914.0
SmolLM2-135M,int8,int4,16,128,175706496,64,2.745,364.2,5827.9
SmolLM2-135M,int8,int4,16,128,175706496,128,1.373,728.5,11655.8
SmolLM2-135M,int8,int4,16,128,175706496,256,0.686,1457.0,23311.6
SmolLM2-135M,int8,int4,16,128,175706496,512,0.343,2914.0,46623.2
SmolLM2-135M,int8,int4,16,256,188240256,4,47.060,21.2,340.0
SmolLM2-135M,int8,int4,16,256,188240256,8,23.530,42.5,680.0
SmolLM2-135M,int8,int4,16,256,188240256,16,11.765,85.0,1360.0
SmolLM2-135M,int8,int4,16,256,188240256,32,5.883,170.0,2719.9
SmolLM2-135M,int8,int4,16,256,188240256,64,2.941,340.0,5439.9
SmolLM2-135M,int8,int4,16,256,188240256,128,1.471,680.0,10879.7
SmolLM2-135M,int8,int4,16,256,188240256,256,0.735,1360.0,21759.4
SmolLM2-135M,int8,int4,16,256,188240256,512,0.368,2719.9,43518.9
SmolLM2-135M,int8,int4,16,512,213307776,4,53.327,18.8,300.0
SmolLM2-135M,int8,int4,16,512,213307776,8,26.663,37.5,600.1
SmolLM2-135M,int8,int4,16,512,213307776,16,13.332,75.0,1200.1
SmolLM2-135M,int8,int4,16,512,213307776,32,6.666,150.0,2400.3
SmolLM2-135M,int8,int4,16,512,213307776,64,3.333,300.0,4800.6
SmolLM2-135M,int8,int4,16,512,213307776,128,1.666,600.1,9601.2
SmolLM2-135M,int8,int4,16,512,213307776,256,0.833,1200.1,19202.3
SmolLM2-135M,int8,int4,16,512,213307776,512,0.417,2400.3,38404.6
SmolLM2-135M,int8,int4,16,1024,263442816,4,65.861,15.2,242.9
SmolLM2-135M,int8,int4,16,1024,263442816,8,32.930,30.4,485.9
SmolLM2-135M,int8,int4,16,1024,263442816,16,16.465,60.7,971.7
SmolLM2-135M,int8,int4,16,1024,263442816,32,8.233,121.5,1943.5
SmolLM2-135M,int8,int4,16,1024,263442816,64,4.116,242.9,3887.0
SmolLM2-135M,int8,int4,16,1024,263442816,128,2.058,485.9,7774.0
SmolLM2-135M,int8,int4,16,1024,263442816,256,1.029,971.7,15548.0
SmolLM2-135M,int8,int4,16,1024,263442816,512,0.515,1943.5,31095.9
SmolLM2-135M,int8,int4,16,2048,363712896,4,90.928,11.0,176.0
SmolLM2-135M,int8,int4,16,2048,363712896,8,45.464,22.0,351.9
SmolLM2-135M,int8,int4,16,2048,363712896,16,22.732,44.0,703.9
SmolLM2-135M,int8,int4,16,2048,363712896,32,11.366,88.0,1407.7
SmolLM2-135M,int8,int4,16,2048,363712896,64,5.683,176.0,2815.4
SmolLM2-135M,int8,int4,16,2048,363712896,128,2.842,351.9,5630.8
SmolLM2-135M,int8,int4,16,2048,363712896,256,1.421,703.9,11261.6
SmolLM2-135M,int8,int4,16,2048,363712896,512,0.710,1407.7,22523.3
SmolLM2-135M,int8,int4,16,4096,564253056,4,141.063,7.1,113.4
SmolLM2-135M,int8,int4,16,4096,564253056,8,70.532,14.2,226.8
SmolLM2-135M,int8,int4,16,4096,564253056,16,35.266,28.4,453.7
SmolLM2-135M,int8,int4,16,4096,564253056,32,17.633,56.7,907.4
SmolLM2-135M,int8,int4,16,4096,564253056,64,8.816,113.4,1814.8
SmolLM2-135M,int8,int4,16,4096,564253056,128,4.408,226.8,3629.6
SmolLM2-135M,int8,int4,16,4096,564253056,256,2.204,453.7,7259.2
SmolLM2-135M,int8,int4,16,4096,564253056,512,1.102,907.4,14518.3
SmolLM2-135M,int8,int4,16,8192,965333376,4,241.333,4.1,66.3
SmolLM2-135M,int8,int4,16,8192,965333376,8,120.667,8.3,132.6
SmolLM2-135M,int8,int4,16,8192,965333376,16,60.333,16.6,265.2
SmolLM2-135M,int8,int4,16,8192,965333376,32,30.167,33.1,530.4
SmolLM2-135M,int8,int4,16,8192,965333376,64,15.083,66.3,1060.8
SmolLM2-135M,int8,int4,16,8192,965333376,128,7.542,132.6,2121.5
SmolLM2-135M,int8,int4,16,8192,965333376,256,3.771,265.2,4243.1
SmolLM2-135M,int8,int4,16,8192,965333376,512,1.885,530.4,8486.2
SmolLM2-135M,int8,int4,64,128,213307776,4,53.327,18.8,1200.1
SmolLM2-135M,int8,int4,64,128,213307776,8,26.663,37.5,2400.3
SmolLM2-135M,int8,int4,64,128,213307776,16,13.332,75.0,4800.6
SmolLM2-135M,int8,int4,64,128,213307776,32,6.666,150.0,9601.2
SmolLM2-135M,int8,int4,64,128,213307776,64,3.333,300.0,19202.3
SmolLM2-135M,int8,int4,64,128,213307776,128,1.666,600.1,38404.6
SmolLM2-135M,int8,int4,64,128,213307776,256,0.833,1200.1,76809.2
SmolLM2-135M,int8,int4,64,128,213307776,512,0.417,2400.3,153618.4
SmolLM2-135M,int8,int4,64,256,263442816,4,65.861,15.2,971.7
SmolLM2-135M,int8,int4,64,256,263442816,8,32.930,30.4,1943.5
SmolLM2-135M,int8,int4,64,256,263442816,16,16.465,60.7,3887.0
SmolLM2-135M,int8,int4,64,256,263442816,32,8.233,121.5,7774.0
SmolLM2-135M,int8,int4,64,256,263442816,64,4.116,242.9,15548.0
SmolLM2-135M,int8,int4,64,256,263442816,128,2.058,485.9,31095.9
SmolLM2-135M,int8,int4,64,256,263442816,256,1.029,971.7,62191.9
SmolLM2-135M,int8,int4,64,256,263442816,512,0.515,1943.5,124383.7
SmolLM2-135M,int8,int4,64,512,363712896,4,90.928,11.0,703.9
SmolLM2-135M,int8,int4,64,512,363712896,8,45.464,22.0,1407.7
SmolLM2-135M,int8,int4,64,512,363712896,16,22.732,44.0,2815.4
SmolLM2-135M,int8,int4,64,512,363712896,32,11.366,88.0,5630.8
SmolLM2-135M,int8,int4,64,512,363712896,64,5.683,176.0,11261.6
SmolLM2-135M,int8,int4,64,512,363712896,128,2.842,351.9,22523.3
SmolLM2-135M,int8,int4,64,512,363712896,256,1.421,703.9,45046.5
SmolLM2-135M,int8,int4,64,512,363712896,512,0.710,1407.7,90093.0
SmolLM2-135M,int8,int4,64,1024,564253056,4,141.063,7.1,453.7
SmolLM2-135M,int8,int4,64,1024,564253056,8,70.532,14.2,907.4
SmolLM2-135M,int8,int4,64,1024,564253056,16,35.266,28.4,1814.8
SmolLM2-135M,int8,int4,64,1024,564253056,32,17.633,56.7,3629.6
SmolLM2-135M,int8,int4,64,1024,564253056,64,8.816,113.4,7259.2
SmolLM2-135M,int8,int4,64,1024,564253056,128,4.408,226.8,14518.3
SmolLM2-135M,int8,int4,64,1024,564253056,256,2.204,453.7,29036.6
SmolLM2-135M,int8,int4,64,1024,564253056,512,1.102,907.4,58073.2
SmolLM2-135M,int8,int4,64,2048,965333376,4,241.333,4.1,265.2
SmolLM2-135M,int8,int4,64,2048,965333376,8,120.667,8.3,530.4
SmolLM2-135M,int8,int4,64,2048,965333376,16,60.333,16.6,1060.8
SmolLM2-135M,int8,int4,64,2048,965333376,32,30.167,33.1,2121.5
SmolLM2-135M,int8,int4,64,2048,965333376,64,15.083,66.3,4243.1
SmolLM2-135M,int8,int4,64,2048,965333376,128,7.542,132.6,8486.2
SmolLM2-135M,int8,int4,64,2048,965333376,256,3.771,265.2,16972.4
SmolLM2-135M,int8,int4,64,2048,965333376,512,1.885,530.4,33944.7
SmolLM2-135M,int8,int4,64,4096,1767494016,4,441.874,2.3,144.8
SmolLM2-135M,int8,int4,64,4096,1767494016,8,220.937,4.5,289.7
SmolLM2-135M,int8,int4,64,4096,1767494016,16,110.468,9.1,579.4
SmolLM2-135M,int8,int4,64,4096,1767494016,32,55.234,18.1,1158.7
SmolLM2-135M,int8,int4,64,4096,1767494016,64,27.617,36.2,2317.4
SmolLM2-135M,int8,int4,64,4096,1767494016,128,13.809,72.4,4634.8
SmolLM2-135M,int8,int4,64,4096,1767494016,256,6.904,144.8,9269.6
SmolLM2-135M,int8,int4,64,4096,1767494016,512,3.452,289.7,18539.2
SmolLM2-135M,int8,int4,64,8192,3371815296,4,842.954,1.2,75.9
SmolLM2-135M,int8,int4,64,8192,3371815296,8,421.477,2.4,151.8
SmolLM2-135M,int8,int4,64,8192,3371815296,16,210.738,4.7,303.7
SmolLM2-135M,int8,int4,64,8192,3371815296,32,105.369,9.5,607.4
SmolLM2-135M,int8,int4,64,8192,3371815296,64,52.685,19.0,1214.8
SmolLM2-135M,int8,int4,64,8192,3371815296,128,26.342,38.0,2429.6
SmolLM2-135M,int8,int4,64,8192,3371815296,256,13.171,75.9,4859.1
SmolLM2-135M,int8,int4,64,8192,3371815296,512,6.586,151.8,9718.2
SmolLM2-135M,int4,bf16,1,128,114523776,4,28.631,34.9,34.9
SmolLM2-135M,int4,bf16,1,128,114523776,8,14.315,69.9,69.9
SmolLM2-135M,int4,bf16,1,128,114523776,16,7.158,139.7,139.7
SmolLM2-135M,int4,bf16,1,128,114523776,32,3.579,279.4,279.4
SmolLM2-135M,int4,bf16,1,128,114523776,64,1.789,558.8,558.8
SmolLM2-135M,int4,bf16,1,128,114523776,128,0.895,1117.7,1117.7
SmolLM2-135M,int4,bf16,1,128,114523776,256,0.447,2235.3,2235.3
SmolLM2-135M,int4,bf16,1,128,114523776,512,0.224,4470.7,4470.7
SmolLM2-135M,int4,bf16,1,256,117472896,4,29.368,34.1,34.1
SmolLM2-135M,int4,bf16,1,256,117472896,8,14.684,68.1,68.1
SmolLM2-135M,int4,bf16,1,256,117472896,16,7.342,136.2,136.2
SmolLM2-135M,int4,bf16,1,256,117472896,32,3.671,272.4,272.4
SmolLM2-135M,int4,bf16,1,256,117472896,64,1.836,544.8,544.8
SmolLM2-135M,int4,bf16,1,256,117472896,128,0.918,1089.6,1089.6
SmolLM2-135M,int4,bf16,1,256,117472896,256,0.459,2179.2,2179.2
SmolLM2-135M,int4,bf16,1,256,117472896,512,0.229,4358.5,4358.5
SmolLM2-135M,int4,bf16,1,512,123371136,4,30.843,32.4,32.4
SmolLM2-135M,int4,bf16,1,512,123371136,8,15.421,64.8,64.8
SmolLM2-135M,int4,bf16,1,512,123371136,16,7.711,129.7,129.7
SmolLM2-135M,int4,bf16,1,512,123371136,32,3.855,259.4,259.4
SmolLM2-135M,int4,bf16,1,512,123371136,64,1.928,518.8,518.8
SmolLM2-135M,int4,bf16,1,512,123371136,128,0.964,1037.5,1037.5
SmolLM2-135M,int4,bf16,1,512,123371136,256,0.482,2075.0,2075.0
SmolLM2-135M,int4,bf16,1,512,123371136,512,0.241,4150.1,4150.1
SmolLM2-135M,int4,bf16,1,1024,135167616,4,33.792,29.6,29.6
SmolLM2-135M,int4,bf16,1,1024,135167616,8,16.896,59.2,59.2
SmolLM2-135M,int4,bf16,1,1024,135167616,16,8.448,118.4,118.4
SmolLM2-135M,int4,bf16,1,1024,135167616,32,4.224,236.7,236.7
SmolLM2-135M,int4,bf16,1,1024,135167616,64,2.112,473.5,473.5
SmolLM2-135M,int4,bf16,1,1024,135167616,128,1.056,947.0,947.0
SmolLM2-135M,int4,bf16,1,1024,135167616,256,0.528,1893.9,1893.9
SmolLM2-135M,int4,bf16,1,1024,135167616,512,0.264,3787.9,3787.9
SmolLM2-135M,int4,bf16,1,2048,158760576,4,39.690,25.2,25.2
SmolLM2-135M,int4,bf16,1,2048,158760576,8,19.845,50.4,50.4
SmolLM2-135M,int4,bf16,1,2048,158760576,16,9.923,100.8,100.8
SmolLM2-135M,int4,bf16,1,2048,158760576,32,4.961,201.6,201.6
SmolLM2-135M,int4,bf16,1,2048,158760576,64,2.481,403.1,403.1
SmolLM2-135M,int4,bf16,1,2048,158760576,128,1.240,806.2,806.2
SmolLM2-135M,int4,bf16,1,2048,158760576,256,0.620,1612.5,1612.5
SmolLM2-135M,int4,bf16,1,2048,158760576,512,0.310,3225.0,3225.0
SmolLM2-135M,int4,bf16,1,4096,205946496,4,51.487,19.4,19.4
SmolLM2-135M,int4,bf16,1,4096,205946496,8,25.743,38.8,38.8
SmolLM2-135M,int4,bf16,1,4096,205946496,16,12.872,77.7,77.7
SmolLM2-135M,int4,bf16,1,4096,205946496,32,6.436,155.4,155.4
SmolLM2-135M,int4,bf16,1,4096,205946496,64,3.218,310.8,310.8
SmolLM2-135M,int4,bf16,1,4096,205946496,128,1.609,621.5,621.5
SmolLM2-135M,int4,bf16,1,4096,205946496,256,0.804,1243.0,1243.0
SmolLM2-135M,int4,bf16,1,4096,205946496,512,0.402,2486.1,2486.1
SmolLM2-135M,int4,bf16,1,8192,300318336,4,75.080,13.3,13.3
SmolLM2-135M,int4,bf16,1,8192,300318336,8,37.540,26.6,26.6
SmolLM2-135M,int4,bf16,1,8192,300318336,16,18.770,53.3,53.3
SmolLM2-135M,int4,bf16,1,8192,300318336,32,9.385,106.6,106.6
SmolLM2-135M,int4,bf16,1,8192,300318336,64,4.692,213.1,213.1
SmolLM2-135M,int4,bf16,1,8192,300318336,128,2.346,426.2,426.2
SmolLM2-135M,int4,bf16,1,8192,300318336,256,1.173,852.4,852.4
SmolLM2-135M,int4,bf16,1,8192,300318336,512,0.587,1704.9,1704.9
SmolLM2-135M,int4,bf16,4,128,123371136,4,30.843,32.4,129.7
SmolLM2-135M,int4,bf16,4,128,123371136,8,15.421,64.8,259.4
SmolLM2-135M,int4,bf16,4,128,123371136,16,7.711,129.7,518.8
SmolLM2-135M,int4,bf16,4,128,123371136,32,3.855,259.4,1037.5
SmolLM2-135M,int4,bf16,4,128,123371136,64,1.928,518.8,2075.0
SmolLM2-135M,int4,bf16,4,128,123371136,128,0.964,1037.5,4150.1
SmolLM2-135M,int4,bf16,4,128,123371136,256,0.482,2075.0,8300.2
SmolLM2-135M,int4,bf16,4,128,123371136,512,0.241,4150.1,16600.3
SmolLM2-135M,int4,bf16,4,256,135167616,4,33.792,29.6,118.4
SmolLM2-135M,int4,bf16,4,256,135167616,8,16.896,59.2,236.7
SmolLM2-135M,int4,bf16,4,256,135167616,16,8.448,118.4,473.5
SmolLM2-135M,int4,bf16,4,256,135167616,32,4.224,236.7,947.0
SmolLM2-135M,int4,bf16,4,256,135167616,64,2.112,473.5,1893.9
SmolLM2-135M,int4,bf16,4,256,135167616,128,1.056,947.0,3787.9
SmolLM2-135M,int4,bf16,4,256,135167616,256,0.528,1893.9,7575.8
SmolLM2-135M,int4,bf16,4,256,135167616,512,0.264,3787.9,15151.6
SmolLM2-135M,int4,bf16,4,512,158760576,4,39.690,25.2,100.8
SmolLM2-135M,int4,bf16,4,512,158760576,8,19.845,50.4,201.6
SmolLM2-135M,int4,bf16,4,512,158760576,16,9.923,100.8,403.1
SmolLM2-135M,int4,bf16,4,512,158760576,32,4.961,201.6,806.2
SmolLM2-135M,int4,bf16,4,512,158760576,64,2.481,403.1,1612.5
SmolLM2-135M,int4,bf16,4,512,158760576,128,1.240,806.2,3225.0
SmolLM2-135M,int4,bf16,4,512,158760576,256,0.620,1612.5,6450.0
SmolLM2-135M,int4,bf16,4,512,158760576,512,0.310,3225.0,12899.9
SmolLM2-135M,int4,bf16,4,1024,205946496,4,51.487,19.4,77.7
SmolLM2-135M,int4,bf16,4,1024,205946496,8,25.743,38.8,155.4
SmolLM2-135M,int4,bf16,4,1024,205946496,16,12.872,77.7,310.8
SmolLM2-135M,int4,bf16,4,1024,205946496,32,6.436,155.4,621.5
SmolLM2-135M,int4,bf16,4,1024,205946496,64,3.218,310.8,1243.0
SmolLM2-135M,int4,bf16,4,1024,205946496,128,1.609,621.5,2486.1
SmolLM2-135M,int4,bf16,4,1024,205946496,256,0.804,1243.0,4972.2
SmolLM2-135M,int4,bf16,4,1024,205946496,512,0.402,2486.1,9944.3
SmolLM2-135M,int4,bf16,4,2048,300318336,4,75.080,13.3,53.3
SmolLM2-135M,int4,bf16,4,2048,300318336,8,37.540,26.6,106.6
SmolLM2-135M,int4,bf16,4,2048,300318336,16,18.770,53.3,213.1
SmolLM2-135M,int4,bf16,4,2048,300318336,32,9.385,106.6,426.2
SmolLM2-135M,int4,bf16,4,2048,300318336,64,4.692,213.1,852.4
SmolLM2-135M,int4,bf16,4,2048,300318336,128,2.346,426.2,1704.9
SmolLM2-135M,int4,bf16,4,2048,300318336,256,1.173,852.4,3409.7
SmolLM2-135M,int4,bf16,4,2048,300318336,512,0.587,1704.9,6819.4
SmolLM2-135M,int4,bf16,4,4096,489062016,4,122.266,8.2,32.7
SmolLM2-135M,int4,bf16,4,4096,489062016,8,61.133,16.4,65.4
SmolLM2-135M,int4,bf16,4,4096,489062016,16,30.566,32.7,130.9
SmolLM2-135M,int4,bf16,4,4096,489062016,32,15.283,65.4,261.7
SmolLM2-135M,int4,bf16,4,4096,489062016,64,7.642,130.9,523.5
SmolLM2-135M,int4,bf16,4,4096,489062016,128,3.821,261.7,1046.9
SmolLM2-135M,int4,bf16,4,4096,489062016,256,1.910,523.5,2093.8
SmolLM2-135M,int4,bf16,4,4096,489062016,512,0.955,1046.9,4187.6
SmolLM2-135M,int4,bf16,4,8192,866549376,4,216.637,4.6,18.5
SmolLM2-135M,int4,bf16,4,8192,866549376,8,108.319,9.2,36.9
SmolLM2-135M,int4,bf16,4,8192,866549376,16,54.159,18.5,73.9
SmolLM2-135M,int4,bf16,4,8192,866549376,32,27.080,36.9,147.7
SmolLM2-135M,int4,bf16,4,8192,866549376,64,13.540,73.9,295.4
SmolLM2-135M,int4,bf16,4,8192,866549376,128,6.770,147.7,590.8
SmolLM2-135M,int4,bf16,4,8192,866549376,256,3.385,295.4,1181.7
SmolLM2-135M,int4,bf16,4,8192,866549376,512,1.692,590.8,2363.4
SmolLM2-135M,int4,bf16,16,128,158760576,4,39.690,25.2,403.1
SmolLM2-135M,int4,bf16,16,128,158760576,8,19.845,50.4,806.2
SmolLM2-135M,int4,bf16,16,128,158760576,16,9.923,100.8,1612.5
SmolLM2-135M,int4,bf16,16,128,158760576,32,4.961,201.6,3225.0
SmolLM2-135M,int4,bf16,16,128,158760576,64,2.481,403.1,6450.0
SmolLM2-135M,int4,bf16,16,128,158760576,128,1.240,806.2,12899.9
SmolLM2-135M,int4,bf16,16,128,158760576,256,0.620,1612.5,25799.9
SmolLM2-135M,int4,bf16,16,128,158760576,512,0.310,3225.0,51599.7
SmolLM2-135M,int4,bf16,16,256,205946496,4,51.487,19.4,310.8
SmolLM2-135M,int4,bf16,16,256,205946496,8,25.743,38.8,621.5
SmolLM2-135M,int4,bf16,16,256,205946496,16,12.872,77.7,1243.0
SmolLM2-135M,int4,bf16,16,256,205946496,32,6.436,155.4,2486.1
SmolLM2-135M,int4,bf16,16,256,205946496,64,3.218,310.8,4972.2
SmolLM2-135M,int4,bf16,16,256,205946496,128,1.609,621.5,9944.3
SmolLM2-135M,int4,bf16,16,256,205946496,256,0.804,1243.0,19888.7
SmolLM2-135M,int4,bf16,16,256,205946496,512,0.402,2486.1,39777.3
SmolLM2-135M,int4,bf16,16,512,300318336,4,75.080,13.3,213.1
SmolLM2-135M,int4,bf16,16,512,300318336,8,37.540,26.6,426.2
SmolLM2-135M,int4,bf16,16,512,300318336,16,18.770,53.3,852.4
SmolLM2-135M,int4,bf16,16,512,300318336,32,9.385,106.6,1704.9
SmolLM2-135M,int4,bf16,16,512,300318336,64,4.692,213.1,3409.7
SmolLM2-135M,int4,bf16,16,512,300318336,128,2.346,426.2,6819.4
SmolLM2-135M,int4,bf16,16,512,300318336,256,1.173,852.4,13638.9
SmolLM2-135M,int4,bf16,16,512,300318336,512,0.587,1704.9,27277.7
SmolLM2-135M,int4,bf16,16,1024,489062016,4,122.266,8.2,130.9
SmolLM2-135M,int4,bf16,16,1024,489062016,8,61.133,16.4,261.7
SmolLM2-135M,int4,bf16,16,1024,489062016,16,30.566,32.7,523.5
SmolLM2-135M,int4,bf16,16,1024,489062016,32,15.283,65.4,1046.9
SmolLM2-135M,int4,bf16,16,1024,489062016,64,7.642,130.9,2093.8
SmolLM2-135M,int4,bf16,16,1024,489062016,128,3.821,261.7,4187.6
SmolLM2-135M,int4,bf16,16,1024,489062016,256,1.910,523.5,8375.2
SmolLM2-135M,int4,bf16,16,1024,489062016,512,0.955,1046.9,16750.4
SmolLM2-135M,int4,bf16,16,2048,866549376,4,216.637,4.6,73.9
SmolLM2-135M,int4,bf16,16,2048,866549376,8,108.319,9.2,147.7
SmolLM2-135M,int4,bf16,16,2048,866549376,16,54.159,18.5,295.4
SmolLM2-135M,int4,bf16,16,2048,866549376,32,27.080,36.9,590.8
SmolLM2-135M,int4,bf16,16,2048,866549376,64,13.540,73.9,1181.7
SmolLM2-135M,int4,bf16,16,2048,866549376,128,6.770,147.7,2363.4
SmolLM2-135M,int4,bf16,16,2048,866549376,256,3.385,295.4,4726.8
SmolLM2-135M,int4,bf16,16,2048,866549376,512,1.692,590.8,9453.6
SmolLM2-135M,int4,bf16,16,4096,1621524096,4,405.381,2.5,39.5
SmolLM2-135M,int4,bf16,16,4096,1621524096,8,202.691,4.9,78.9
SmolLM2-135M,int4,bf16,16,4096,1621524096,16,101.345,9.9,157.9
SmolLM2-135M,int4,bf16,16,4096,1621524096,32,50.673,19.7,315.8
SmolLM2-135M,int4,bf16,16,4096,1621524096,64,25.336,39.5,631.5
SmolLM2-135M,int4,bf16,16,4096,1621524096,128,12.668,78.9,1263.0
SmolLM2-135M,int4,bf16,16,4096,1621524096,256,6.334,157.9,2526.0
SmolLM2-135M,int4,bf16,16,4096,1621524096,512,3.167,315.8,5052.0
SmolLM2-135M,int4,bf16,16,8192,3131473536,4,782.868,1.3,20.4
SmolLM2-135M,int4,bf16,16,8192,3131473536,8,391.434,2.6,40.9
SmolLM2-135M,int4,bf16,16,8192,3131473536,16,195.717,5.1,81.8
SmolLM2-135M,int4,bf16,16,8192,3131473536,32,97.859,10.2,163.5
SmolLM2-135M,int4,bf16,16,8192,3131473536,64,48.929,20.4,327.0
SmolLM2-135M,int4,bf16,16,8192,3131473536,128,24.465,40.9,654.0
SmolLM2-135M,int4,bf16,16,8192,3131473536,256,12.232,81.8,1308.0
SmolLM2-135M,int4,bf16,16,8192,3131473536,512,6.116,163.5,2616.0
SmolLM2-135M,int4,bf16,64,128,300318336,4,75.080,13.3,852.4
SmolLM2-135M,int4,bf16,64,128,300318336,8,37.540,26.6,1704.9
SmolLM2-135M,int4,bf16,64,128,300318336,16,18.770,53.3,3409.7
SmolLM2-135M,int4,bf16,64,128,300318336,32,9.385,106.6,6819.4
SmolLM2-135M,int4,bf16,64,128,300318336,64,4.692,213.1,13638.9
SmolLM2-135M,int4,bf16,64,128,300318336,128,2.346,426.2,27277.7
SmolLM2-135M,int4,bf16,64,128,300318336,256,1.173,852.4,54555.4
SmolLM2-135M,int4,bf16,64,128,300318336,512,0.587,1704.9,109110.9
SmolLM2-135M,int4,bf16,64,256,489062016,4,122.266,8.2,523.5
SmolLM2-135M,int4,bf16,64,256,489062016,8,61.133,16.4,1046.9
SmolLM2-135M,int4,bf16,64,256,489062016,16,30.566,32.7,2093.8
SmolLM2-135M,int4,bf16,64,256,489062016,32,15.283,65.4,4187.6
SmolLM2-135M,int4,bf16,64,256,489062016,64,7.642,130.9,8375.2
SmolLM2-135M,int4,bf16,64,256,489062016,128,3.821,261.7,16750.4
SmolLM2-135M,int4,bf16,64,256,489062016,256,1.910,523.5,33500.9
SmolLM2-135M,int4,bf16,64,256,489062016,512,0.955,1046.9,67001.7
SmolLM2-135M,int4,bf16,64,512,866549376,4,216.637,4.6,295.4
SmolLM2-135M,int4,bf16,64,512,866549376,8,108.319,9.2,590.8
SmolLM2-135M,int4,bf16,64,512,866549376,16,54.159,18.5,1181.7
SmolLM2-135M,int4,bf16,64,512,866549376,32,27.080,36.9,2363.4
SmolLM2-135M,int4,bf16,64,512,866549376,64,13.540,73.9,4726.8
SmolLM2-135M,int4,bf16,64,512,866549376,128,6.770,147.7,9453.6
SmolLM2-135M,int4,bf16,64,512,866549376,256,3.385,295.4,18907.2
SmolLM2-135M,int4,bf16,64,512,866549376,512,1.692,590.8,37814.3
SmolLM2-135M,int4,bf16,64,1024,1621524096,4,405.381,2.5,157.9
SmolLM2-135M,int4,bf16,64,1024,1621524096,8,202.691,4.9,315.8
SmolLM2-135M,int4,bf16,64,1024,1621524096,16,101.345,9.9,631.5
SmolLM2-135M,int4,bf16,64,1024,1621524096,32,50.673,19.7,1263.0
SmolLM2-135M,int4,bf16,64,1024,1621524096,64,25.336,39.5,2526.0
SmolLM2-135M,int4,bf16,64,1024,1621524096,128,12.668,78.9,5052.0
SmolLM2-135M,int4,bf16,64,1024,1621524096,256,6.334,157.9,10104.1
SmolLM2-135M,int4,bf16,64,1024,1621524096,512,3.167,315.8,20208.1
SmolLM2-135M,int4,bf16,64,2048,3131473536,4,782.868,1.3,81.8
SmolLM2-135M,int4,bf16,64,2048,3131473536,8,391.434,2.6,163.5
SmolLM2-135M,int4,bf16,64,2048,3131473536,16,195.717,5.1,327.0
SmolLM2-135M,int4,bf16,64,2048,3131473536,32,97.859,10.2,654.0
SmolLM2-135M,int4,bf16,64,2048,3131473536,64,48.929,20.4,1308.0
SmolLM2-135M,int4,bf16,64,2048,3131473536,128,24.465,40.9,2616.0
SmolLM2-135M,int4,bf16,64,2048,3131473536,256,12.232,81.8,5232.0
SmolLM2-135M,int4,bf16,64,2048,3131473536,512,6.116,163.5,10464.1
SmolLM2-135M,int4,bf16,64,4096,6151372416,4,1537.843,0.7,41.6
SmolLM2-135M,int4,bf16,64,4096,6151372416,8,768.922,1.3,83.2
SmolLM2-135M,int4,bf16,64,4096,6151372416,16,384.461,2.6,166.5
SmolLM2-135M,int4,bf16,64,4096,6151372416,32,192.230,5.2,332.9
SmolLM2-135M,int4,bf16,64,4096,6151372416,64,96.115,10.4,665.9
SmolLM2-135M,int4,bf16,64,4096,6151372416,128,48.058,20.8,1331.7
SmolLM2-135M,int4,bf16,64,4096,6151372416,256,24.029,41.6,2663.5
SmolLM2-135M,int4,bf16,64,4096,6151372416,512,12.014,83.2,5326.9
SmolLM2-135M,int4,bf16,64,8192,12191170176,4,3047.793,0.3,21.0
SmolLM2-135M,int4,bf16,64,8192,12191170176,8,1523.896,0.7,42.0
SmolLM2-135M,int4,bf16,64,8192,12191170176,16,761.948,1.3,84.0
SmolLM2-135M,int4,bf16,64,8192,12191170176,32,380.974,2.6,168.0
SmolLM2-135M,int4,bf16,64,8192,12191170176,64,190.487,5.2,336.0
SmolLM2-135M,int4,bf16,64,8192,12191170176,128,95.244,10.5,672.0
SmolLM2-135M,int4,bf16,64,8192,12191170176,256,47.622,21.0,1343.9
SmolLM2-135M,int4,bf16,64,8192,12191170176,512,23.811,42.0,2687.8
SmolLM2-135M,int4,int8,1,128,113095296,4,28.274,35.4,35.4
SmolLM2-135M,int4,int8,1,128,113095296,8,14.137,70.7,70.7
SmolLM2-135M,int4,int8,1,128,113095296,16,7.068,141.5,141.5
SmolLM2-135M,int4,int8,1,128,113095296,32,3.534,282.9,282.9
SmolLM2-135M,int4,int8,1,128,113095296,64,1.767,565.9,565.9
SmolLM2-135M,int4,int8,1,128,113095296,128,0.884,1131.8,1131.8
SmolLM2-135M,int4,int8,1,128,113095296,256,0.442,2263.6,2263.6
SmolLM2-135M,int4,int8,1,128,113095296,512,0.221,4527.2,4527.2
SmolLM2-135M,int4,int8,1,256,114615936,4,28.654,34.9,34.9
SmolLM2-135M,int4,int8,1,256,114615936,8,14.327,69.8,69.8
SmolLM2-135M,int4,int8,1,256,114615936,16,7.163,139.6,139.6
SmolLM2-135M,int4,int8,1,256,114615936,32,3.582,279.2,279.2
SmolLM2-135M,int4,int8,1,256,114615936,64,1.791,558.4,558.4
SmolLM2-135M,int4,int8,1,256,114615936,128,0.895,1116.8,1116.8
SmolLM2-135M,int4,int8,1,256,114615936,256,0.448,2233.5,2233.5
SmolLM2-135M,int4,int8,1,256,114615936,512,0.224,4467.1,4467.1
SmolLM2-135M,int4,int8,1,512,117657216,4,29.414,34.0,34.0
SmolLM2-135M,int4,int8,1,512,117657216,8,14.707,68.0,68.0
SmolLM2-135M,int4,int8,1,512,117657216,16,7.354,136.0,136.0
SmolLM2-135M,int4,int8,1,512,117657216,32,3.677,272.0,272.0
SmolLM2-135M,int4,int8,1,512,117657216,64,1.838,544.0,544.0
SmolLM2-135M,int4,int8,1,512,117657216,128,0.919,1087.9,1087.9
SmolLM2-135M,int4,int8,1,512,117657216,256,0.460,2175.8,2175.8
SmolLM2-135M,int4,int8,1,512,117657216,512,0.230,4351.6,4351.6
SmolLM2-135M,int4,int8,1,1024,123739776,4,30.935,32.3,32.3
SmolLM2-135M,int4,int8,1,1024,123739776,8,15.467,64.7,64.7
SmolLM2-135M,int4,int8,1,1024,123739776,16,7.734,129.3,129.3
SmolLM2-135M,int4,int8,1,1024,123739776,32,3.867,258.6,258.6
SmolLM2-135M,int4,int8,1,1024,123739776,64,1.933,517.2,517.2
SmolLM2-135M,int4,int8,1,1024,123739776,128,0.967,1034.4,1034.4
SmolLM2-135M,int4,int8,1,1024,123739776,256,0.483,2068.9,2068.9
SmolLM2-135M,int4,int8,1,1024,123739776,512,0.242,4137.7,4137.7
SmolLM2-135M,int4,int8,1,2048,135904896,4,33.976,29.4,29.4
SmolLM2-135M,int4,int8,1,2048,135904896,8,16.988,58.9,58.9
SmolLM2-135M,int4,int8,1,2048,135904896,16,8.494,117.7,117.7
SmolLM2-135M,int4,int8,1,2048,135904896,32,4.247,235.5,235.5
SmolLM2-135M,int4,int8,1,2048,135904896,64,2.124,470.9,470.9
SmolLM2-135M,int4,int8,1,2048,135904896,128,1.062,941.8,941.8
SmolLM2-135M,int4,int8,1,2048,135904896,256,0.531,1883.7,1883.7
SmolLM2-135M,int4,int8,1,2048,135904896,512,0.265,3767.3,3767.3
SmolLM2-135M,int4,int8,1,4096,160235136,4,40.059,25.0,25.0
SmolLM2-135M,int4,int8,1,4096,160235136,8,20.029,49.9,49.9
SmolLM2-135M,int4,int8,1,4096,160235136,16,10.015,99.9,99.9
SmolLM2-135M,int4,int8,1,4096,160235136,32,5.007,199.7,199.7
SmolLM2-135M,int4,int8,1,4096,160235136,64,2.504,399.4,399.4
SmolLM2-135M,int4,int8,1,4096,160235136,128,1.252,798.8,798.8
SmolLM2-135M,int4,int8,1,4096,160235136,256,0.626,1597.7,1597.7
SmolLM2-135M,int4,int8,1,4096,160235136,512,0.313,3195.3,3195.3
SmolLM2-135M,int4,int8,1,8192,208895616,4,52.224,19.1,19.1
SmolLM2-135M,int4,int8,1,8192,208895616,8,26.112,38.3,38.3
SmolLM2-135M,int4,int8,1,8192,208895616,16,13.056,76.6,76.6
SmolLM2-135M,int4,int8,1,8192,208895616,32,6.528,153.2,153.2
SmolLM2-135M,int4,int8,1,8192,208895616,64,3.264,306.4,306.4
SmolLM2-135M,int4,int8,1,8192,208895616,128,1.632,612.7,612.7
SmolLM2-135M,int4,int8,1,8192,208895616,256,0.816,1225.5,1225.5
SmolLM2-135M,int4,int8,1,8192,208895616,512,0.408,2451.0,2451.0
SmolLM2-135M,int4,int8,4,128,117657216,4,29.414,34.0,136.0
SmolLM2-135M,int4,int8,4,128,117657216,8,14.707,68.0,272.0
SmolLM2-135M,int4,int8,4,128,117657216,16,7.354,136.0,544.0
SmolLM2-135M,int4,int8,4,128,117657216,32,3.677,272.0,1087.9
SmolLM2-135M,int4,int8,4,128,117657216,64,1.838,544.0,2175.8
SmolLM2-135M,int4,int8,4,128,117657216,128,0.919,1087.9,4351.6
SmolLM2-135M,int4,int8,4,128,117657216,256,0.460,2175.8,8703.2
SmolLM2-135M,int4,int8,4,128,117657216,512,0.230,4351.6,17406.5
SmolLM2-135M,int4,int8,4,256,123739776,4,30.935,32.3,129.3
SmolLM2-135M,int4,int8,4,256,123739776,8,15.467,64.7,258.6
SmolLM2-135M,int4,int8,4,256,123739776,16,7.734,129.3,517.2
SmolLM2-135M,int4,int8,4,256,123739776,32,3.867,258.6,1034.4
SmolLM2-135M,int4,int8,4,256,123739776,64,1.933,517.2,2068.9
SmolLM2-135M,int4,int8,4,256,123739776,128,0.967,1034.4,4137.7
SmolLM2-135M,int4,int8,4,256,123739776,256,0.483,2068.9,8275.4
SmolLM2-135M,int4,int8,4,256,123739776,512,0.242,4137.7,16550.9
SmolLM2-135M,int4,int8,4,512,135904896,4,33.976,29.4,117.7
SmolLM2-135M,int4,int8,4,512,135904896,8,16.988,58.9,235.5
SmolLM2-135M,int4,int8,4,512,135904896,16,8.494,117.7,470.9
SmolLM2-135M,int4,int8,4,512,135904896,32,4.247,235.5,941.8
SmolLM2-135M,int4,int8,4,512,135904896,64,2.124,470.9,1883.7
SmolLM2-135M,int4,int8,4,512,135904896,128,1.062,941.8,3767.3
SmolLM2-135M,int4,int8,4,512,135904896,256,0.531,1883.7,7534.7
SmolLM2-135M,int4,int8,4,512,135904896,512,0.265,3767.3,15069.4
SmolLM2-135M,int4,int8,4,1024,160235136,4,40.059,25.0,99.9
SmolLM2-135M,int4,int8,4,1024,160235136,8,20.029,49.9,199.7
SmolLM2-135M,int4,int8,4,1024,160235136,16,10.015,99.9,399.4
SmolLM2-135M,int4,int8,4,1024,160235136,32,5.007,199.7,798.8
SmolLM2-135M,int4,int8,4,1024,160235136,64,2.504,399.4,1597.7
SmolLM2-135M,int4,int8,4,1024,160235136,128,1.252,798.8,3195.3
SmolLM2-135M,int4,int8,4,1024,160235136,256,0.626,1597.7,6390.6
SmolLM2-135M,int4,int8,4,1024,160235136,512,0.313,3195.3,12781.2
SmolLM2-135M,int4,int8,4,2048,208895616,4,52.224,19.1,76.6
SmolLM2-135M,int4,int8,4,2048,208895616,8,26.112,38.3,153.2
SmolLM2-135M,int4,int8,4,2048,208895616,16,13.056,76.6,306.4
SmolLM2-135M,int4,int8,4,2048,208895616,32,6.528,153.2,612.7
SmolLM2-135M,int4,int8,4,2048,208895616,64,3.264,306.4,1225.5
SmolLM2-135M,int4,int8,4,2048,208895616,128,1.632,612.7,2451.0
SmolLM2-135M,int4,int8,4,2048,208895616,256,0.816,1225.5,4902.0
SmolLM2-135M,int4,int8,4,2048,208895616,512,0.408,2451.0,9803.9
SmolLM2-135M,int4,int8,4,4096,306216576,4,76.554,13.1,52.3
SmolLM2-135M,int4,int8,4,4096,306216576,8,38.277,26.1,104.5
SmolLM2-135M,int4,int8,4,4096,306216576,16,19.139,52.3,209.0
SmolLM2-135M,int4,int8,4,4096,306216576,32,9.569,104.5,418.0
SmolLM2-135M,int4,int8,4,4096,306216576,64,4.785,209.0,836.0
SmolLM2-135M,int4,int8,4,4096,306216576,128,2.392,418.0,1672.0
SmolLM2-135M,int4,int8,4,4096,306216576,256,1.196,836.0,3344.0
SmolLM2-135M,int4,int8,4,4096,306216576,512,0.598,1672.0,6688.1
SmolLM2-135M,int4,int8,4,8192,500858496,4,125.215,8.0,31.9
SmolLM2-135M,int4,int8,4,8192,500858496,8,62.607,16.0,63.9
SmolLM2-135M,int4,int8,4,8192,500858496,16,31.304,31.9,127.8
SmolLM2-135M,int4,int8,4,8192,500858496,32,15.652,63.9,255.6
SmolLM2-135M,int4,int8,4,8192,500858496,64,7.826,127.8,511.1
SmolLM2-135M,int4,int8,4,8192,500858496,128,3.913,255.6,1022.2
SmolLM2-135M,int4,int8,4,8192,500858496,256,1.956,511.1,2044.5
SmolLM2-135M,int4,int8,4,8192,500858496,512,0.978,1022.2,4089.0
SmolLM2-135M,int4,int8,16,128,135904896,4,33.976,29.4,470.9
SmolLM2-135M,int4,int8,16,128,135904896,8,16.988,58.9,941.8
SmolLM2-135M,int4,int8,16,128,135904896,16,8.494,117.7,1883.7
SmolLM2-135M,int4,int8,16,128,135904896,32,4.247,235.5,3767.3
SmolLM2-135M,int4,int8,16,128,135904896,64,2.124,470.9,7534.7
SmolLM2-135M,int4,int8,16,128,135904896,128,1.062,941.8,15069.4
SmolLM2-135M,int4,int8,16,128,135904896,256,0.531,1883.7,30138.7
SmolLM2-135M,int4,int8,16,128,135904896,512,0.265,3767.3,60277.4
SmolLM2-135M,int4,int8,16,256,160235136,4,40.059,25.0,399.4
SmolLM2-135M,int4,int8,16,256,160235136,8,20.029,49.9,798.8
SmolLM2-135M,int4,int8,16,256,160235136,16,10.015,99.9,1597.7
SmolLM2-135M,int4,int8,16,256,160235136,32,5.007,199.7,3195.3
SmolLM2-135M,int4,int8,16,256,160235136,64,2.504,399.4,6390.6
SmolLM2-135M,int4,int8,16,256,160235136,128,1.252,798.8,12781.2
SmolLM2-135M,int4,int8,16,256,160235136,256,0.626,1597.7,25562.4
SmolLM2-135M,int4,int8,16,256,160235136,512,0.313,3195.3,51124.9
SmolLM2-135M,int4,int8,16,512,208895616,4,52.224,19.1,306.4
SmolLM2-135M,int4,int8,16,512,208895616,8,26.112,38.3,612.7
SmolLM2-135M,int4,int8,16,512,208895616,16,13.056,76.6,1225.5
SmolLM2-135M,int4,int8,16,512,208895616,32,6.528,153.2,2451.0
SmolLM2-135M,int4,int8,16,512,208895616,64,3.264,306.4,4902.0
SmolLM2-135M,int4,int8,16,512,208895616,128,1.632,612.7,9803.9
SmolLM2-135M,int4,int8,16,512,208895616,256,0.816,1225.5,19607.9
SmolLM2-135M,int4,int8,16,512,208895616,512,0.408,2451.0,39215.8
SmolLM2-135M,int4,int8,16,1024,306216576,4,76.554,13.1,209.0
SmolLM2-135M,int4,int8,16,1024,306216576,8,38.277,26.1,418.0
SmolLM2-135M,int4,int8,16,1024,306216576,16,19.139,52.3,836.0
SmolLM2-135M,int4,int8,16,1024,306216576,32,9.569,104.5,1672.0
SmolLM2-135M,int4,int8,16,1024,306216576,64,4.785,209.0,3344.0
SmolLM2-135M,int4,int8,16,1024,306216576,128,2.392,418.0,6688.1
SmolLM2-135M,int4,int8,16,1024,306216576,256,1.196,836.0,13376.2
SmolLM2-135M,int4,int8,16,1024,306216576,512,0.598,1672.0,26752.3
SmolLM2-135M,int4,int8,16,2048,500858496,4,125.215,8.0,127.8
SmolLM2-135M,int4,int8,16,2048,500858496,8,62.607,16.0,255.6
SmolLM2-135M,int4,int8,16,2048,500858496,16,31.304,31.9,511.1
SmolLM2-135M,int4,int8,16,2048,500858496,32,15.652,63.9,1022.2
SmolLM2-135M,int4,int8,16,2048,500858496,64,7.826,127.8,2044.5
SmolLM2-135M,int4,int8,16,2048,500858496,128,3.913,255.6,4089.0
SmolLM2-135M,int4,int8,16,2048,500858496,256,1.956,511.1,8178.0
SmolLM2-135M,int4,int8,16,2048,500858496,512,0.978,1022.2,16355.9
SmolLM2-135M,int4,int8,16,4096,890142336,4,222.536,4.5,71.9
SmolLM2-135M,int4,int8,16,4096,890142336,8,111.268,9.0,143.8
SmolLM2-135M,int4,int8,16,4096,890142336,16,55.634,18.0,287.6
SmolLM2-135M,int4,int8,16,4096,890142336,32,27.817,35.9,575.2
SmolLM2-135M,int4,int8,16,4096,890142336,64,13.908,71.9,1150.4
SmolLM2-135M,int4,int8,16,4096,890142336,128,6.954,143.8,2300.8
SmolLM2-135M,int4,int8,16,4096,890142336,256,3.477,287.6,4601.5
SmolLM2-135M,int4,int8,16,4096,890142336,512,1.739,575.2,9203.0
SmolLM2-135M,int4,int8,16,8192,1668710016,4,417.178,2.4,38.4
SmolLM2-135M,int4,int8,16,8192,1668710016,8,208.589,4.8,76.7
SmolLM2-135M,int4,int8,16,8192,1668710016,16,104.294,9.6,153.4
SmolLM2-135M,int4,int8,16,8192,1668710016,32,52.147,19.2,306.8
SmolLM2-135M,int4,int8,16,8192,1668710016,64,26.074,38.4,613.6
SmolLM2-135M,int4,int8,16,8192,1668710016,128,13.037,76.7,1227.3
SmolLM2-135M,int4,int8,16,8192,1668710016,256,6.518,153.4,2454.6
SmolLM2-135M,int4,int8,16,8192,1668710016,512,3.259,306.8,4909.2
SmolLM2-135M,int4,int8,64,128,208895616,4,52.224,19.1,1225.5
SmolLM2-135M,int4,int8,64,128,208895616,8,26.112,38.3,2451.0
SmolLM2-135M,int4,int8,64,128,208895616,16,13.056,76.6,4902.0
SmolLM2-135M,int4,int8,64,128,208895616,32,6.528,153.2,9803.9
SmolLM2-135M,int4,int8,64,128,208895616,64,3.264,306.4,19607.9
SmolLM2-135M,int4,int8,64,128,208895616,128,1.632,612.7,39215.8
SmolLM2-135M,int4,int8,64,128,208895616,256,0.816,1225.5,78431.5
SmolLM2-135M,int4,int8,64,128,208895616,512,0.408,2451.0,156863.0
SmolLM2-135M,int4,int8,64,256,306216576,4,76.554,13.1,836.0
SmolLM2-135M,int4,int8,64,256,306216576,8,38.277,26.1,1672.0
SmolLM2-135M,int4,int8,64,256,306216576,16,19.139,52.3,3344.0
SmolLM2-135M,int4,int8,64,256,306216576,32,9.569,104.5,6688.1
SmolLM2-135M,int4,int8,64,256,306216576,64,4.785,209.0,13376.2
SmolLM2-135M,int4,int8,64,256,306216576,128,2.392,418.0,26752.3
SmolLM2-135M,int4,int8,64,256,306216576,256,1.196,836.0,53504.6
SmolLM2-135M,int4,int8,64,256,306216576,512,0.598,1672.0,107009.2
SmolLM2-135M,int4,int8,64,512,500858496,4,125.215,8.0,511.1
SmolLM2-135M,int4,int8,64,512,500858496,8,62.607,16.0,1022.2
SmolLM2-135M,int4,int8,64,512,500858496,16,31.304,31.9,2044.5
SmolLM2-135M,int4,int8,64,512,500858496,32,15.652,63.9,4089.0
SmolLM2-135M,int4,int8,64,512,500858496,64,7.826,127.8,8178.0
SmolLM2-135M,int4,int8,64,512,500858496,128,3.913,255.6,16355.9
SmolLM2-135M,int4,int8,64,512,500858496,256,1.956,511.1,32711.8
SmolLM2-135M,int4,int8,64,512,500858496,512,0.978,1022.2,65423.7
SmolLM2-135M,int4,int8,64,1024,890142336,4,222.536,4.5,287.6
SmolLM2-135M,int4,int8,64,1024,890142336,8,111.268,9.0,575.2
SmolLM2-135M,int4,int8,64,1024,890142336,16,55.634,18.0,1150.4
SmolLM2-135M,int4,int8,64,1024,890142336,32,27.817,35.9,2300.8
SmolLM2-135M,int4,int8,64,1024,890142336,64,13.908,71.9,4601.5
SmolLM2-135M,int4,int8,64,1024,890142336,128,6.954,143.8,9203.0
SmolLM2-135M,int4,int8,64,1024,890142336,256,3.477,287.6,18406.0
SmolLM2-135M,int4,int8,64,1024,890142336,512,1.739,575.2,36812.1
SmolLM2-135M,int4,int8,64,2048,1668710016,4,417.178,2.4,153.4
SmolLM2-135M,int4,int8,64,2048,1668710016,8,208.589,4.8,306.8
SmolLM2-135M,int4,int8,64,2048,1668710016,16,104.294,9.6,613.6
SmolLM2-135M,int4,int8,64,2048,1668710016,32,52.147,19.2,1227.3
SmolLM2-135M,int4,int8,64,2048,1668710016,64,26.074,38.4,2454.6
SmolLM2-135M,int4,int8,64,2048,1668710016,128,13.037,76.7,4909.2
SmolLM2-135M,int4,int8,64,2048,1668710016,256,6.518,153.4,9818.4
SmolLM2-135M,int4,int8,64,2048,1668710016,512,3.259,306.8,19636.7
SmolLM2-135M,int4,int8,64,4096,3225845376,4,806.461,1.2,79.4
SmolLM2-135M,int4,int8,64,4096,3225845376,8,403.231,2.5,158.7
SmolLM2-135M,int4,int8,64,4096,3225845376,16,201.615,5.0,317.4
SmolLM2-135M,int4,int8,64,4096,3225845376,32,100.808,9.9,634.9
SmolLM2-135M,int4,int8,64,4096,3225845376,64,50.404,19.8,1269.7
SmolLM2-135M,int4,int8,64,4096,3225845376,128,25.202,39.7,2539.5
SmolLM2-135M,int4,int8,64,4096,3225845376,256,12.601,79.4,5079.0
SmolLM2-135M,int4,int8,64,4096,3225845376,512,6.300,158.7,10158.0
SmolLM2-135M,int4,int8,64,8192,6340116096,4,1585.029,0.6,40.4
SmolLM2-135M,int4,int8,64,8192,6340116096,8,792.515,1.3,80.8
SmolLM2-135M,int4,int8,64,8192,6340116096,16,396.257,2.5,161.5
SmolLM2-135M,int4,int8,64,8192,6340116096,32,198.129,5.0,323.0
SmolLM2-135M,int4,int8,64,8192,6340116096,64,99.064,10.1,646.0
SmolLM2-135M,int4,int8,64,8192,6340116096,128,49.532,20.2,1292.1
SmolLM2-135M,int4,int8,64,8192,6340116096,256,24.766,40.4,2584.2
SmolLM2-135M,int4,int8,64,8192,6340116096,512,12.383,80.8,5168.4
SmolLM2-135M,int4,int4,1,128,112358016,4,28.090,35.6,35.6
SmolLM2-135M,int4,int4,1,128,112358016,8,14.045,71.2,71.2
SmolLM2-135M,int4,int4,1,128,112358016,16,7.022,142.4,142.4
SmolLM2-135M,int4,int4,1,128,112358016,32,3.511,284.8,284.8
SmolLM2-135M,int4,int4,1,128,112358016,64,1.756,569.6,569.6
SmolLM2-135M,int4,int4,1,128,112358016,128,0.878,1139.2,1139.2
SmolLM2-135M,int4,int4,1,128,112358016,256,0.439,2278.4,2278.4
SmolLM2-135M,int4,int4,1,128,112358016,512,0.219,4556.9,4556.9
SmolLM2-135M,int4,int4,1,256,113141376,4,28.285,35.4,35.4
SmolLM2-135M,int4,int4,1,256,113141376,8,14.143,70.7,70.7
SmolLM2-135M,int4,int4,1,256,113141376,16,7.071,141.4,141.4
SmolLM2-135M,int4,int4,1,256,113141376,32,3.536,282.8,282.8
SmolLM2-135M,int4,int4,1,256,113141376,64,1.768,565.7,565.7
SmolLM2-135M,int4,int4,1,256,113141376,128,0.884,1131.3,1131.3
SmolLM2-135M,int4,int4,1,256,113141376,256,0.442,2262.7,2262.7
SmolLM2-135M,int4,int4,1,256,113141376,512,0.221,4525.3,4525.3
SmolLM2-135M,int4,int4,1,512,114708096,4,28.677,34.9,34.9
SmolLM2-135M,int4,int4,1,512,114708096,8,14.339,69.7,69.7
SmolLM2-135M,int4,int4,1,512,114708096,16,7.169,139.5,139.5
SmolLM2-135M,int4,int4,1,512,114708096,32,3.585,279.0,279.0
SmolLM2-135M,int4,int4,1,512,114708096,64,1.792,557.9,557.9
SmolLM2-135M,int4,int4,1,512,114708096,128,0.896,1115.9,1115.9
SmolLM2-135M,int4,int4,1,512,114708096,256,0.448,2231.8,2231.8
SmolLM2-135M,int4,int4,1,512,114708096,512,0.224,4463.5,4463.5
SmolLM2-135M,int4,int4,1,1024,117841536,4,29.460,33.9,33.9
SmolLM2-135M,int4,int4,1,1024,117841536,8,14.730,67.9,67.9
SmolLM2-135M,int4,int4,1,1024,117841536,16,7.365,135.8,135.8
SmolLM2-135M,int4,int4,1,1024,117841536,32,3.683,271.6,271.6
SmolLM2-135M,int4,int4,1,1024,117841536,64,1.841,543.1,543.1
SmolLM2-135M,int4,int4,1,1024,117841536,128,0.921,1086.2,1086.2
SmolLM2-135M,int4,int4,1,1024,117841536,256,0.460,2172.4,2172.4
SmolLM2-135M,int4,int4,1,1024,117841536,512,0.230,4344.8,4344.8
SmolLM2-135M,int4,int4,1,2048,124108416,4,31.027,32.2,32.2
SmolLM2-135M,int4,int4,1,2048,124108416,8,15.514,64.5,64.5
SmolLM2-135M,int4,int4,1,2048,124108416,16,7.757,128.9,128.9
SmolLM2-135M,int4,int4,1,2048,124108416,32,3.878,257.8,257.8
SmolLM2-135M,int4,int4,1,2048,124108416,64,1.939,515.7,515.7
SmolLM2-135M,int4,int4,1,2048,124108416,128,0.970,1031.4,1031.4
SmolLM2-135M,int4,int4,1,2048,124108416,256,0.485,2062.7,2062.7
SmolLM2-135M,int4,int4,1,2048,124108416,512,0.242,4125.4,4125.4
SmolLM2-135M,int4,int4,1,4096,136642176,4,34.161,29.3,29.3
SmolLM2-135M,int4,int4,1,4096,136642176,8,17.080,58.5,58.5
SmolLM2-135M,int4,int4,1,4096,136642176,16,8.540,117.1,117.1
SmolLM2-135M,int4,int4,1,4096,136642176,32,4.270,234.2,234.2
SmolLM2-135M,int4,int4,1,4096,136642176,64,2.135,468.4,468.4
SmolLM2-135M,int4,int4,1,4096,136642176,128,1.068,936.8,936.8
SmolLM2-135M,int4,int4,1,4096,136642176,256,0.534,1873.5,1873.5
SmolLM2-135M,int4,int4,1,4096,136642176,512,0.267,3747.0,3747.0
SmolLM2-135M,int4,int4,1,8192,161709696,4,40.427,24.7,24.7
SmolLM2-135M,int4,int4,1,8192,161709696,8,20.214,49.5,49.5
SmolLM2-135M,int4,int4,1,8192,161709696,16,10.107,98.9,98.9
SmolLM2-135M,int4,int4,1,8192,161709696,32,5.053,197.9,197.9
SmolLM2-135M,int4,int4,1,8192,161709696,64,2.527,395.8,395.8
SmolLM2-135M,int4,int4,1,8192,161709696,128,1.263,791.5,791.5
SmolLM2-135M,int4,int4,1,8192,161709696,256,0.632,1583.1,1583.1
SmolLM2-135M,int4,int4,1,8192,161709696,512,0.316,3166.2,3166.2
SmolLM2-135M,int4,int4,4,128,114708096,4,28.677,34.9,139.5
SmolLM2-135M,int4,int4,4,128,114708096,8,14.339,69.7,279.0
SmolLM2-135M,int4,int4,4,128,114708096,16,7.169,139.5,557.9
SmolLM2-135M,int4,int4,4,128,114708096,32,3.585,279.0,1115.9
SmolLM2-135M,int4,int4,4,128,114708096,64,1.792,557.9,2231.8
SmolLM2-135M,int4,int4,4,128,114708096,128,0.896,1115.9,4463.5
SmolLM2-135M,int4,int4,4,128,114708096,256,0.448,2231.8,8927.0
SmolLM2-135M,int4,int4,4,128,114708096,512,0.224,4463.5,17854.0
SmolLM2-135M,int4,int4,4,256,117841536,4,29.460,33.9,135.8
SmolLM2-135M,int4,int4,4,256,117841536,8,14.730,67.9,271.6
SmolLM2-135M,int4,int4,4,256,117841536,16,7.365,135.8,543.1
SmolLM2-135M,int4,int4,4,256,117841536,32,3.683,271.6,1086.2
SmolLM2-135M,int4,int4,4,256,117841536,64,1.841,543.1,2172.4
SmolLM2-135M,int4,int4,4,256,117841536,128,0.921,1086.2,4344.8
SmolLM2-135M,int4,int4,4,256,117841536,256,0.460,2172.4,8689.6
SmolLM2-135M,int4,int4,4,256,117841536,512,0.230,4344.8,17379.3
SmolLM2-135M,int4,int4,4,512,124108416,4,31.027,32.2,128.9
SmolLM2-135M,int4,int4,4,512,124108416,8,15.514,64.5,257.8
SmolLM2-135M,int4,int4,4,512,124108416,16,7.757,128.9,515.7
SmolLM2-135M,int4,int4,4,512,124108416,32,3.878,257.8,1031.4
SmolLM2-135M,int4,int4,4,512,124108416,64,1.939,515.7,2062.7
SmolLM2-135M,int4,int4,4,512,124108416,128,0.970,1031.4,4125.4
SmolLM2-135M,int4,int4,4,512,124108416,256,0.485,2062.7,8250.9
SmolLM2-135M,int4,int4,4,512,124108416,512,0.242,4125.4,16501.7
SmolLM2-135M,int4,int4,4,1024,136642176,4,34.161,29.3,117.1
SmolLM2-135M,int4,int4,4,1024,136642176,8,17.080,58.5,234.2
SmolLM2-135M,int4,int4,4,1024,136642176,16,8.540,117.1,468.4
SmolLM2-135M,int4,int4,4,1024,136642176,32,4.270,234.2,936.8
SmolLM2-135M,int4,int4,4,1024,136642176,64,2.135,468.4,1873.5
SmolLM2-135M,int4,int4,4,1024,136642176,128,1.068,936.8,3747.0
SmolLM2-135M,int4,int4,4,1024,136642176,256,0.534,1873.5,7494.0
SmolLM2-135M,int4,int4,4,1024,136642176,512,0.267,3747.0,14988.1
SmolLM2-135M,int4,int4,4,2048,161709696,4,40.427,24.7,98.9
SmolLM2-135M,int4,int4,4,2048,161709696,8,20.214,49.5,197.9
SmolLM2-135M,int4,int4,4,2048,161709696,16,10.107,98.9,395.8
SmolLM2-135M,int4,int4,4,2048,161709696,32,5.053,197.9,791.5
SmolLM2-135M,int4,int4,4,2048,161709696,64,2.527,395.8,1583.1
SmolLM2-135M,int4,int4,4,2048,161709696,128,1.263,791.5,3166.2
SmolLM2-135M,int4,int4,4,2048,161709696,256,0.632,1583.1,6332.3
SmolLM2-135M,int4,int4,4,2048,161709696,512,0.316,3166.2,12664.7
SmolLM2-135M,int4,int4,4,4096,211844736,4,52.961,18.9,75.5
SmolLM2-135M,int4,int4,4,4096,211844736,8,26.481,37.8,151.1
SmolLM2-135M,int4,int4,4,4096,211844736,16,13.240,75.5,302.1
SmolLM2-135M,int4,int4,4,4096,211844736,32,6.620,151.1,604.2
SmolLM2-135M,int4,int4,4,4096,211844736,64,3.310,302.1,1208.4
SmolLM2-135M,int4,int4,4,4096,211844736,128,1.655,604.2,2416.9
SmolLM2-135M,int4,int4,4,4096,211844736,256,0.828,1208.4,4833.7
SmolLM2-135M,int4,int4,4,4096,211844736,512,0.414,2416.9,9667.5
SmolLM2-135M,int4,int4,4,8192,312114816,4,78.029,12.8,51.3
SmolLM2-135M,int4,int4,4,8192,312114816,8,39.014,25.6,102.5
SmolLM2-135M,int4,int4,4,8192,312114816,16,19.507,51.3,205.1
SmolLM2-135M,int4,int4,4,8192,312114816,32,9.754,102.5,410.1
SmolLM2-135M,int4,int4,4,8192,312114816,64,4.877,205.1,820.2
SmolLM2-135M,int4,int4,4,8192,312114816,128,2.438,410.1,1640.4
SmolLM2-135M,int4,int4,4,8192,312114816,256,1.219,820.2,3280.8
SmolLM2-135M,int4,int4,4,8192,312114816,512,0.610,1640.4,6561.7
SmolLM2-135M,int4,int4,16,128,124108416,4,31.027,32.2,515.7
SmolLM2-135M,int4,int4,16,128,124108416,8,15.514,64.5,1031.4
SmolLM2-135M,int4,int4,16,128,124108416,16,7.757,128.9,2062.7
SmolLM2-135M,int4,int4,16,128,124108416,32,3.878,257.8,4125.4
SmolLM2-135M,int4,int4,16,128,124108416,64,1.939,515.7,8250.9
SmolLM2-135M,int4,int4,16,128,124108416,128,0.970,1031.4,16501.7
SmolLM2-135M,int4,int4,16,128,124108416,256,0.485,2062.7,33003.4
SmolLM2-135M,int4,int4,16,128,124108416,512,0.242,4125.4,66006.8
SmolLM2-135M,int4,int4,16,256,136642176,4,34.161,29.3,468.4
SmolLM2-135M,int4,int4,16,256,136642176,8,17.080,58.5,936.8
SmolLM2-135M,int4,int4,16,256,136642176,16,8.540,117.1,1873.5
SmolLM2-135M,int4,int4,16,256,136642176,32,4.270,234.2,3747.0
SmolLM2-135M,int4,int4,16,256,136642176,64,2.135,468.4,7494.0
SmolLM2-135M,int4,int4,16,256,136642176,128,1.068,936.8,14988.1
SmolLM2-135M,int4,int4,16,256,136642176,256,0.534,1873.5,29976.1
SmolLM2-135M,int4,int4,16,256,136642176,512,0.267,3747.0,59952.2
SmolLM2-135M,int4,int4,16,512,161709696,4,40.427,24.7,395.8
SmolLM2-135M,int4,int4,16,512,161709696,8,20.214,49.5,791.5
SmolLM2-135M,int4,int4,16,512,161709696,16,10.107,98.9,1583.1
SmolLM2-135M,int4,int4,16,512,161709696,32,5.053,197.9,3166.2
SmolLM2-135M,int4,int4,16,512,161709696,64,2.527,395.8,6332.3
SmolLM2-135M,int4,int4,16,512,161709696,128,1.263,791.5,12664.7
SmolLM2-135M,int4,int4,16,512,161709696,256,0.632,1583.1,25329.3
SmolLM2-135M,int4,int4,16,512,161709696,512,0.316,3166.2,50658.7
SmolLM2-135M,int4,int4,16,1024,211844736,4,52.961,18.9,302.1
SmolLM2-135M,int4,int4,16,1024,211844736,8,26.481,37.8,604.2
SmolLM2-135M,int4,int4,16,1024,211844736,16,13.240,75.5,1208.4
SmolLM2-135M,int4,int4,16,1024,211844736,32,6.620,151.1,2416.9
SmolLM2-135M,int4,int4,16,1024,211844736,64,3.310,302.1,4833.7
SmolLM2-135M,int4,int4,16,1024,211844736,128,1.655,604.2,9667.5
SmolLM2-135M,int4,int4,16,1024,211844736,256,0.828,1208.4,19334.9
SmolLM2-135M,int4,int4,16,1024,211844736,512,0.414,2416.9,38669.8
SmolLM2-135M,int4,int4,16,2048,312114816,4,78.029,12.8,205.1
SmolLM2-135M,int4,int4,16,2048,312114816,8,39.014,25.6,410.1
SmolLM2-135M,int4,int4,16,2048,312114816,16,19.507,51.3,820.2
SmolLM2-135M,int4,int4,16,2048,312114816,32,9.754,102.5,1640.4
SmolLM2-135M,int4,int4,16,2048,312114816,64,4.877,205.1,3280.8
SmolLM2-135M,int4,int4,16,2048,312114816,128,2.438,410.1,6561.7
SmolLM2-135M,int4,int4,16,2048,312114816,256,1.219,820.2,13123.4
SmolLM2-135M,int4,int4,16,2048,312114816,512,0.610,1640.4,26246.8
SmolLM2-135M,int4,int4,16,4096,512654976,4,128.164,7.8,124.8
SmolLM2-135M,int4,int4,16,4096,512654976,8,64.082,15.6,249.7
SmolLM2-135M,int4,int4,16,4096,512654976,16,32.041,31.2,499.4
SmolLM2-135M,int4,int4,16,4096,512654976,32,16.020,62.4,998.7
SmolLM2-135M,int4,int4,16,4096,512654976,64,8.010,124.8,1997.4
SmolLM2-135M,int4,int4,16,4096,512654976,128,4.005,249.7,3994.9
SmolLM2-135M,int4,int4,16,4096,512654976,256,2.003,499.4,7989.8
SmolLM2-135M,int4,int4,16,4096,512654976,512,1.001,998.7,15979.6
SmolLM2-135M,int4,int4,16,8192,913735296,4,228.434,4.4,70.0
SmolLM2-135M,int4,int4,16,8192,913735296,8,114.217,8.8,140.1
SmolLM2-135M,int4,int4,16,8192,913735296,16,57.108,17.5,280.2
SmolLM2-135M,int4,int4,16,8192,913735296,32,28.554,35.0,560.3
SmolLM2-135M,int4,int4,16,8192,913735296,64,14.277,70.0,1120.7
SmolLM2-135M,int4,int4,16,8192,913735296,128,7.139,140.1,2241.3
SmolLM2-135M,int4,int4,16,8192,913735296,256,3.569,280.2,4482.7
SmolLM2-135M,int4,int4,16,8192,913735296,512,1.785,560.3,8965.4
SmolLM2-135M,int4,int4,64,128,161709696,4,40.427,24.7,1583.1
SmolLM2-135M,int4,int4,64,128,161709696,8,20.214,49.5,3166.2
SmolLM2-135M,int4,int4,64,128,161709696,16,10.107,98.9,6332.3
SmolLM2-135M,int4,int4,64,128,161709696,32,5.053,197.9,12664.7
SmolLM2-135M,int4,int4,64,128,161709696,64,2.527,395.8,25329.3
SmolLM2-135M,int4,int4,64,128,161709696,128,1.263,791.5,50658.7
SmolLM2-135M,int4,int4,64,128,161709696,256,0.632,1583.1,101317.4
SmolLM2-135M,int4,int4,64,128,161709696,512,0.316,3166.2,202634.7
SmolLM2-135M,int4,int4,64,256,211844736,4,52.961,18.9,1208.4
SmolLM2-135M,int4,int4,64,256,211844736,8,26.481,37.8,2416.9
SmolLM2-135M,int4,int4,64,256,211844736,16,13.240,75.5,4833.7
SmolLM2-135M,int4,int4,64,256,211844736,32,6.620,151.1,9667.5
SmolLM2-135M,int4,int4,64,256,211844736,64,3.310,302.1,19334.9
SmolLM2-135M,int4,int4,64,256,211844736,128,1.655,604.2,38669.8
SmolLM2-135M,int4,int4,64,256,211844736,256,0.828,1208.4,77339.7
SmolLM2-135M,int4,int4,64,256,211844736,512,0.414,2416.9,154679.3
SmolLM2-135M,int4,int4,64,512,312114816,4,78.029,12.8,820.2
SmolLM2-135M,int4,int4,64,512,312114816,8,39.014,25.6,1640.4
SmolLM2-135M,int4,int4,64,512,312114816,16,19.507,51.3,3280.8
SmolLM2-135M,int4,int4,64,512,312114816,32,9.754,102.5,6561.7
SmolLM2-135M,int4,int4,64,512,312114816,64,4.877,205.1,13123.4
SmolLM2-135M,int4,int4,64,512,312114816,128,2.438,410.1,26246.8
SmolLM2-135M,int4,int4,64,512,312114816,256,1.219,820.2,52493.5
SmolLM2-135M,int4,int4,64,512,312114816,512,0.610,1640.4,104987.0
SmolLM2-135M,int4,int4,64,1024,512654976,4,128.164,7.8,499.4
SmolLM2-135M,int4,int4,64,1024,512654976,8,64.082,15.6,998.7
SmolLM2-135M,int4,int4,64,1024,512654976,16,32.041,31.2,1997.4
SmolLM2-135M,int4,int4,64,1024,512654976,32,16.020,62.4,3994.9
SmolLM2-135M,int4,int4,64,1024,512654976,64,8.010,124.8,7989.8
SmolLM2-135M,int4,int4,64,1024,512654976,128,4.005,249.7,15979.6
SmolLM2-135M,int4,int4,64,1024,512654976,256,2.003,499.4,31959.1
SmolLM2-135M,int4,int4,64,1024,512654976,512,1.001,998.7,63918.2
SmolLM2-135M,int4,int4,64,2048,913735296,4,228.434,4.4,280.2
SmolLM2-135M,int4,int4,64,2048,913735296,8,114.217,8.8,560.3
SmolLM2-135M,int4,int4,64,2048,913735296,16,57.108,17.5,1120.7
SmolLM2-135M,int4,int4,64,2048,913735296,32,28.554,35.0,2241.3
SmolLM2-135M,int4,int4,64,2048,913735296,64,14.277,70.0,4482.7
SmolLM2-135M,int4,int4,64,2048,913735296,128,7.139,140.1,8965.4
SmolLM2-135M,int4,int4,64,2048,913735296,256,3.569,280.2,17930.8
SmolLM2-135M,int4,int4,64,2048,913735296,512,1.785,560.3,35861.6
SmolLM2-135M,int4,int4,64,4096,1715895936,4,428.974,2.3,149.2
SmolLM2-135M,int4,int4,64,4096,1715895936,8,214.487,4.7,298.4
SmolLM2-135M,int4,int4,64,4096,1715895936,16,107.243,9.3,596.8
SmolLM2-135M,int4,int4,64,4096,1715895936,32,53.622,18.6,1193.5
SmolLM2-135M,int4,int4,64,4096,1715895936,64,26.811,37.3,2387.1
SmolLM2-135M,int4,int4,64,4096,1715895936,128,13.405,74.6,4774.2
SmolLM2-135M,int4,int4,64,4096,1715895936,256,6.703,149.2,9548.4
SmolLM2-135M,int4,int4,64,4096,1715895936,512,3.351,298.4,19096.7
SmolLM2-135M,int4,int4,64,8192,3320217216,4,830.054,1.2,77.1
SmolLM2-135M,int4,int4,64,8192,3320217216,8,415.027,2.4,154.2
SmolLM2-135M,int4,int4,64,8192,3320217216,16,207.514,4.8,308.4
SmolLM2-135M,int4,int4,64,8192,3320217216,32,103.757,9.6,616.8
SmolLM2-135M,int4,int4,64,8192,3320217216,64,51.878,19.3,1233.7
SmolLM2-135M,int4,int4,64,8192,3320217216,128,25.939,38.6,2467.3
SmolLM2-135M,int4,int4,64,8192,3320217216,256,12.970,77.1,4934.6
SmolLM2-135M,int4,int4,64,8192,3320217216,512,6.485,154.2,9869.2
